OrderID,CustomerID,OrderDate,Month,Quarter,Category,SubCategory,City,Channel,PaymentMethod,Quantity,UnitPrice,DiscountPct,DiscountAmt,Revenue,Cost,Profit,ProfitMarginPct,IsReturned,ReturnReason,CustomerRating,DeliveryDays
ORD10001,CUST1591,2024-01-01,January,Q1,Fashion,Accessories,Bangalore,Paid Ads,UPI,2,2031.07,0,0.0,4062.14,2476.02,1586.12,39.05,0,,3,10
ORD10002,CUST3881,2024-01-01,January,Q1,Toys,Board Games,Bangalore,Paid Ads,UPI,1,1898.94,0,0.0,1898.94,1072.57,826.37,43.52,1,Size Issue,2,10
ORD10003,CUST1316,2024-01-01,January,Q1,Beauty,Skincare,Kolkata,Organic Search,UPI,1,726.84,10,72.68,654.16,502.34,151.82,23.21,0,,2,7
ORD10004,CUST3461,2024-01-01,January,Q1,Home & Kitchen,Cookware,Delhi,Social Media,Credit Card,2,14176.51,30,8505.91,19847.11,14311.03,5536.08,27.89,1,Wrong Item,3,4
ORD10005,CUST3862,2024-01-01,January,Q1,Electronics,Laptop,Kolkata,Paid Ads,Credit Card,1,47962.93,10,4796.29,43166.64,28632.15,14534.49,33.67,0,,3,9
ORD10006,CUST3798,2024-01-01,January,Q1,Electronics,Camera,Mumbai,Direct,Credit Card,2,14556.31,0,0.0,29112.62,18196.92,10915.7,37.49,0,,3,8
ORD10007,CUST2546,2024-01-01,January,Q1,Electronics,Tablet,Pune,Organic Search,Debit Card,4,28502.92,0,0.0,114011.68,74836.25,39175.43,34.36,0,,3,10
ORD10008,CUST1689,2024-01-01,January,Q1,Books,Children,Pune,Social Media,UPI,1,397.13,0,0.0,397.13,219.11,178.02,44.83,0,,4,9
ORD10009,CUST2654,2024-01-01,January,Q1,Home & Kitchen,Furniture,Mumbai,Email,UPI,2,11264.23,5,1126.42,21402.04,14006.63,7395.41,34.55,0,,4,8
ORD10010,CUST1848,2024-01-01,January,Q1,Beauty,Skincare,Bangalore,Email,Credit Card,1,1070.24,0,0.0,1070.24,562.73,507.51,47.42,0,,4,5
ORD10011,CUST1892,2024-01-01,January,Q1,Electronics,Tablet,Mumbai,Direct,Credit Card,1,49254.48,25,12313.62,36940.86,27526.8,9414.06,25.48,0,,5,9
ORD10012,CUST2287,2024-01-02,January,Q1,Toys,Educational,Chennai,Email,Credit Card,1,812.62,10,81.26,731.36,547.63,183.73,25.12,0,,4,5
ORD10013,CUST2446,2024-01-02,January,Q1,Sports,Fitness Equipment,Bangalore,Referral,Net Banking,1,4187.38,15,628.11,3559.27,2878.73,680.55,19.12,0,,5,8
ORD10014,CUST2659,2024-01-02,January,Q1,Fashion,Footwear,Hyderabad,Paid Ads,UPI,1,2406.64,0,0.0,2406.64,1515.47,891.17,37.03,0,,5,4
ORD10015,CUST2122,2024-01-02,January,Q1,Electronics,Headphones,Mumbai,Social Media,COD,1,62846.07,0,0.0,62846.07,34162.37,28683.7,45.64,1,Size Issue,3,5
ORD10016,CUST2018,2024-01-02,January,Q1,Electronics,Mobile,Delhi,Organic Search,COD,3,64813.86,10,19444.16,174997.42,127362.04,47635.38,27.22,0,,4,11
ORD10017,CUST3928,2024-01-02,January,Q1,Fashion,Womens Clothing,Mumbai,Organic Search,UPI,2,4702.66,20,1881.06,7524.26,4293.22,3231.04,42.94,0,,4,4
ORD10018,CUST2190,2024-01-02,January,Q1,Home & Kitchen,Appliances,Delhi,Organic Search,UPI,5,2593.56,10,1296.78,11671.02,6168.61,5502.41,47.15,0,,4,2
ORD10019,CUST1945,2024-01-02,January,Q1,Fashion,Accessories,Hyderabad,Organic Search,Credit Card,2,3486.84,20,1394.74,5578.94,4291.21,1287.74,23.08,0,,1,4
ORD10020,CUST2554,2024-01-02,January,Q1,Fashion,Womens Clothing,Kolkata,Organic Search,UPI,1,3158.49,20,631.7,2526.79,1651.3,875.5,34.65,0,,5,11
ORD10021,CUST3459,2024-01-02,January,Q1,Home & Kitchen,Cookware,Chennai,Organic Search,Debit Card,1,2313.52,0,0.0,2313.52,1591.35,722.17,31.22,0,,2,5
ORD10022,CUST2923,2024-01-02,January,Q1,Electronics,Tablet,Bangalore,Organic Search,COD,1,5689.14,0,0.0,5689.14,3180.32,2508.82,44.1,0,,5,6
ORD10023,CUST1099,2024-01-02,January,Q1,Fashion,Accessories,Ahmedabad,Direct,Credit Card,1,4335.63,15,650.34,3685.29,2416.43,1268.86,34.43,1,Late Delivery,5,4
ORD10024,CUST3811,2024-01-03,January,Q1,Fashion,Accessories,Chennai,Organic Search,UPI,2,1921.67,5,192.17,3651.17,2381.03,1270.15,34.79,0,,4,11
ORD10025,CUST3307,2024-01-03,January,Q1,Home & Kitchen,Cookware,Ahmedabad,Email,Credit Card,1,12389.3,0,0.0,12389.3,7952.59,4436.71,35.81,0,,3,10
ORD10026,CUST1999,2024-01-03,January,Q1,Sports,Outdoor,Bangalore,Organic Search,COD,1,3319.82,5,165.99,3153.83,1888.61,1265.22,40.12,0,,4,4
ORD10027,CUST3643,2024-01-03,January,Q1,Electronics,Tablet,Delhi,Direct,Debit Card,1,21417.82,5,1070.89,20346.93,10783.88,9563.05,47.0,1,Changed Mind,3,6
ORD10028,CUST3857,2024-01-03,January,Q1,Home & Kitchen,Decor,Mumbai,Direct,UPI,1,10455.73,25,2613.93,7841.8,6726.46,1115.34,14.22,0,,3,7
ORD10029,CUST1264,2024-01-03,January,Q1,Home & Kitchen,Cookware,Chennai,Social Media,UPI,1,2893.44,0,0.0,2893.44,1533.78,1359.66,46.99,0,,5,7
ORD10030,CUST2852,2024-01-03,January,Q1,Electronics,Tablet,Mumbai,Social Media,Debit Card,1,26254.46,0,0.0,26254.46,12963.87,13290.59,50.62,0,,4,4
ORD10031,CUST3920,2024-01-03,January,Q1,Home & Kitchen,Cookware,Delhi,Organic Search,UPI,2,11408.25,10,2281.65,20534.85,13870.38,6664.47,32.45,0,,4,5
ORD10032,CUST1089,2024-01-04,January,Q1,Electronics,Mobile,Bangalore,Referral,Net Banking,1,68684.56,15,10302.68,58381.88,32461.24,25920.63,44.4,1,Late Delivery,5,3
ORD10033,CUST2592,2024-01-04,January,Q1,Electronics,Tablet,Hyderabad,Direct,Credit Card,2,67081.35,10,13416.27,120746.43,92953.04,27793.39,23.02,0,,2,5
ORD10034,CUST3341,2024-01-04,January,Q1,Toys,Dolls,Hyderabad,Direct,COD,1,392.73,25,98.18,294.55,238.82,55.73,18.92,0,,4,10
ORD10035,CUST2413,2024-01-04,January,Q1,Toys,Action Figures,Mumbai,Social Media,UPI,1,1164.38,15,174.66,989.72,810.96,178.76,18.06,0,,4,5
ORD10036,CUST2472,2024-01-04,January,Q1,Sports,Sportswear,Delhi,Paid Ads,COD,3,5272.59,10,1581.78,14235.99,8458.13,5777.86,40.59,1,Wrong Item,4,4
ORD10037,CUST2560,2024-01-04,January,Q1,Fashion,Mens Clothing,Hyderabad,Direct,Debit Card,2,3598.7,0,0.0,7197.4,4986.37,2211.03,30.72,0,,5,6
ORD10038,CUST1083,2024-01-04,January,Q1,Electronics,Mobile,Ahmedabad,Paid Ads,UPI,1,25508.94,10,2550.89,22958.05,12407.31,10550.74,45.96,0,,5,5
ORD10039,CUST3010,2024-01-04,January,Q1,Beauty,Makeup,Chennai,Social Media,COD,3,2573.47,15,1158.06,6562.35,3552.73,3009.62,45.86,1,Changed Mind,4,8
ORD10040,CUST2787,2024-01-04,January,Q1,Fashion,Womens Clothing,Kolkata,Organic Search,Debit Card,1,3082.87,20,616.57,2466.3,1412.71,1053.58,42.72,0,,4,2
ORD10041,CUST3966,2024-01-04,January,Q1,Electronics,Tablet,Pune,Referral,UPI,1,52330.78,25,13082.7,39248.08,29630.61,9617.48,24.5,0,,4,6
ORD10042,CUST2824,2024-01-04,January,Q1,Home & Kitchen,Decor,Hyderabad,Organic Search,Credit Card,2,3863.01,10,772.6,6953.42,3637.03,3316.39,47.69,0,,5,2
ORD10043,CUST2737,2024-01-04,January,Q1,Electronics,Headphones,Mumbai,Organic Search,Credit Card,2,26862.13,10,5372.43,48351.83,31054.88,17296.96,35.77,0,,4,6
ORD10044,CUST1366,2024-01-05,January,Q1,Books,Fiction,Chennai,Social Media,UPI,1,778.22,0,0.0,778.22,413.92,364.3,46.81,0,,3,4
ORD10045,CUST2791,2024-01-05,January,Q1,Fashion,Womens Clothing,Hyderabad,Email,UPI,1,764.66,0,0.0,764.66,408.26,356.4,46.61,1,Damaged Product,2,1
ORD10046,CUST2044,2024-01-05,January,Q1,Beauty,Fragrance,Hyderabad,Social Media,UPI,3,2468.59,0,0.0,7405.77,4509.39,2896.38,39.11,0,,5,6
ORD10047,CUST2426,2024-01-05,January,Q1,Fashion,Footwear,Bangalore,Organic Search,Credit Card,1,1187.16,0,0.0,1187.16,582.63,604.53,50.92,0,,3,3
ORD10048,CUST1936,2024-01-05,January,Q1,Home & Kitchen,Appliances,Bangalore,Organic Search,Debit Card,1,10978.08,5,548.9,10429.18,7043.96,3385.22,32.46,1,Wrong Item,4,7
ORD10049,CUST2102,2024-01-05,January,Q1,Home & Kitchen,Decor,Delhi,Email,Debit Card,1,12842.59,5,642.13,12200.46,7647.86,4552.6,37.31,0,,5,3
ORD10050,CUST2501,2024-01-05,January,Q1,Electronics,Tablet,Bangalore,Referral,UPI,3,75082.47,10,22524.74,202722.67,152883.56,49839.11,24.58,0,,4,10
ORD10051,CUST2064,2024-01-05,January,Q1,Toys,Action Figures,Mumbai,Email,COD,1,907.69,10,90.77,816.92,491.25,325.67,39.87,0,,4,4
ORD10052,CUST2960,2024-01-05,January,Q1,Sports,Fitness Equipment,Pune,Paid Ads,UPI,2,7489.39,10,1497.88,13480.9,10420.42,3060.48,22.7,0,,2,9
ORD10053,CUST1647,2024-01-05,January,Q1,Toys,Board Games,Mumbai,Direct,Credit Card,2,2792.53,10,558.51,5026.55,3317.28,1709.27,34.0,0,,5,7
ORD10054,CUST1690,2024-01-05,January,Q1,Books,Fiction,Mumbai,Paid Ads,COD,1,654.43,0,0.0,654.43,453.75,200.68,30.66,1,Wrong Item,2,4
ORD10055,CUST1897,2024-01-05,January,Q1,Home & Kitchen,Decor,Bangalore,Social Media,UPI,2,12966.26,25,6483.13,19449.39,11845.07,7604.32,39.1,0,,4,2
ORD10056,CUST3398,2024-01-05,January,Q1,Books,Academic,Hyderabad,Paid Ads,UPI,4,622.81,0,0.0,2491.24,1574.45,916.79,36.8,0,,4,5
ORD10057,CUST3641,2024-01-05,January,Q1,Electronics,Headphones,Bangalore,Paid Ads,Credit Card,1,27432.63,25,6858.16,20574.47,17945.2,2629.27,12.78,0,,5,8
ORD10058,CUST3118,2024-01-05,January,Q1,Electronics,Camera,Delhi,Email,UPI,1,66125.91,5,3306.3,62819.61,30635.69,32183.92,51.23,1,Size Issue,2,2
ORD10059,CUST3453,2024-01-05,January,Q1,Electronics,Camera,Hyderabad,Social Media,Credit Card,3,73428.23,10,22028.47,198256.22,131012.65,67243.57,33.92,0,,4,9
ORD10060,CUST3174,2024-01-05,January,Q1,Fashion,Footwear,Delhi,Paid Ads,Debit Card,2,1216.37,0,0.0,2432.74,1582.46,850.28,34.95,0,,3,5
ORD10061,CUST1801,2024-01-05,January,Q1,Fashion,Mens Clothing,Ahmedabad,Organic Search,Credit Card,1,597.05,0,0.0,597.05,352.41,244.64,40.97,0,,4,6
ORD10062,CUST1148,2024-01-05,January,Q1,Fashion,Mens Clothing,Kolkata,Organic Search,Credit Card,2,2265.29,5,226.53,4304.05,2111.04,2193.01,50.95,0,,5,7
ORD10063,CUST2562,2024-01-06,January,Q1,Sports,Fitness Equipment,Bangalore,Social Media,Credit Card,2,4513.16,15,1353.95,7672.37,5626.66,2045.71,26.66,0,,1,9
ORD10064,CUST2493,2024-01-06,January,Q1,Fashion,Accessories,Delhi,Organic Search,Credit Card,2,2630.4,0,0.0,5260.8,2447.06,2813.74,53.49,0,,5,7
ORD10065,CUST1196,2024-01-06,January,Q1,Fashion,Womens Clothing,Chennai,Organic Search,Credit Card,3,2067.38,10,620.21,5581.93,4058.48,1523.45,27.29,1,Not as Described,5,4
ORD10066,CUST1936,2024-01-06,January,Q1,Home & Kitchen,Appliances,Mumbai,Social Media,UPI,1,6357.35,0,0.0,6357.35,2929.2,3428.15,53.92,0,,5,5
ORD10067,CUST1368,2024-01-06,January,Q1,Electronics,Mobile,Bangalore,Social Media,Credit Card,1,10386.74,5,519.34,9867.4,5030.81,4836.59,49.02,0,,4,3
ORD10068,CUST3896,2024-01-06,January,Q1,Sports,Outdoor,Delhi,Email,UPI,2,7404.17,25,3702.08,11106.26,7682.22,3424.03,30.83,0,,4,1
ORD10069,CUST1650,2024-01-07,January,Q1,Electronics,Camera,Kolkata,Social Media,Credit Card,1,26177.31,20,5235.46,20941.85,15924.74,5017.11,23.96,0,,4,3
ORD10070,CUST1378,2024-01-07,January,Q1,Toys,Board Games,Mumbai,Direct,Net Banking,2,2792.27,10,558.45,5026.09,3876.17,1149.91,22.88,0,,5,1
ORD10071,CUST3520,2024-01-07,January,Q1,Sports,Fitness Equipment,Hyderabad,Referral,Net Banking,1,7160.53,0,0.0,7160.53,3433.16,3727.37,52.05,0,,5,5
ORD10072,CUST3848,2024-01-07,January,Q1,Electronics,Mobile,Chennai,Email,Credit Card,1,46100.75,0,0.0,46100.75,22390.07,23710.68,51.43,0,,4,7
ORD10073,CUST3264,2024-01-07,January,Q1,Electronics,Tablet,Bangalore,Social Media,UPI,1,12298.97,25,3074.74,9224.23,6668.72,2555.51,27.7,0,,5,9
ORD10074,CUST1205,2024-01-07,January,Q1,Sports,Fitness Equipment,Mumbai,Paid Ads,Credit Card,2,3572.48,0,0.0,7144.96,4708.92,2436.04,34.09,0,,5,4
ORD10075,CUST2025,2024-01-07,January,Q1,Beauty,Fragrance,Ahmedabad,Referral,Net Banking,2,2415.58,20,966.23,3864.93,2738.34,1126.59,29.15,0,,5,10
ORD10076,CUST1324,2024-01-07,January,Q1,Beauty,Haircare,Bangalore,Organic Search,UPI,1,2624.4,5,131.22,2493.18,1391.99,1101.19,44.17,1,Not as Described,4,10
ORD10077,CUST3151,2024-01-07,January,Q1,Sports,Sportswear,Hyderabad,Organic Search,Credit Card,1,1014.17,30,304.25,709.92,598.67,111.25,15.67,1,Size Issue,5,1
ORD10078,CUST2045,2024-01-07,January,Q1,Electronics,Headphones,Delhi,Paid Ads,Debit Card,1,75093.16,5,3754.66,71338.5,38682.8,32655.7,45.78,0,,5,7
ORD10079,CUST2855,2024-01-07,January,Q1,Fashion,Mens Clothing,Bangalore,Organic Search,Credit Card,2,1868.33,5,186.83,3549.83,2056.25,1493.58,42.07,0,,2,3
ORD10080,CUST1610,2024-01-08,January,Q1,Electronics,Tablet,Bangalore,Referral,Debit Card,1,54097.55,10,5409.76,48687.8,28842.18,19845.62,40.76,0,,5,1
ORD10081,CUST2200,2024-01-08,January,Q1,Books,Fiction,Mumbai,Social Media,UPI,2,525.15,30,315.09,735.21,683.78,51.43,6.99,0,,4,4
ORD10082,CUST1580,2024-01-08,January,Q1,Home & Kitchen,Cookware,Mumbai,Social Media,UPI,1,7074.75,30,2122.43,4952.32,4818.36,133.97,2.71,0,,4,11
ORD10083,CUST2785,2024-01-08,January,Q1,Fashion,Accessories,Pune,Social Media,Debit Card,1,2670.99,15,400.65,2270.34,1709.15,561.19,24.72,0,,5,9
ORD10084,CUST2140,2024-01-08,January,Q1,Electronics,Tablet,Delhi,Paid Ads,Credit Card,2,72291.36,15,21687.41,122895.31,80933.2,41962.11,34.14,0,,4,6
ORD10085,CUST1761,2024-01-08,January,Q1,Fashion,Womens Clothing,Mumbai,Organic Search,Credit Card,1,1443.95,10,144.4,1299.56,831.84,467.72,35.99,1,Late Delivery,5,6
ORD10086,CUST1938,2024-01-08,January,Q1,Fashion,Accessories,Bangalore,Social Media,Credit Card,1,4119.61,15,617.94,3501.67,1982.64,1519.03,43.38,0,,4,7
ORD10087,CUST2677,2024-01-08,January,Q1,Beauty,Skincare,Pune,Email,COD,1,747.83,20,149.57,598.26,476.16,122.11,20.41,0,,4,1
ORD10088,CUST2276,2024-01-08,January,Q1,Beauty,Skincare,Mumbai,Paid Ads,Credit Card,1,2023.47,10,202.35,1821.12,1212.3,608.82,33.43,0,,1,5
ORD10089,CUST1682,2024-01-08,January,Q1,Books,Children,Hyderabad,Email,UPI,1,385.45,10,38.54,346.9,260.41,86.49,24.93,0,,4,4
ORD10090,CUST3132,2024-01-09,January,Q1,Home & Kitchen,Appliances,Mumbai,Organic Search,Debit Card,1,12957.21,10,1295.72,11661.49,6480.58,5180.9,44.43,0,,5,4
ORD10091,CUST1273,2024-01-09,January,Q1,Electronics,Camera,Mumbai,Organic Search,Credit Card,2,12646.09,10,2529.22,22762.96,16185.26,6577.7,28.9,0,,4,7
ORD10092,CUST1949,2024-01-09,January,Q1,Beauty,Haircare,Mumbai,Organic Search,UPI,2,2399.4,20,959.76,3839.04,2980.86,858.18,22.35,1,Not as Described,4,2
ORD10093,CUST1377,2024-01-09,January,Q1,Sports,Sportswear,Pune,Paid Ads,UPI,2,8655.09,5,865.51,16444.67,8940.04,7504.63,45.64,0,,3,5
ORD10094,CUST3543,2024-01-09,January,Q1,Home & Kitchen,Furniture,Mumbai,Direct,Debit Card,1,6147.09,0,0.0,6147.09,3791.8,2355.29,38.32,0,,5,7
ORD10095,CUST1213,2024-01-09,January,Q1,Sports,Sportswear,Mumbai,Direct,UPI,2,9835.66,10,1967.13,17704.19,13398.01,4306.18,24.32,0,,2,3
ORD10096,CUST3345,2024-01-09,January,Q1,Home & Kitchen,Furniture,Bangalore,Paid Ads,UPI,2,10448.12,0,0.0,20896.24,14201.27,6694.97,32.04,0,,5,2
ORD10097,CUST3681,2024-01-09,January,Q1,Home & Kitchen,Cookware,Pune,Social Media,Debit Card,1,3188.77,10,318.88,2869.89,2008.63,861.27,30.01,0,,4,1
ORD10098,CUST1720,2024-01-09,January,Q1,Fashion,Accessories,Delhi,Email,UPI,2,753.49,25,376.74,1130.24,696.25,433.98,38.4,0,,1,5
ORD10099,CUST2180,2024-01-09,January,Q1,Electronics,Camera,Bangalore,Organic Search,UPI,4,31668.79,10,12667.52,114007.64,84627.38,29380.27,25.77,1,Changed Mind,5,5
ORD10100,CUST3244,2024-01-09,January,Q1,Electronics,Camera,Mumbai,Organic Search,Credit Card,1,40540.68,20,8108.14,32432.54,24910.0,7522.54,23.19,0,,4,4
ORD10101,CUST2926,2024-01-09,January,Q1,Electronics,Headphones,Bangalore,Referral,UPI,3,75879.74,0,0.0,227639.22,120104.4,107534.82,47.24,0,,4,8
ORD10102,CUST2733,2024-01-09,January,Q1,Beauty,Fragrance,Hyderabad,Social Media,Credit Card,1,528.57,25,132.14,396.43,262.6,133.83,33.76,1,Changed Mind,5,2
ORD10103,CUST1687,2024-01-10,January,Q1,Fashion,Accessories,Hyderabad,Referral,Credit Card,1,2819.46,10,281.95,2537.51,1350.67,1186.85,46.77,0,,4,4
ORD10104,CUST1967,2024-01-10,January,Q1,Home & Kitchen,Furniture,Delhi,Paid Ads,UPI,1,5606.5,0,0.0,5606.5,2593.34,3013.16,53.74,0,,5,5
ORD10105,CUST1070,2024-01-10,January,Q1,Books,Academic,Delhi,Email,COD,2,431.98,10,86.4,777.56,551.66,225.9,29.05,0,,5,9
ORD10106,CUST1800,2024-01-10,January,Q1,Fashion,Accessories,Mumbai,Organic Search,COD,1,1168.56,25,292.14,876.42,594.75,281.67,32.14,0,,4,3
ORD10107,CUST3468,2024-01-10,January,Q1,Fashion,Footwear,Delhi,Organic Search,Credit Card,3,3751.48,0,0.0,11254.44,5132.74,6121.7,54.39,0,,4,1
ORD10108,CUST3918,2024-01-10,January,Q1,Sports,Outdoor,Mumbai,Social Media,Debit Card,3,2827.51,10,848.25,7634.28,4659.6,2974.67,38.96,0,,3,4
ORD10109,CUST1315,2024-01-10,January,Q1,Fashion,Accessories,Pune,Paid Ads,UPI,2,1034.61,25,517.3,1551.92,1180.8,371.11,23.91,0,,5,10
ORD10110,CUST1275,2024-01-10,January,Q1,Electronics,Laptop,Ahmedabad,Organic Search,Credit Card,1,34748.36,0,0.0,34748.36,17106.88,17641.48,50.77,1,Late Delivery,5,6
ORD10111,CUST1415,2024-01-10,January,Q1,Fashion,Womens Clothing,Ahmedabad,Organic Search,UPI,4,1862.1,10,744.84,6703.56,3433.8,3269.76,48.78,0,,4,7
ORD10112,CUST2102,2024-01-11,January,Q1,Electronics,Tablet,Kolkata,Organic Search,UPI,3,49711.66,10,14913.5,134221.48,74162.05,60059.43,44.75,1,Damaged Product,2,4
ORD10113,CUST1732,2024-01-11,January,Q1,Books,Academic,Hyderabad,Email,COD,1,262.12,5,13.11,249.01,162.46,86.56,34.76,0,,3,4
ORD10114,CUST3187,2024-01-11,January,Q1,Sports,Sportswear,Chennai,Paid Ads,Credit Card,2,7579.4,10,1515.88,13642.92,7133.14,6509.78,47.72,0,,4,6
ORD10115,CUST1508,2024-01-11,January,Q1,Beauty,Makeup,Delhi,Organic Search,Credit Card,2,2372.38,0,0.0,4744.76,2793.52,1951.24,41.12,0,,3,1
ORD10116,CUST2894,2024-01-11,January,Q1,Books,Non-Fiction,Hyderabad,Organic Search,COD,2,794.26,15,238.28,1350.24,772.98,577.26,42.75,1,Not as Described,5,5
ORD10117,CUST3266,2024-01-11,January,Q1,Sports,Fitness Equipment,Bangalore,Organic Search,UPI,1,6871.99,0,0.0,6871.99,3428.59,3443.4,50.11,0,,5,11
ORD10118,CUST2511,2024-01-11,January,Q1,Electronics,Laptop,Bangalore,Social Media,COD,1,11720.84,5,586.04,11134.8,6426.18,4708.62,42.29,0,,5,3
ORD10119,CUST3962,2024-01-11,January,Q1,Books,Academic,Chennai,Organic Search,Credit Card,1,451.39,10,45.14,406.25,214.5,191.75,47.2,0,,1,8
ORD10120,CUST1732,2024-01-11,January,Q1,Home & Kitchen,Decor,Delhi,Email,UPI,1,12418.37,5,620.92,11797.45,6125.99,5671.46,48.07,1,Wrong Item,5,5
ORD10121,CUST1625,2024-01-11,January,Q1,Sports,Sportswear,Delhi,Organic Search,UPI,2,4129.96,5,413.0,7846.92,4437.54,3409.38,43.45,0,,5,7
ORD10122,CUST3185,2024-01-11,January,Q1,Books,Non-Fiction,Kolkata,Organic Search,Credit Card,4,561.02,20,448.82,1795.26,1194.79,600.48,33.45,0,,2,8
ORD10123,CUST1765,2024-01-11,January,Q1,Fashion,Womens Clothing,Mumbai,Direct,UPI,4,2503.03,25,2503.03,7509.09,6380.9,1128.19,15.02,0,,4,8
ORD10124,CUST2006,2024-01-12,January,Q1,Electronics,Camera,Bangalore,Email,UPI,2,5870.18,20,2348.07,9392.29,5502.65,3889.63,41.41,0,,5,2
ORD10125,CUST1035,2024-01-12,January,Q1,Fashion,Footwear,Kolkata,Organic Search,Credit Card,2,1024.82,10,204.96,1844.68,1363.24,481.43,26.1,0,,5,2
ORD10126,CUST2333,2024-01-12,January,Q1,Fashion,Mens Clothing,Hyderabad,Direct,Debit Card,1,1049.23,20,209.85,839.38,686.26,153.13,18.24,0,,3,10
ORD10127,CUST1703,2024-01-12,January,Q1,Sports,Outdoor,Hyderabad,Paid Ads,UPI,2,6593.39,25,3296.7,9890.09,8459.29,1430.79,14.47,0,,2,5
ORD10128,CUST2115,2024-01-12,January,Q1,Books,Children,Delhi,Direct,UPI,1,740.51,5,37.03,703.48,390.5,312.98,44.49,0,,4,3
ORD10129,CUST3102,2024-01-12,January,Q1,Electronics,Camera,Delhi,Social Media,COD,1,21870.13,0,0.0,21870.13,14340.69,7529.44,34.43,0,,5,10
ORD10130,CUST1084,2024-01-12,January,Q1,Home & Kitchen,Appliances,Kolkata,Social Media,Debit Card,2,9133.28,0,0.0,18266.56,9054.74,9211.82,50.43,0,,5,1
ORD10131,CUST3051,2024-01-12,January,Q1,Fashion,Footwear,Hyderabad,Referral,Debit Card,1,4943.07,10,494.31,4448.76,2378.12,2070.64,46.54,0,,3,8
ORD10132,CUST3066,2024-01-13,January,Q1,Fashion,Accessories,Bangalore,Organic Search,Net Banking,1,2657.74,25,664.44,1993.3,1225.85,767.45,38.5,0,,4,6
ORD10133,CUST1232,2024-01-13,January,Q1,Electronics,Mobile,Mumbai,Social Media,COD,3,57029.44,10,17108.83,153979.49,117166.0,36813.49,23.91,0,,5,3
ORD10134,CUST2613,2024-01-13,January,Q1,Fashion,Mens Clothing,Mumbai,Paid Ads,Credit Card,1,925.49,15,138.82,786.67,487.74,298.93,38.0,0,,5,8
ORD10135,CUST1552,2024-01-13,January,Q1,Toys,Action Figures,Ahmedabad,Organic Search,UPI,1,1900.77,0,0.0,1900.77,1291.39,609.38,32.06,0,,5,11
ORD10136,CUST1684,2024-01-13,January,Q1,Fashion,Accessories,Delhi,Organic Search,Credit Card,1,2227.82,0,0.0,2227.82,1154.35,1073.47,48.18,0,,5,1
ORD10137,CUST1198,2024-01-13,January,Q1,Home & Kitchen,Furniture,Hyderabad,Organic Search,Credit Card,1,14999.35,10,1499.94,13499.42,10152.93,3346.48,24.79,0,,3,3
ORD10138,CUST2921,2024-01-13,January,Q1,Beauty,Skincare,Mumbai,Social Media,Debit Card,1,2167.66,25,541.92,1625.74,1465.3,160.45,9.87,0,,5,9
ORD10139,CUST1638,2024-01-14,January,Q1,Fashion,Mens Clothing,Chennai,Social Media,Debit Card,2,1842.64,5,184.26,3501.02,2509.38,991.64,28.32,1,Not as Described,1,6
ORD10140,CUST1541,2024-01-14,January,Q1,Toys,Board Games,Ahmedabad,Social Media,COD,1,638.14,20,127.63,510.51,366.32,144.2,28.25,0,,5,1
ORD10141,CUST1990,2024-01-14,January,Q1,Toys,Educational,Hyderabad,Organic Search,UPI,3,1178.12,0,0.0,3534.36,2355.6,1178.76,33.35,1,Wrong Item,4,9
ORD10142,CUST3494,2024-01-14,January,Q1,Fashion,Womens Clothing,Mumbai,Paid Ads,Net Banking,1,3711.96,10,371.2,3340.76,2552.68,788.08,23.59,0,,5,7
ORD10143,CUST2504,2024-01-14,January,Q1,Home & Kitchen,Decor,Hyderabad,Referral,UPI,1,13043.39,10,1304.34,11739.05,6928.05,4811.0,40.98,1,Late Delivery,5,1
ORD10144,CUST3350,2024-01-14,January,Q1,Fashion,Footwear,Pune,Paid Ads,Debit Card,2,2918.8,20,1167.52,4670.08,3238.23,1431.85,30.66,0,,2,1
ORD10145,CUST2143,2024-01-14,January,Q1,Fashion,Womens Clothing,Bangalore,Social Media,UPI,2,2323.99,0,0.0,4647.98,2927.34,1720.64,37.02,0,,3,5
ORD10146,CUST2894,2024-01-14,January,Q1,Electronics,Mobile,Kolkata,Email,Net Banking,2,57555.64,0,0.0,115111.28,60443.78,54667.5,47.49,0,,4,11
ORD10147,CUST2006,2024-01-14,January,Q1,Home & Kitchen,Decor,Hyderabad,Email,UPI,4,6391.91,0,0.0,25567.64,16323.72,9243.92,36.15,0,,5,4
ORD10148,CUST2863,2024-01-14,January,Q1,Home & Kitchen,Furniture,Kolkata,Social Media,UPI,1,12407.97,25,3101.99,9305.98,5812.8,3493.18,37.54,0,,5,8
ORD10149,CUST1717,2024-01-14,January,Q1,Electronics,Camera,Hyderabad,Direct,Net Banking,1,63760.59,0,0.0,63760.59,37036.91,26723.68,41.91,0,,5,2
ORD10150,CUST3909,2024-01-14,January,Q1,Fashion,Mens Clothing,Mumbai,Paid Ads,Credit Card,3,2885.39,0,0.0,8656.17,4159.97,4496.2,51.94,0,,4,6
ORD10151,CUST1450,2024-01-14,January,Q1,Books,Academic,Delhi,Direct,UPI,1,191.56,10,19.16,172.4,100.25,72.15,41.85,0,,3,8
ORD10152,CUST3922,2024-01-14,January,Q1,Fashion,Accessories,Delhi,Organic Search,COD,1,4267.15,10,426.72,3840.43,2196.12,1644.32,42.82,0,,1,1
ORD10153,CUST2016,2024-01-14,January,Q1,Electronics,Mobile,Kolkata,Paid Ads,Net Banking,1,45423.63,20,9084.73,36338.9,29967.47,6371.44,17.53,0,,3,3
ORD10154,CUST1663,2024-01-14,January,Q1,Home & Kitchen,Furniture,Pune,Organic Search,Credit Card,2,12427.35,25,6213.68,18641.03,12387.07,6253.96,33.55,0,,4,1
ORD10155,CUST3621,2024-01-14,January,Q1,Toys,Dolls,Chennai,Email,UPI,1,2059.59,10,205.96,1853.63,1343.08,510.55,27.54,0,,5,7
ORD10156,CUST3482,2024-01-15,January,Q1,Fashion,Womens Clothing,Delhi,Paid Ads,UPI,1,3890.79,25,972.7,2918.09,2523.14,394.95,13.53,0,,4,1
ORD10157,CUST1173,2024-01-15,January,Q1,Beauty,Makeup,Mumbai,Organic Search,Credit Card,1,780.9,15,117.14,663.76,448.8,214.97,32.39,0,,5,9
ORD10158,CUST1274,2024-01-15,January,Q1,Sports,Sportswear,Chennai,Organic Search,UPI,2,6756.53,0,0.0,13513.06,6870.86,6642.2,49.15,0,,4,8
ORD10159,CUST2545,2024-01-15,January,Q1,Fashion,Mens Clothing,Bangalore,Direct,Debit Card,1,1027.97,25,256.99,770.98,520.9,250.08,32.44,0,,4,11
ORD10160,CUST1556,2024-01-15,January,Q1,Beauty,Fragrance,Delhi,Direct,Debit Card,1,2613.61,15,392.04,2221.57,1479.91,741.66,33.38,0,,4,3
ORD10161,CUST1002,2024-01-15,January,Q1,Fashion,Accessories,Hyderabad,Social Media,Debit Card,2,3628.47,5,362.85,6894.09,3281.6,3612.49,52.4,0,,4,4
ORD10162,CUST2176,2024-01-15,January,Q1,Beauty,Fragrance,Mumbai,Social Media,UPI,4,214.91,15,128.95,730.69,501.03,229.66,31.43,0,,5,9
ORD10163,CUST2887,2024-01-15,January,Q1,Beauty,Makeup,Delhi,Paid Ads,Debit Card,2,1452.25,5,145.22,2759.28,1998.86,760.41,27.56,0,,4,10
ORD10164,CUST3166,2024-01-15,January,Q1,Home & Kitchen,Cookware,Bangalore,Paid Ads,UPI,2,5263.0,0,0.0,10526.0,5143.81,5382.19,51.13,0,,3,6
ORD10165,CUST3006,2024-01-15,January,Q1,Electronics,Mobile,Mumbai,Direct,Debit Card,1,7935.74,15,1190.36,6745.38,4708.56,2036.82,30.2,0,,5,5
ORD10166,CUST3775,2024-01-15,January,Q1,Sports,Sportswear,Ahmedabad,Organic Search,Credit Card,1,5963.27,20,1192.65,4770.62,4117.31,653.31,13.69,0,,5,5
ORD10167,CUST2617,2024-01-15,January,Q1,Fashion,Footwear,Delhi,Paid Ads,Credit Card,1,3436.88,15,515.53,2921.35,2285.97,635.37,21.75,0,,4,1
ORD10168,CUST3254,2024-01-15,January,Q1,Electronics,Laptop,Mumbai,Paid Ads,Credit Card,3,11586.57,0,0.0,34759.71,23031.61,11728.1,33.74,0,,3,1
ORD10169,CUST3217,2024-01-16,January,Q1,Electronics,Camera,Delhi,Paid Ads,UPI,1,24257.04,25,6064.26,18192.78,15899.58,2293.2,12.61,0,,3,3
ORD10170,CUST3974,2024-01-16,January,Q1,Home & Kitchen,Appliances,Pune,Paid Ads,UPI,3,11493.58,0,0.0,34480.74,18180.17,16300.57,47.27,0,,2,2
ORD10171,CUST2654,2024-01-16,January,Q1,Beauty,Haircare,Bangalore,Social Media,Credit Card,5,436.91,5,109.23,2075.32,1469.45,605.88,29.19,1,Late Delivery,2,10
ORD10172,CUST3150,2024-01-16,January,Q1,Electronics,Headphones,Hyderabad,Organic Search,Credit Card,1,14353.78,0,0.0,14353.78,9837.15,4516.63,31.47,0,,5,1
ORD10173,CUST2911,2024-01-16,January,Q1,Home & Kitchen,Furniture,Mumbai,Social Media,UPI,1,5039.81,0,0.0,5039.81,2892.59,2147.22,42.61,0,,2,5
ORD10174,CUST3651,2024-01-16,January,Q1,Fashion,Womens Clothing,Mumbai,Organic Search,Debit Card,1,4848.24,5,242.41,4605.83,2611.47,1994.36,43.3,0,,4,11
ORD10175,CUST3128,2024-01-16,January,Q1,Beauty,Makeup,Bangalore,Organic Search,Net Banking,1,680.49,10,68.05,612.44,376.69,235.75,38.49,0,,4,3
ORD10176,CUST2449,2024-01-16,January,Q1,Electronics,Tablet,Pune,Organic Search,UPI,1,78282.73,20,15656.55,62626.18,41767.88,20858.31,33.31,0,,5,7
ORD10177,CUST3480,2024-01-16,January,Q1,Beauty,Haircare,Kolkata,Email,Debit Card,3,2042.85,30,1838.56,4289.98,3083.3,1206.68,28.13,0,,3,8
ORD10178,CUST3365,2024-01-16,January,Q1,Fashion,Mens Clothing,Mumbai,Paid Ads,Debit Card,1,1617.52,20,323.5,1294.02,977.97,316.04,24.42,0,,4,10
ORD10179,CUST3942,2024-01-16,January,Q1,Toys,Board Games,Bangalore,Social Media,UPI,1,424.65,10,42.46,382.18,250.82,131.37,34.37,0,,3,6
ORD10180,CUST2659,2024-01-16,January,Q1,Electronics,Laptop,Kolkata,Email,Credit Card,1,75934.59,15,11390.19,64544.4,42952.12,21592.28,33.45,0,,3,5
ORD10181,CUST2029,2024-01-16,January,Q1,Fashion,Mens Clothing,Bangalore,Social Media,Credit Card,4,4570.79,20,3656.63,14626.53,8665.51,5961.02,40.75,0,,4,10
ORD10182,CUST3144,2024-01-16,January,Q1,Electronics,Tablet,Pune,Paid Ads,Credit Card,2,27004.76,10,5400.95,48608.57,35064.24,13544.33,27.86,0,,4,5
ORD10183,CUST2669,2024-01-17,January,Q1,Books,Fiction,Mumbai,Paid Ads,UPI,3,497.17,15,223.73,1267.78,736.41,531.38,41.91,0,,1,1
ORD10184,CUST1683,2024-01-17,January,Q1,Books,Children,Ahmedabad,Paid Ads,UPI,5,240.91,10,120.46,1084.1,576.55,507.55,46.82,0,,4,6
ORD10185,CUST3060,2024-01-17,January,Q1,Fashion,Footwear,Chennai,Social Media,Credit Card,1,2706.99,5,135.35,2571.64,1639.81,931.83,36.23,0,,3,6
ORD10186,CUST3046,2024-01-17,January,Q1,Beauty,Makeup,Ahmedabad,Paid Ads,UPI,1,1076.22,10,107.62,968.6,591.56,377.04,38.93,0,,5,3
ORD10187,CUST1517,2024-01-17,January,Q1,Sports,Fitness Equipment,Chennai,Direct,Debit Card,1,9152.44,15,1372.87,7779.57,4255.45,3524.13,45.3,0,,4,4
ORD10188,CUST1149,2024-01-17,January,Q1,Home & Kitchen,Furniture,Delhi,Direct,UPI,1,14954.52,15,2243.18,12711.34,8058.87,4652.47,36.6,0,,5,4
ORD10189,CUST1847,2024-01-17,January,Q1,Home & Kitchen,Decor,Ahmedabad,Organic Search,Credit Card,2,9407.64,5,940.76,17874.52,12097.19,5777.32,32.32,0,,3,6
ORD10190,CUST1300,2024-01-17,January,Q1,Fashion,Mens Clothing,Delhi,Organic Search,UPI,1,2797.66,10,279.77,2517.89,1689.26,828.63,32.91,0,,5,8
ORD10191,CUST3456,2024-01-17,January,Q1,Electronics,Headphones,Delhi,Social Media,Net Banking,1,56594.77,25,14148.69,42446.08,30600.59,11845.48,27.91,0,,4,9
ORD10192,CUST2505,2024-01-17,January,Q1,Books,Children,Chennai,Paid Ads,Credit Card,2,580.7,30,348.42,812.98,578.32,234.66,28.86,0,,3,9
ORD10193,CUST2222,2024-01-17,January,Q1,Books,Non-Fiction,Pune,Organic Search,Debit Card,2,179.08,0,0.0,358.16,217.74,140.42,39.21,0,,5,5
ORD10194,CUST1473,2024-01-17,January,Q1,Beauty,Skincare,Kolkata,Direct,Credit Card,2,302.86,0,0.0,605.72,406.98,198.74,32.81,0,,5,8
ORD10195,CUST3475,2024-01-17,January,Q1,Fashion,Womens Clothing,Delhi,Organic Search,Credit Card,1,1137.5,15,170.62,966.88,695.66,271.22,28.05,0,,5,8
ORD10196,CUST2689,2024-01-17,January,Q1,Fashion,Footwear,Pune,Referral,Debit Card,3,4352.38,5,652.86,12404.28,8529.26,3875.02,31.24,1,Damaged Product,5,10
ORD10197,CUST2567,2024-01-17,January,Q1,Beauty,Skincare,Chennai,Email,COD,1,802.6,0,0.0,802.6,465.81,336.79,41.96,0,,3,4
ORD10198,CUST2539,2024-01-18,January,Q1,Books,Academic,Mumbai,Email,COD,1,237.24,5,11.86,225.38,149.34,76.04,33.74,0,,4,4
ORD10199,CUST2226,2024-01-18,January,Q1,Books,Children,Bangalore,Organic Search,Credit Card,2,508.85,20,203.54,814.16,685.99,128.17,15.74,0,,4,3
ORD10200,CUST2530,2024-01-18,January,Q1,Sports,Sportswear,Delhi,Organic Search,UPI,4,6121.94,15,3673.16,20814.6,15752.85,5061.75,24.32,0,,2,5
ORD10201,CUST1097,2024-01-18,January,Q1,Beauty,Makeup,Delhi,Social Media,UPI,1,976.71,10,97.67,879.04,661.69,217.35,24.73,0,,5,8
ORD10202,CUST2288,2024-01-18,January,Q1,Electronics,Mobile,Ahmedabad,Organic Search,UPI,1,59682.83,10,5968.28,53714.55,33290.18,20424.37,38.02,0,,4,8
ORD10203,CUST2995,2024-01-18,January,Q1,Electronics,Headphones,Hyderabad,Paid Ads,Debit Card,1,36651.13,10,3665.11,32986.02,24778.18,8207.83,24.88,0,,5,9
ORD10204,CUST1813,2024-01-18,January,Q1,Books,Non-Fiction,Chennai,Paid Ads,Credit Card,1,507.4,0,0.0,507.4,307.18,200.22,39.46,0,,4,1
ORD10205,CUST1065,2024-01-19,January,Q1,Home & Kitchen,Furniture,Ahmedabad,Organic Search,UPI,3,4501.58,10,1350.47,12154.27,9014.58,3139.69,25.83,1,Not as Described,4,4
ORD10206,CUST1882,2024-01-19,January,Q1,Electronics,Camera,Delhi,Organic Search,Debit Card,1,53732.67,0,0.0,53732.67,24708.65,29024.02,54.02,1,Wrong Item,2,6
ORD10207,CUST2783,2024-01-19,January,Q1,Electronics,Mobile,Pune,Email,UPI,2,17248.95,10,3449.79,31048.11,21197.69,9850.42,31.73,0,,3,5
ORD10208,CUST3615,2024-01-19,January,Q1,Beauty,Haircare,Bangalore,Organic Search,UPI,2,1476.99,5,147.7,2806.28,1955.52,850.76,30.32,0,,5,4
ORD10209,CUST1602,2024-01-19,January,Q1,Electronics,Tablet,Kolkata,Organic Search,Credit Card,2,75855.54,15,22756.66,128954.42,74877.08,54077.34,41.94,0,,5,11
ORD10210,CUST2842,2024-01-19,January,Q1,Electronics,Camera,Mumbai,Social Media,Credit Card,1,55739.43,10,5573.94,50165.49,34304.65,15860.84,31.62,0,,4,3
ORD10211,CUST3418,2024-01-19,January,Q1,Home & Kitchen,Appliances,Ahmedabad,Referral,COD,1,14150.83,5,707.54,13443.29,9286.32,4156.97,30.92,1,Wrong Item,5,2
ORD10212,CUST1572,2024-01-19,January,Q1,Beauty,Skincare,Delhi,Paid Ads,UPI,1,601.08,0,0.0,601.08,313.76,287.32,47.8,0,,4,9
ORD10213,CUST3658,2024-01-19,January,Q1,Beauty,Makeup,Delhi,Organic Search,COD,1,770.54,0,0.0,770.54,424.81,345.73,44.87,1,Not as Described,5,10
ORD10214,CUST2236,2024-01-19,January,Q1,Fashion,Womens Clothing,Chennai,Social Media,Credit Card,1,3333.06,10,333.31,2999.75,1974.44,1025.32,34.18,0,,3,3
ORD10215,CUST2623,2024-01-20,January,Q1,Beauty,Haircare,Bangalore,Direct,UPI,3,954.32,0,0.0,2862.96,1659.92,1203.04,42.02,0,,4,4
ORD10216,CUST2001,2024-01-20,January,Q1,Fashion,Footwear,Hyderabad,Email,UPI,1,3349.04,0,0.0,3349.04,1539.88,1809.16,54.02,0,,4,1
ORD10217,CUST1582,2024-01-20,January,Q1,Fashion,Footwear,Bangalore,Social Media,COD,2,3405.07,10,681.01,6129.13,3232.56,2896.57,47.26,0,,4,1
ORD10218,CUST1067,2024-01-20,January,Q1,Beauty,Makeup,Chennai,Paid Ads,Credit Card,1,2200.45,15,330.07,1870.38,1045.47,824.91,44.1,0,,3,10
ORD10219,CUST1930,2024-01-20,January,Q1,Beauty,Makeup,Delhi,Social Media,Credit Card,2,1778.2,5,177.82,3378.58,1833.56,1545.02,45.73,0,,4,9
ORD10220,CUST2798,2024-01-20,January,Q1,Sports,Fitness Equipment,Mumbai,Organic Search,Debit Card,5,6653.83,10,3326.92,29942.24,17016.04,12926.19,43.17,0,,4,11
ORD10221,CUST2035,2024-01-20,January,Q1,Beauty,Fragrance,Delhi,Social Media,COD,1,1632.0,25,408.0,1224.0,1037.23,186.77,15.26,0,,2,4
ORD10222,CUST2993,2024-01-20,January,Q1,Home & Kitchen,Cookware,Bangalore,Email,Net Banking,3,3129.41,25,2347.06,7041.17,5568.97,1472.2,20.91,0,,5,10
ORD10223,CUST2635,2024-01-20,January,Q1,Electronics,Mobile,Mumbai,Referral,Net Banking,2,66617.59,5,6661.76,126573.42,85402.95,41170.47,32.53,0,,5,4
ORD10224,CUST2910,2024-01-20,January,Q1,Fashion,Footwear,Delhi,Organic Search,Net Banking,3,1923.62,20,1154.17,4616.69,2697.73,1918.96,41.57,0,,5,6
ORD10225,CUST3919,2024-01-20,January,Q1,Fashion,Accessories,Bangalore,Organic Search,Credit Card,2,4045.03,10,809.01,7281.05,4621.88,2659.17,36.52,0,,4,2
ORD10226,CUST2905,2024-01-20,January,Q1,Fashion,Womens Clothing,Mumbai,Social Media,Credit Card,1,2205.24,30,661.57,1543.67,1170.86,372.81,24.15,0,,2,6
ORD10227,CUST2521,2024-01-20,January,Q1,Toys,Board Games,Hyderabad,Email,Credit Card,1,2902.85,10,290.29,2612.56,1923.09,689.47,26.39,0,,4,7
ORD10228,CUST1838,2024-01-20,January,Q1,Fashion,Mens Clothing,Kolkata,Email,Debit Card,1,1613.74,15,242.06,1371.68,1011.73,359.95,26.24,0,,3,1
ORD10229,CUST2897,2024-01-21,January,Q1,Books,Academic,Mumbai,Organic Search,COD,1,325.58,15,48.84,276.74,217.26,59.48,21.49,0,,4,8
ORD10230,CUST1534,2024-01-21,January,Q1,Beauty,Fragrance,Hyderabad,Organic Search,COD,5,1688.12,10,844.06,7596.54,3896.24,3700.3,48.71,0,,1,6
ORD10231,CUST2703,2024-01-21,January,Q1,Sports,Fitness Equipment,Chennai,Social Media,Credit Card,2,6997.8,15,2099.34,11896.26,8820.11,3076.15,25.86,0,,4,9
ORD10232,CUST1210,2024-01-21,January,Q1,Home & Kitchen,Appliances,Bangalore,Paid Ads,UPI,1,6576.29,0,0.0,6576.29,3847.14,2729.15,41.5,0,,2,4
ORD10233,CUST2005,2024-01-21,January,Q1,Home & Kitchen,Decor,Chennai,Direct,COD,3,5476.88,0,0.0,16430.64,10782.61,5648.03,34.37,0,,1,11
ORD10234,CUST1596,2024-01-21,January,Q1,Home & Kitchen,Decor,Bangalore,Paid Ads,UPI,2,2063.43,5,206.34,3920.52,2380.33,1540.18,39.29,0,,5,2
ORD10235,CUST3621,2024-01-21,January,Q1,Electronics,Mobile,Bangalore,Email,Credit Card,1,73193.4,25,18298.35,54895.05,42821.96,12073.09,21.99,1,Changed Mind,5,9
ORD10236,CUST1414,2024-01-21,January,Q1,Beauty,Makeup,Mumbai,Social Media,UPI,1,2378.6,10,237.86,2140.74,1101.15,1039.59,48.56,0,,4,8
ORD10237,CUST2210,2024-01-21,January,Q1,Fashion,Accessories,Chennai,Email,Debit Card,1,1158.48,10,115.85,1042.63,714.93,327.7,31.43,0,,3,2
ORD10238,CUST2532,2024-01-21,January,Q1,Electronics,Tablet,Chennai,Paid Ads,UPI,3,64857.3,10,19457.19,175114.71,100843.69,74271.02,42.41,1,Damaged Product,5,8
ORD10239,CUST1217,2024-01-21,January,Q1,Beauty,Skincare,Mumbai,Direct,Debit Card,3,966.21,0,0.0,2898.63,1318.65,1579.98,54.51,1,Late Delivery,5,11
ORD10240,CUST2435,2024-01-21,January,Q1,Electronics,Headphones,Delhi,Organic Search,Credit Card,1,12346.01,5,617.3,11728.71,5760.76,5967.95,50.88,0,,5,8
ORD10241,CUST2905,2024-01-21,January,Q1,Toys,Board Games,Ahmedabad,Social Media,Net Banking,1,2944.61,15,441.69,2502.92,2029.78,473.14,18.9,0,,4,5
ORD10242,CUST2583,2024-01-22,January,Q1,Toys,Educational,Bangalore,Organic Search,UPI,2,900.01,30,540.01,1260.01,965.75,294.27,23.35,0,,2,7
ORD10243,CUST3676,2024-01-22,January,Q1,Books,Fiction,Bangalore,Paid Ads,UPI,4,768.66,0,0.0,3074.64,2050.84,1023.8,33.3,0,,2,7
ORD10244,CUST2775,2024-01-22,January,Q1,Fashion,Mens Clothing,Kolkata,Paid Ads,Net Banking,2,4022.3,5,402.23,7642.37,5550.12,2092.25,27.38,0,,5,4
ORD10245,CUST1319,2024-01-22,January,Q1,Electronics,Laptop,Chennai,Organic Search,Credit Card,2,14262.76,0,0.0,28525.52,19563.28,8962.24,31.42,0,,5,6
ORD10246,CUST3450,2024-01-22,January,Q1,Books,Fiction,Hyderabad,Referral,Credit Card,1,492.21,0,0.0,492.21,329.99,162.22,32.96,0,,4,10
ORD10247,CUST2204,2024-01-22,January,Q1,Fashion,Mens Clothing,Pune,Organic Search,COD,1,4439.8,5,221.99,4217.81,2991.14,1226.67,29.08,1,Changed Mind,4,6
ORD10248,CUST2453,2024-01-22,January,Q1,Toys,Board Games,Kolkata,Email,Debit Card,1,1889.83,10,188.98,1700.85,986.97,713.88,41.97,0,,4,6
ORD10249,CUST3099,2024-01-22,January,Q1,Toys,Board Games,Bangalore,Referral,UPI,3,2478.36,0,0.0,7435.08,3627.33,3807.75,51.21,0,,5,9
ORD10250,CUST3259,2024-01-22,January,Q1,Books,Children,Bangalore,Organic Search,Debit Card,1,212.1,0,0.0,212.1,129.34,82.76,39.02,0,,5,2
ORD10251,CUST2954,2024-01-22,January,Q1,Fashion,Mens Clothing,Bangalore,Social Media,Credit Card,3,2070.05,15,931.52,5278.63,3552.37,1726.26,32.7,0,,4,10
ORD10252,CUST1165,2024-01-22,January,Q1,Fashion,Womens Clothing,Ahmedabad,Organic Search,UPI,1,3074.71,30,922.41,2152.3,1459.52,692.77,32.19,1,Not as Described,3,8
ORD10253,CUST2963,2024-01-22,January,Q1,Books,Children,Chennai,Organic Search,Credit Card,3,333.3,5,50.0,949.91,619.32,330.58,34.8,1,Changed Mind,3,8
ORD10254,CUST1277,2024-01-23,January,Q1,Fashion,Mens Clothing,Mumbai,Paid Ads,UPI,1,1719.74,15,257.96,1461.78,1015.88,445.9,30.5,1,Not as Described,5,1
ORD10255,CUST2443,2024-01-23,January,Q1,Electronics,Laptop,Kolkata,Referral,UPI,1,12429.96,0,0.0,12429.96,8275.46,4154.5,33.42,1,Not as Described,5,11
ORD10256,CUST2357,2024-01-23,January,Q1,Home & Kitchen,Cookware,Bangalore,Organic Search,Net Banking,2,1481.08,25,740.54,2221.62,1784.1,437.52,19.69,0,,2,2
ORD10257,CUST1792,2024-01-23,January,Q1,Toys,Dolls,Mumbai,Social Media,UPI,1,1158.59,15,173.79,984.8,687.61,297.19,30.18,0,,3,4
ORD10258,CUST2271,2024-01-23,January,Q1,Beauty,Makeup,Hyderabad,Social Media,Credit Card,4,2305.24,20,1844.19,7376.77,5165.47,2211.3,29.98,0,,4,5
ORD10259,CUST3075,2024-01-23,January,Q1,Home & Kitchen,Cookware,Bangalore,Direct,COD,2,3365.55,0,0.0,6731.1,3807.76,2923.34,43.43,1,Damaged Product,4,5
ORD10260,CUST1679,2024-01-23,January,Q1,Electronics,Mobile,Kolkata,Organic Search,UPI,1,65456.37,10,6545.64,58910.73,45072.95,13837.78,23.49,0,,4,6
ORD10261,CUST1045,2024-01-23,January,Q1,Home & Kitchen,Cookware,Delhi,Social Media,UPI,3,10424.93,10,3127.48,28147.31,15156.12,12991.19,46.15,0,,4,7
ORD10262,CUST1414,2024-01-23,January,Q1,Toys,Action Figures,Pune,Social Media,COD,3,2429.62,0,0.0,7288.86,4093.09,3195.77,43.84,0,,5,1
ORD10263,CUST1597,2024-01-23,January,Q1,Electronics,Laptop,Hyderabad,Social Media,UPI,1,46375.38,0,0.0,46375.38,28472.48,17902.9,38.6,0,,5,7
ORD10264,CUST3912,2024-01-23,January,Q1,Home & Kitchen,Decor,Mumbai,Referral,UPI,4,13324.7,10,5329.88,47968.92,29754.2,18214.72,37.97,0,,3,6
ORD10265,CUST3300,2024-01-23,January,Q1,Books,Fiction,Ahmedabad,Direct,UPI,1,411.72,15,61.76,349.96,214.43,135.54,38.73,0,,4,5
ORD10266,CUST2104,2024-01-23,January,Q1,Beauty,Haircare,Bangalore,Organic Search,Debit Card,1,1858.47,0,0.0,1858.47,969.82,888.65,47.82,0,,2,6
ORD10267,CUST1245,2024-01-23,January,Q1,Beauty,Makeup,Delhi,Paid Ads,Credit Card,2,925.37,10,185.07,1665.67,940.94,724.72,43.51,0,,5,11
ORD10268,CUST1101,2024-01-23,January,Q1,Beauty,Fragrance,Bangalore,Paid Ads,UPI,1,2122.64,0,0.0,2122.64,1137.68,984.96,46.4,0,,5,8
ORD10269,CUST3086,2024-01-24,January,Q1,Fashion,Accessories,Kolkata,Paid Ads,Credit Card,1,3709.5,0,0.0,3709.5,2477.64,1231.86,33.21,0,,3,6
ORD10270,CUST1895,2024-01-24,January,Q1,Fashion,Accessories,Delhi,Paid Ads,Credit Card,1,3459.03,10,345.9,3113.13,1993.46,1119.67,35.97,0,,3,5
ORD10271,CUST3583,2024-01-24,January,Q1,Sports,Sportswear,Mumbai,Paid Ads,Credit Card,1,1855.37,5,92.77,1762.6,946.35,816.25,46.31,0,,2,6
ORD10272,CUST3134,2024-01-24,January,Q1,Sports,Outdoor,Mumbai,Paid Ads,UPI,3,5891.83,5,883.77,16791.72,9653.15,7138.57,42.51,0,,4,9
ORD10273,CUST2520,2024-01-24,January,Q1,Books,Children,Delhi,Referral,Debit Card,2,323.79,5,32.38,615.2,308.54,306.66,49.85,0,,2,1
ORD10274,CUST1098,2024-01-24,January,Q1,Books,Academic,Pune,Organic Search,UPI,5,746.99,10,373.5,3361.46,2524.86,836.6,24.89,0,,4,3
ORD10275,CUST2836,2024-01-24,January,Q1,Home & Kitchen,Cookware,Bangalore,Referral,Debit Card,2,9876.55,10,1975.31,17777.79,10904.69,6873.1,38.66,1,Wrong Item,4,3
ORD10276,CUST2652,2024-01-24,January,Q1,Home & Kitchen,Appliances,Delhi,Paid Ads,UPI,1,6056.14,30,1816.84,4239.3,4209.61,29.69,0.7,1,Changed Mind,4,9
ORD10277,CUST2368,2024-01-24,January,Q1,Sports,Sportswear,Mumbai,Social Media,Debit Card,1,7886.52,5,394.33,7492.19,4234.15,3258.04,43.49,0,,5,3
ORD10278,CUST3510,2024-01-24,January,Q1,Beauty,Skincare,Delhi,Direct,UPI,1,2099.0,15,314.85,1784.15,1383.43,400.72,22.46,0,,4,6
ORD10279,CUST2885,2024-01-24,January,Q1,Beauty,Skincare,Ahmedabad,Paid Ads,Debit Card,3,1371.08,0,0.0,4113.24,2114.6,1998.64,48.59,0,,5,9
ORD10280,CUST2421,2024-01-24,January,Q1,Sports,Sportswear,Delhi,Paid Ads,Net Banking,1,4848.97,10,484.9,4364.07,2274.35,2089.72,47.88,1,Wrong Item,1,10
ORD10281,CUST3546,2024-01-24,January,Q1,Books,Fiction,Ahmedabad,Paid Ads,Net Banking,1,435.32,10,43.53,391.79,199.35,192.44,49.12,0,,2,5
ORD10282,CUST2337,2024-01-24,January,Q1,Fashion,Mens Clothing,Bangalore,Paid Ads,COD,3,2093.01,5,313.95,5965.08,3777.1,2187.98,36.68,0,,4,10
ORD10283,CUST2167,2024-01-24,January,Q1,Fashion,Mens Clothing,Mumbai,Referral,Net Banking,2,2609.0,10,521.8,4696.2,2754.55,1941.65,41.35,0,,4,11
ORD10284,CUST2507,2024-01-24,January,Q1,Electronics,Headphones,Kolkata,Direct,Debit Card,1,26511.47,0,0.0,26511.47,14869.75,11641.72,43.91,0,,1,9
ORD10285,CUST1208,2024-01-24,January,Q1,Home & Kitchen,Cookware,Bangalore,Organic Search,UPI,1,14327.15,0,0.0,14327.15,9379.44,4947.71,34.53,0,,4,9
ORD10286,CUST3117,2024-01-24,January,Q1,Electronics,Headphones,Chennai,Organic Search,UPI,3,44044.6,0,0.0,132133.8,67656.08,64477.72,48.8,0,,4,6
ORD10287,CUST3398,2024-01-25,January,Q1,Home & Kitchen,Decor,Ahmedabad,Paid Ads,UPI,3,11002.23,15,4951.0,28055.69,17399.91,10655.78,37.98,0,,5,8
ORD10288,CUST1505,2024-01-25,January,Q1,Home & Kitchen,Cookware,Mumbai,Organic Search,COD,1,13918.13,15,2087.72,11830.41,9204.53,2625.88,22.2,1,Late Delivery,4,9
ORD10289,CUST2795,2024-01-25,January,Q1,Fashion,Footwear,Mumbai,Social Media,UPI,1,1529.44,0,0.0,1529.44,876.66,652.78,42.68,1,Changed Mind,4,9
ORD10290,CUST2996,2024-01-25,January,Q1,Home & Kitchen,Appliances,Chennai,Organic Search,Net Banking,3,9826.02,5,1473.9,28004.16,19364.62,8639.54,30.85,0,,5,8
ORD10291,CUST2775,2024-01-25,January,Q1,Electronics,Tablet,Delhi,Social Media,Debit Card,2,11520.67,0,0.0,23041.34,12525.71,10515.63,45.64,1,Not as Described,5,4
ORD10292,CUST3105,2024-01-25,January,Q1,Electronics,Tablet,Mumbai,Organic Search,COD,3,27924.61,0,0.0,83773.83,46041.47,37732.36,45.04,0,,4,8
ORD10293,CUST1148,2024-01-25,January,Q1,Sports,Sportswear,Mumbai,Paid Ads,UPI,1,7820.49,15,1173.07,6647.42,3846.0,2801.42,42.14,0,,4,2
ORD10294,CUST3729,2024-01-25,January,Q1,Fashion,Mens Clothing,Mumbai,Social Media,UPI,3,4303.61,10,1291.08,11619.75,8767.57,2852.18,24.55,1,Changed Mind,4,3
ORD10295,CUST3244,2024-01-25,January,Q1,Electronics,Tablet,Pune,Paid Ads,Debit Card,1,52600.75,0,0.0,52600.75,35463.21,17137.54,32.58,0,,3,9
ORD10296,CUST3984,2024-01-25,January,Q1,Home & Kitchen,Furniture,Mumbai,Referral,UPI,1,1889.04,0,0.0,1889.04,1314.87,574.17,30.39,0,,2,10
ORD10297,CUST3319,2024-01-25,January,Q1,Sports,Sportswear,Bangalore,Direct,COD,2,2780.35,20,1112.14,4448.56,3061.79,1386.77,31.17,0,,4,4
ORD10298,CUST3072,2024-01-25,January,Q1,Fashion,Womens Clothing,Hyderabad,Paid Ads,Credit Card,1,921.35,0,0.0,921.35,603.17,318.18,34.53,0,,5,2
ORD10299,CUST1275,2024-01-26,January,Q1,Home & Kitchen,Furniture,Bangalore,Organic Search,UPI,3,8969.5,5,1345.42,25563.08,14900.27,10662.8,41.71,0,,3,3
ORD10300,CUST1628,2024-01-26,January,Q1,Electronics,Tablet,Mumbai,Direct,Debit Card,1,11343.88,15,1701.58,9642.3,6393.12,3249.17,33.7,0,,3,7
ORD10301,CUST2547,2024-01-26,January,Q1,Electronics,Camera,Pune,Direct,Net Banking,3,26438.81,10,7931.64,71384.79,52150.54,19234.25,26.94,1,Size Issue,3,9
ORD10302,CUST2352,2024-01-26,January,Q1,Home & Kitchen,Decor,Mumbai,Direct,UPI,1,14000.16,10,1400.02,12600.14,6920.86,5679.28,45.07,0,,4,7
ORD10303,CUST3705,2024-01-26,January,Q1,Home & Kitchen,Furniture,Pune,Organic Search,Credit Card,2,12278.53,20,4911.41,19645.65,12403.22,7242.42,36.87,0,,4,8
ORD10304,CUST3925,2024-01-26,January,Q1,Beauty,Makeup,Kolkata,Referral,Debit Card,1,229.95,0,0.0,229.95,121.57,108.38,47.13,0,,4,3
ORD10305,CUST2801,2024-01-26,January,Q1,Beauty,Makeup,Bangalore,Organic Search,UPI,2,2855.51,15,856.65,4854.37,3695.29,1159.08,23.88,0,,4,7
ORD10306,CUST3996,2024-01-26,January,Q1,Toys,Action Figures,Bangalore,Email,Credit Card,2,2127.99,0,0.0,4255.98,2311.69,1944.29,45.68,0,,5,1
ORD10307,CUST3959,2024-01-26,January,Q1,Home & Kitchen,Furniture,Bangalore,Direct,UPI,1,14040.67,10,1404.07,12636.6,7575.53,5061.07,40.05,0,,4,6
ORD10308,CUST3601,2024-01-26,January,Q1,Fashion,Mens Clothing,Bangalore,Organic Search,Net Banking,1,1113.93,20,222.79,891.14,779.42,111.72,12.54,0,,4,3
ORD10309,CUST2094,2024-01-26,January,Q1,Sports,Fitness Equipment,Kolkata,Direct,COD,1,5229.15,10,522.92,4706.23,2854.86,1851.37,39.34,1,Late Delivery,5,2
ORD10310,CUST1589,2024-01-26,January,Q1,Fashion,Mens Clothing,Kolkata,Paid Ads,Credit Card,3,3583.05,15,1612.37,9136.78,5502.95,3633.83,39.77,0,,5,4
ORD10311,CUST1582,2024-01-26,January,Q1,Fashion,Accessories,Delhi,Referral,Net Banking,1,3545.48,20,709.1,2836.38,2147.86,688.52,24.27,1,Not as Described,4,11
ORD10312,CUST1804,2024-01-26,January,Q1,Electronics,Camera,Hyderabad,Paid Ads,UPI,1,44930.7,0,0.0,44930.7,29226.07,15704.63,34.95,1,Damaged Product,5,9
ORD10313,CUST1381,2024-01-26,January,Q1,Electronics,Camera,Kolkata,Referral,Credit Card,1,14351.87,15,2152.78,12199.09,6708.09,5491.0,45.01,0,,4,6
ORD10314,CUST3526,2024-01-26,January,Q1,Toys,Action Figures,Ahmedabad,Organic Search,Credit Card,4,337.53,25,337.53,1012.59,816.45,196.14,19.37,0,,4,9
ORD10315,CUST2572,2024-01-26,January,Q1,Sports,Outdoor,Bangalore,Email,Credit Card,1,2306.75,10,230.68,2076.07,1058.65,1017.43,49.01,0,,4,8
ORD10316,CUST2129,2024-01-27,January,Q1,Beauty,Haircare,Bangalore,Social Media,COD,1,2527.91,0,0.0,2527.91,1470.19,1057.72,41.84,0,,4,5
ORD10317,CUST2615,2024-01-27,January,Q1,Fashion,Footwear,Delhi,Paid Ads,Credit Card,2,532.81,0,0.0,1065.62,547.99,517.63,48.58,0,,4,8
ORD10318,CUST1902,2024-01-27,January,Q1,Electronics,Laptop,Ahmedabad,Organic Search,Credit Card,2,36873.42,0,0.0,73746.84,38839.54,34907.3,47.33,1,Not as Described,4,2
ORD10319,CUST1171,2024-01-27,January,Q1,Electronics,Tablet,Mumbai,Email,UPI,1,45074.36,0,0.0,45074.36,25546.97,19527.39,43.32,1,Not as Described,5,8
ORD10320,CUST1180,2024-01-27,January,Q1,Fashion,Womens Clothing,Hyderabad,Organic Search,UPI,5,2052.77,10,1026.38,9237.46,6997.66,2239.81,24.25,1,Wrong Item,4,1
ORD10321,CUST2240,2024-01-27,January,Q1,Home & Kitchen,Furniture,Delhi,Social Media,UPI,2,14917.95,0,0.0,29835.9,18727.0,11108.9,37.23,0,,3,11
ORD10322,CUST1049,2024-01-27,January,Q1,Beauty,Haircare,Delhi,Organic Search,UPI,1,2051.29,0,0.0,2051.29,1403.52,647.77,31.58,0,,1,3
ORD10323,CUST1544,2024-01-27,January,Q1,Beauty,Haircare,Bangalore,Referral,Credit Card,1,2777.29,5,138.86,2638.43,1708.01,930.41,35.26,0,,5,7
ORD10324,CUST1796,2024-01-27,January,Q1,Fashion,Footwear,Ahmedabad,Organic Search,COD,3,4996.26,10,1498.88,13489.9,6771.59,6718.32,49.8,0,,5,4
ORD10325,CUST2713,2024-01-27,January,Q1,Toys,Board Games,Mumbai,Organic Search,Credit Card,1,2851.34,10,285.13,2566.21,1472.42,1093.78,42.62,0,,4,11
ORD10326,CUST3331,2024-01-27,January,Q1,Beauty,Skincare,Hyderabad,Organic Search,UPI,1,2115.42,15,317.31,1798.11,1430.96,367.15,20.42,1,Changed Mind,5,7
ORD10327,CUST1793,2024-01-27,January,Q1,Home & Kitchen,Furniture,Mumbai,Paid Ads,UPI,1,1401.45,0,0.0,1401.45,856.09,545.36,38.91,0,,5,1
ORD10328,CUST2710,2024-01-27,January,Q1,Home & Kitchen,Cookware,Mumbai,Organic Search,Credit Card,2,7170.86,0,0.0,14341.72,9973.4,4368.32,30.46,0,,5,7
ORD10329,CUST1621,2024-01-27,January,Q1,Fashion,Accessories,Bangalore,Paid Ads,Net Banking,2,1258.4,0,0.0,2516.8,1230.69,1286.11,51.1,0,,4,3
ORD10330,CUST2748,2024-01-27,January,Q1,Fashion,Mens Clothing,Bangalore,Direct,UPI,2,4685.83,5,468.58,8903.08,4912.5,3990.58,44.82,0,,4,2
ORD10331,CUST3240,2024-01-28,January,Q1,Fashion,Footwear,Delhi,Email,Credit Card,1,3936.7,0,0.0,3936.7,2128.15,1808.55,45.94,1,Changed Mind,2,9
ORD10332,CUST3327,2024-01-28,January,Q1,Sports,Sportswear,Delhi,Social Media,Net Banking,2,9086.09,15,2725.83,15446.35,9661.05,5785.31,37.45,0,,5,2
ORD10333,CUST2045,2024-01-28,January,Q1,Electronics,Mobile,Mumbai,Organic Search,UPI,2,18111.06,0,0.0,36222.12,18581.87,17640.25,48.7,1,Late Delivery,5,3
ORD10334,CUST1862,2024-01-28,January,Q1,Electronics,Headphones,Delhi,Social Media,UPI,1,32528.82,25,8132.2,24396.62,18244.32,6152.29,25.22,0,,5,3
ORD10335,CUST1002,2024-01-28,January,Q1,Electronics,Mobile,Ahmedabad,Organic Search,UPI,3,14998.91,10,4499.67,40497.06,27473.86,13023.2,32.16,0,,4,4
ORD10336,CUST1271,2024-01-28,January,Q1,Electronics,Laptop,Ahmedabad,Email,COD,1,31496.87,5,1574.84,29922.03,16624.5,13297.53,44.44,0,,4,11
ORD10337,CUST1669,2024-01-28,January,Q1,Books,Children,Delhi,Organic Search,Credit Card,2,183.09,15,54.93,311.25,172.08,139.18,44.71,0,,4,7
ORD10338,CUST1153,2024-01-28,January,Q1,Beauty,Makeup,Hyderabad,Paid Ads,Debit Card,1,1587.42,15,238.11,1349.31,995.52,353.78,26.22,0,,3,7
ORD10339,CUST2087,2024-01-28,January,Q1,Home & Kitchen,Decor,Kolkata,Paid Ads,UPI,2,3220.87,10,644.17,5797.57,3638.0,2159.57,37.25,0,,4,9
ORD10340,CUST3978,2024-01-28,January,Q1,Electronics,Laptop,Mumbai,Direct,Credit Card,4,77729.63,25,77729.63,233188.89,183168.5,50020.39,21.45,0,,2,10
ORD10341,CUST2976,2024-01-28,January,Q1,Home & Kitchen,Furniture,Pune,Organic Search,UPI,5,5599.01,5,1399.75,26595.3,15785.01,10810.28,40.65,1,Wrong Item,5,8
ORD10342,CUST1270,2024-01-28,January,Q1,Home & Kitchen,Cookware,Ahmedabad,Social Media,Debit Card,1,10442.7,20,2088.54,8354.16,7023.65,1330.51,15.93,0,,4,6
ORD10343,CUST1897,2024-01-29,January,Q1,Electronics,Headphones,Mumbai,Organic Search,Debit Card,1,67379.48,5,3368.97,64010.51,39732.75,24277.75,37.93,1,Damaged Product,5,6
ORD10344,CUST2918,2024-01-29,January,Q1,Fashion,Mens Clothing,Mumbai,Email,Credit Card,1,4328.5,20,865.7,3462.8,2946.93,515.87,14.9,1,Size Issue,5,5
ORD10345,CUST1678,2024-01-29,January,Q1,Fashion,Womens Clothing,Ahmedabad,Direct,UPI,3,4360.13,0,0.0,13080.39,7555.81,5524.58,42.24,0,,3,2
ORD10346,CUST3755,2024-01-29,January,Q1,Home & Kitchen,Decor,Bangalore,Paid Ads,COD,2,4918.92,0,0.0,9837.84,5146.64,4691.2,47.69,0,,3,6
ORD10347,CUST3021,2024-01-29,January,Q1,Beauty,Fragrance,Mumbai,Paid Ads,Debit Card,1,1552.75,15,232.91,1319.84,836.72,483.12,36.6,0,,5,6
ORD10348,CUST1467,2024-01-29,January,Q1,Electronics,Tablet,Delhi,Referral,UPI,1,24856.31,0,0.0,24856.31,14429.89,10426.42,41.95,0,,5,5
ORD10349,CUST1327,2024-01-29,January,Q1,Fashion,Footwear,Bangalore,Social Media,Credit Card,4,510.05,0,0.0,2040.2,1188.41,851.79,41.75,1,Not as Described,3,6
ORD10350,CUST3741,2024-01-29,January,Q1,Home & Kitchen,Decor,Chennai,Paid Ads,UPI,1,9762.71,5,488.14,9274.57,6070.79,3203.79,34.54,1,Late Delivery,2,5
ORD10351,CUST2882,2024-01-29,January,Q1,Home & Kitchen,Furniture,Chennai,Social Media,Credit Card,1,6389.42,15,958.41,5431.01,3233.84,2197.17,40.46,0,,4,11
ORD10352,CUST2403,2024-01-29,January,Q1,Books,Academic,Ahmedabad,Social Media,UPI,1,749.99,20,150.0,599.99,461.03,138.97,23.16,0,,4,4
ORD10353,CUST3526,2024-01-29,January,Q1,Beauty,Makeup,Delhi,Organic Search,UPI,1,2801.51,15,420.23,2381.28,1805.99,575.3,24.16,0,,3,3
ORD10354,CUST3981,2024-01-29,January,Q1,Electronics,Tablet,Bangalore,Direct,COD,2,76935.12,20,30774.05,123096.19,95268.45,27827.74,22.61,0,,5,1
ORD10355,CUST2524,2024-01-29,January,Q1,Electronics,Laptop,Bangalore,Paid Ads,Debit Card,4,43664.68,10,17465.87,157192.85,99635.29,57557.55,36.62,0,,4,11
ORD10356,CUST2920,2024-01-30,January,Q1,Beauty,Skincare,Bangalore,Organic Search,UPI,3,2701.57,0,0.0,8104.71,5656.44,2448.27,30.21,0,,4,4
ORD10357,CUST2057,2024-01-30,January,Q1,Electronics,Headphones,Mumbai,Email,UPI,1,75156.08,0,0.0,75156.08,41426.28,33729.8,44.88,0,,5,9
ORD10358,CUST3363,2024-01-30,January,Q1,Home & Kitchen,Furniture,Ahmedabad,Paid Ads,Net Banking,3,13473.41,10,4042.02,36378.21,19266.21,17112.0,47.04,0,,4,7
ORD10359,CUST3287,2024-01-30,January,Q1,Toys,Board Games,Kolkata,Organic Search,Debit Card,1,2590.55,5,129.53,2461.02,1697.78,763.24,31.01,0,,5,7
ORD10360,CUST3244,2024-01-30,January,Q1,Home & Kitchen,Appliances,Bangalore,Social Media,Debit Card,1,1616.45,0,0.0,1616.45,813.16,803.29,49.69,0,,3,7
ORD10361,CUST2354,2024-01-30,January,Q1,Fashion,Footwear,Hyderabad,Direct,COD,5,526.51,10,263.26,2369.3,1654.09,715.21,30.19,0,,3,4
ORD10362,CUST3586,2024-01-30,January,Q1,Beauty,Makeup,Delhi,Direct,Credit Card,1,1488.99,15,223.35,1265.64,736.67,528.97,41.79,0,,2,7
ORD10363,CUST3723,2024-01-30,January,Q1,Home & Kitchen,Furniture,Hyderabad,Referral,Credit Card,1,5036.58,5,251.83,4784.75,2287.71,2497.04,52.19,0,,4,11
ORD10364,CUST2337,2024-01-30,January,Q1,Home & Kitchen,Decor,Chennai,Direct,Credit Card,5,2321.73,20,2321.73,9286.92,5687.65,3599.27,38.76,0,,5,2
ORD10365,CUST3157,2024-01-30,January,Q1,Toys,Dolls,Bangalore,Organic Search,COD,1,1244.25,15,186.64,1057.61,677.18,380.43,35.97,0,,5,8
ORD10366,CUST1637,2024-01-30,January,Q1,Fashion,Accessories,Ahmedabad,Paid Ads,Credit Card,2,3750.95,15,1125.29,6376.62,3575.81,2800.8,43.92,1,Wrong Item,5,10
ORD10367,CUST3735,2024-01-30,January,Q1,Toys,Dolls,Hyderabad,Email,COD,4,1385.58,30,1662.7,3879.62,2767.94,1111.68,28.65,1,Damaged Product,4,8
ORD10368,CUST3793,2024-01-30,January,Q1,Books,Academic,Delhi,Paid Ads,UPI,1,155.76,0,0.0,155.76,99.87,55.89,35.88,1,Late Delivery,5,9
ORD10369,CUST3935,2024-01-31,January,Q1,Electronics,Headphones,Pune,Social Media,Credit Card,1,37310.29,10,3731.03,33579.26,23970.78,9608.49,28.61,0,,4,5
ORD10370,CUST3415,2024-01-31,January,Q1,Electronics,Tablet,Mumbai,Social Media,Debit Card,1,19815.83,20,3963.17,15852.66,12966.93,2885.74,18.2,0,,1,10
ORD10371,CUST3130,2024-01-31,January,Q1,Electronics,Camera,Bangalore,Paid Ads,Credit Card,1,44682.24,10,4468.22,40214.02,29503.18,10710.83,26.63,0,,4,8
ORD10372,CUST3795,2024-01-31,January,Q1,Electronics,Mobile,Delhi,Direct,UPI,1,72388.25,15,10858.24,61530.01,40183.37,21346.65,34.69,0,,4,2
ORD10373,CUST2142,2024-01-31,January,Q1,Electronics,Laptop,Bangalore,Social Media,UPI,2,35803.93,5,3580.39,68027.47,47754.38,20273.09,29.8,0,,3,10
ORD10374,CUST3432,2024-01-31,January,Q1,Beauty,Skincare,Pune,Paid Ads,UPI,1,2756.71,10,275.67,2481.04,1602.98,878.06,35.39,0,,3,10
ORD10375,CUST2004,2024-01-31,January,Q1,Electronics,Headphones,Bangalore,Referral,Credit Card,1,5518.28,0,0.0,5518.28,3132.45,2385.83,43.24,0,,3,8
ORD10376,CUST1926,2024-01-31,January,Q1,Fashion,Womens Clothing,Pune,Paid Ads,UPI,2,3962.51,30,2377.51,5547.51,4989.86,557.65,10.05,0,,4,10
ORD10377,CUST1091,2024-01-31,January,Q1,Sports,Sportswear,Hyderabad,Organic Search,COD,2,2876.28,20,1150.51,4602.05,2896.15,1705.9,37.07,0,,3,9
ORD10378,CUST2777,2024-01-31,January,Q1,Electronics,Laptop,Delhi,Social Media,UPI,3,40302.4,20,24181.44,96725.76,78272.22,18453.54,19.08,0,,5,6
ORD10379,CUST2979,2024-01-31,January,Q1,Sports,Outdoor,Pune,Email,COD,1,4055.94,15,608.39,3447.55,2260.64,1186.9,34.43,0,,4,6
ORD10380,CUST2114,2024-01-31,January,Q1,Fashion,Mens Clothing,Delhi,Email,Credit Card,3,2140.23,0,0.0,6420.69,3093.64,3327.05,51.82,0,,4,4
ORD10381,CUST2344,2024-01-31,January,Q1,Electronics,Mobile,Delhi,Email,COD,2,71914.5,0,0.0,143829.0,69013.18,74815.82,52.02,0,,5,8
ORD10382,CUST3084,2024-01-31,January,Q1,Beauty,Skincare,Bangalore,Email,Debit Card,1,1702.0,20,340.4,1361.6,836.07,525.53,38.6,0,,4,7
ORD10383,CUST2231,2024-01-31,January,Q1,Home & Kitchen,Cookware,Delhi,Organic Search,Credit Card,1,4626.64,5,231.33,4395.31,3112.08,1283.23,29.2,0,,4,9
ORD10384,CUST3043,2024-01-31,January,Q1,Books,Children,Mumbai,Direct,COD,1,793.09,0,0.0,793.09,553.37,239.72,30.23,1,Not as Described,5,1
ORD10385,CUST3966,2024-02-01,February,Q1,Beauty,Haircare,Hyderabad,Direct,Net Banking,2,2037.58,10,407.52,3667.64,2197.5,1470.14,40.08,0,,4,10
ORD10386,CUST2657,2024-02-01,February,Q1,Sports,Fitness Equipment,Bangalore,Organic Search,UPI,1,4673.89,5,233.69,4440.2,2444.61,1995.58,44.94,0,,5,8
ORD10387,CUST1210,2024-02-01,February,Q1,Fashion,Footwear,Bangalore,Organic Search,Credit Card,4,1129.43,15,677.66,3840.06,2280.06,1560.0,40.62,1,Late Delivery,4,8
ORD10388,CUST3423,2024-02-01,February,Q1,Electronics,Camera,Ahmedabad,Referral,Debit Card,2,61031.83,10,12206.37,109857.29,80068.16,29789.13,27.12,0,,3,9
ORD10389,CUST2230,2024-02-01,February,Q1,Sports,Sportswear,Hyderabad,Direct,UPI,4,555.2,15,333.12,1887.68,1115.51,772.17,40.91,0,,4,7
ORD10390,CUST2055,2024-02-01,February,Q1,Sports,Outdoor,Kolkata,Direct,COD,1,8893.97,20,1778.79,7115.18,6056.99,1058.18,14.87,0,,3,9
ORD10391,CUST1436,2024-02-01,February,Q1,Toys,Board Games,Mumbai,Direct,Credit Card,1,2214.89,0,0.0,2214.89,1366.23,848.66,38.32,0,,3,10
ORD10392,CUST1606,2024-02-01,February,Q1,Fashion,Footwear,Hyderabad,Social Media,COD,1,998.0,5,49.9,948.1,672.93,275.17,29.02,0,,2,8
ORD10393,CUST3273,2024-02-01,February,Q1,Fashion,Accessories,Kolkata,Social Media,Debit Card,1,1782.05,5,89.1,1692.95,1048.74,644.21,38.05,0,,3,9
ORD10394,CUST1915,2024-02-01,February,Q1,Sports,Fitness Equipment,Hyderabad,Social Media,COD,3,1769.96,30,1592.96,3716.92,3306.3,410.61,11.05,1,Wrong Item,5,9
ORD10395,CUST1896,2024-02-01,February,Q1,Fashion,Footwear,Chennai,Organic Search,Net Banking,1,2394.75,5,119.74,2275.01,1448.5,826.51,36.33,0,,5,1
ORD10396,CUST2018,2024-02-01,February,Q1,Toys,Board Games,Delhi,Email,Debit Card,1,1194.28,5,59.71,1134.57,785.6,348.97,30.76,0,,5,3
ORD10397,CUST2901,2024-02-01,February,Q1,Books,Children,Mumbai,Social Media,Debit Card,1,170.54,15,25.58,144.96,112.38,32.58,22.47,0,,3,6
ORD10398,CUST1627,2024-02-01,February,Q1,Fashion,Mens Clothing,Bangalore,Social Media,COD,1,3497.92,5,174.9,3323.02,2089.83,1233.2,37.11,0,,4,11
ORD10399,CUST1403,2024-02-01,February,Q1,Sports,Outdoor,Bangalore,Social Media,UPI,3,9509.57,25,7132.18,21396.53,17349.08,4047.46,18.92,0,,3,7
ORD10400,CUST3856,2024-02-02,February,Q1,Sports,Outdoor,Kolkata,Paid Ads,UPI,2,9617.14,20,3846.86,15387.42,13088.33,2299.09,14.94,0,,4,4
ORD10401,CUST3220,2024-02-02,February,Q1,Electronics,Camera,Delhi,Organic Search,UPI,2,78719.65,10,15743.93,141695.37,107447.07,34248.3,24.17,1,Wrong Item,5,10
ORD10402,CUST3071,2024-02-02,February,Q1,Books,Fiction,Ahmedabad,Organic Search,Credit Card,1,227.21,10,22.72,204.49,139.98,64.51,31.55,0,,1,2
ORD10403,CUST2486,2024-02-02,February,Q1,Home & Kitchen,Furniture,Ahmedabad,Organic Search,COD,4,7744.76,0,0.0,30979.04,14000.62,16978.42,54.81,1,Damaged Product,5,4
ORD10404,CUST2690,2024-02-02,February,Q1,Sports,Sportswear,Delhi,Organic Search,Credit Card,2,5207.89,15,1562.37,8853.41,4958.98,3894.43,43.99,0,,5,6
ORD10405,CUST2637,2024-02-02,February,Q1,Fashion,Womens Clothing,Delhi,Referral,Net Banking,1,3567.81,15,535.17,3032.64,2370.76,661.88,21.83,0,,5,4
ORD10406,CUST2717,2024-02-02,February,Q1,Books,Non-Fiction,Kolkata,Organic Search,Debit Card,1,232.83,5,11.64,221.19,109.7,111.48,50.4,0,,4,10
ORD10407,CUST3320,2024-02-02,February,Q1,Fashion,Accessories,Ahmedabad,Organic Search,UPI,3,3879.9,0,0.0,11639.7,5859.19,5780.51,49.66,0,,5,2
ORD10408,CUST2356,2024-02-02,February,Q1,Electronics,Laptop,Bangalore,Social Media,Debit Card,2,63525.31,25,31762.66,95287.96,64495.55,30792.41,32.32,0,,5,9
ORD10409,CUST2225,2024-02-02,February,Q1,Books,Non-Fiction,Delhi,Social Media,Debit Card,2,409.92,5,40.99,778.85,491.95,286.9,36.84,0,,5,1
ORD10410,CUST1332,2024-02-02,February,Q1,Electronics,Camera,Bangalore,Organic Search,Debit Card,1,59449.59,15,8917.44,50532.15,35322.46,15209.69,30.1,0,,4,10
ORD10411,CUST1993,2024-02-02,February,Q1,Fashion,Womens Clothing,Chennai,Email,UPI,1,3838.52,0,0.0,3838.52,2005.07,1833.45,47.76,1,Late Delivery,4,7
ORD10412,CUST1665,2024-02-02,February,Q1,Toys,Dolls,Delhi,Email,UPI,2,2529.23,5,252.92,4805.54,2538.86,2266.68,47.17,0,,4,9
ORD10413,CUST3552,2024-02-02,February,Q1,Toys,Educational,Chennai,Organic Search,COD,2,654.83,20,261.93,1047.73,839.67,208.06,19.86,0,,5,3
ORD10414,CUST2970,2024-02-03,February,Q1,Home & Kitchen,Cookware,Mumbai,Paid Ads,Debit Card,1,14399.04,5,719.95,13679.09,9846.99,3832.1,28.01,0,,5,11
ORD10415,CUST3715,2024-02-03,February,Q1,Beauty,Haircare,Mumbai,Referral,UPI,2,2419.6,10,483.92,4355.28,2241.52,2113.76,48.53,0,,4,6
ORD10416,CUST1271,2024-02-03,February,Q1,Fashion,Accessories,Bangalore,Direct,UPI,1,1067.56,0,0.0,1067.56,515.95,551.61,51.67,0,,5,9
ORD10417,CUST2285,2024-02-03,February,Q1,Fashion,Womens Clothing,Delhi,Social Media,Credit Card,2,2048.54,5,204.85,3892.23,2501.44,1390.79,35.73,1,Damaged Product,5,9
ORD10418,CUST1233,2024-02-03,February,Q1,Fashion,Mens Clothing,Delhi,Organic Search,Debit Card,4,561.42,25,561.42,1684.26,1462.19,222.07,13.19,0,,3,4
ORD10419,CUST2784,2024-02-03,February,Q1,Beauty,Makeup,Bangalore,Paid Ads,UPI,3,2116.43,10,634.93,5714.36,4113.05,1601.31,28.02,0,,4,8
ORD10420,CUST2662,2024-02-03,February,Q1,Sports,Outdoor,Delhi,Social Media,Debit Card,1,994.38,25,248.6,745.78,626.38,119.4,16.01,0,,4,8
ORD10421,CUST2770,2024-02-03,February,Q1,Sports,Fitness Equipment,Mumbai,Organic Search,Debit Card,1,8383.44,25,2095.86,6287.58,5632.47,655.11,10.42,0,,5,11
ORD10422,CUST1630,2024-02-03,February,Q1,Sports,Fitness Equipment,Delhi,Paid Ads,UPI,3,4581.82,25,3436.36,10309.09,6932.35,3376.75,32.76,0,,4,7
ORD10423,CUST2696,2024-02-03,February,Q1,Electronics,Laptop,Ahmedabad,Social Media,Credit Card,2,49781.51,20,19912.6,79650.42,47473.91,32176.5,40.4,0,,5,6
ORD10424,CUST2938,2024-02-04,February,Q1,Home & Kitchen,Decor,Bangalore,Paid Ads,UPI,1,914.01,0,0.0,914.01,551.92,362.09,39.62,0,,4,3
ORD10425,CUST1125,2024-02-04,February,Q1,Electronics,Tablet,Bangalore,Email,Net Banking,4,41014.48,25,41014.48,123043.44,107551.28,15492.16,12.59,0,,2,4
ORD10426,CUST2367,2024-02-04,February,Q1,Home & Kitchen,Appliances,Hyderabad,Direct,UPI,1,4807.57,0,0.0,4807.57,2862.96,1944.61,40.45,0,,2,9
ORD10427,CUST2517,2024-02-04,February,Q1,Fashion,Accessories,Ahmedabad,Paid Ads,UPI,1,871.77,0,0.0,871.77,602.17,269.6,30.93,0,,2,10
ORD10428,CUST1484,2024-02-04,February,Q1,Books,Fiction,Delhi,Direct,Credit Card,1,428.82,0,0.0,428.82,278.26,150.56,35.11,0,,1,7
ORD10429,CUST2261,2024-02-04,February,Q1,Fashion,Mens Clothing,Chennai,Organic Search,COD,1,3279.26,5,163.96,3115.3,2050.19,1065.11,34.19,1,Damaged Product,4,11
ORD10430,CUST1965,2024-02-04,February,Q1,Electronics,Headphones,Chennai,Direct,Debit Card,1,59693.64,10,5969.36,53724.28,27761.38,25962.89,48.33,0,,4,8
ORD10431,CUST2992,2024-02-04,February,Q1,Electronics,Mobile,Hyderabad,Organic Search,UPI,3,19014.52,5,2852.18,54191.38,27206.1,26985.28,49.8,0,,2,6
ORD10432,CUST3014,2024-02-04,February,Q1,Sports,Sportswear,Mumbai,Organic Search,Net Banking,1,3170.82,0,0.0,3170.82,2049.01,1121.81,35.38,0,,4,1
ORD10433,CUST2623,2024-02-04,February,Q1,Home & Kitchen,Decor,Chennai,Social Media,UPI,1,2433.28,10,243.33,2189.95,1215.57,974.38,44.49,0,,4,11
ORD10434,CUST3410,2024-02-04,February,Q1,Electronics,Headphones,Mumbai,Paid Ads,UPI,3,24764.8,5,3714.72,70579.68,33968.05,36611.63,51.87,0,,3,9
ORD10435,CUST1876,2024-02-04,February,Q1,Electronics,Camera,Hyderabad,Direct,Debit Card,2,57571.68,15,17271.5,97871.86,78031.52,19840.33,20.27,0,,4,11
ORD10436,CUST2660,2024-02-04,February,Q1,Beauty,Haircare,Chennai,Paid Ads,Credit Card,2,2065.73,0,0.0,4131.46,2779.24,1352.22,32.73,0,,5,3
ORD10437,CUST2761,2024-02-05,February,Q1,Electronics,Tablet,Delhi,Paid Ads,UPI,1,37186.92,0,0.0,37186.92,18765.3,18421.62,49.54,1,Wrong Item,1,3
ORD10438,CUST1963,2024-02-05,February,Q1,Sports,Sportswear,Pune,Social Media,Credit Card,3,5001.98,0,0.0,15005.94,9679.61,5326.33,35.49,0,,3,9
ORD10439,CUST2173,2024-02-05,February,Q1,Beauty,Fragrance,Mumbai,Paid Ads,UPI,1,2391.61,5,119.58,2272.03,1104.91,1167.12,51.37,0,,5,4
ORD10440,CUST1996,2024-02-05,February,Q1,Electronics,Headphones,Pune,Paid Ads,Credit Card,1,12729.87,10,1272.99,11456.88,6635.63,4821.25,42.08,0,,5,8
ORD10441,CUST3500,2024-02-05,February,Q1,Electronics,Camera,Bangalore,Social Media,COD,1,59784.25,10,5978.42,53805.82,36224.28,17581.55,32.68,0,,4,11
ORD10442,CUST1675,2024-02-05,February,Q1,Toys,Action Figures,Delhi,Email,Credit Card,1,1949.97,5,97.5,1852.47,1249.53,602.94,32.55,0,,4,4
ORD10443,CUST2376,2024-02-05,February,Q1,Fashion,Footwear,Mumbai,Direct,UPI,1,1349.01,5,67.45,1281.56,610.56,671.0,52.36,0,,5,2
ORD10444,CUST1652,2024-02-05,February,Q1,Fashion,Accessories,Ahmedabad,Referral,UPI,2,4346.92,5,434.69,8259.15,4621.23,3637.92,44.05,0,,5,5
ORD10445,CUST3449,2024-02-05,February,Q1,Sports,Fitness Equipment,Mumbai,Organic Search,UPI,1,6474.63,30,1942.39,4532.24,3260.54,1271.71,28.06,0,,4,11
ORD10446,CUST2339,2024-02-05,February,Q1,Toys,Dolls,Mumbai,Email,Debit Card,2,701.56,0,0.0,1403.12,981.76,421.36,30.03,0,,4,3
ORD10447,CUST3430,2024-02-05,February,Q1,Toys,Educational,Delhi,Paid Ads,UPI,1,625.25,20,125.05,500.2,386.25,113.95,22.78,0,,4,4
ORD10448,CUST2543,2024-02-05,February,Q1,Sports,Outdoor,Hyderabad,Social Media,Debit Card,1,4312.19,15,646.83,3665.36,2377.82,1287.54,35.13,0,,2,3
ORD10449,CUST1339,2024-02-05,February,Q1,Fashion,Accessories,Hyderabad,Paid Ads,Debit Card,1,1732.38,0,0.0,1732.38,812.34,920.04,53.11,0,,5,1
ORD10450,CUST1412,2024-02-05,February,Q1,Electronics,Tablet,Mumbai,Referral,Debit Card,4,19413.3,30,23295.96,54357.24,46566.11,7791.13,14.33,0,,4,4
ORD10451,CUST1336,2024-02-05,February,Q1,Sports,Sportswear,Delhi,Email,UPI,3,1888.99,15,850.05,4816.92,3459.26,1357.66,28.19,0,,4,9
ORD10452,CUST1337,2024-02-05,February,Q1,Home & Kitchen,Cookware,Delhi,Referral,Credit Card,4,1050.79,15,630.47,3572.69,2749.29,823.39,23.05,0,,5,7
ORD10453,CUST1034,2024-02-06,February,Q1,Fashion,Womens Clothing,Delhi,Direct,Net Banking,2,1398.4,5,139.84,2656.96,1460.33,1196.63,45.04,0,,2,6
ORD10454,CUST1614,2024-02-06,February,Q1,Books,Children,Bangalore,Direct,UPI,2,711.83,10,142.37,1281.29,989.95,291.34,22.74,0,,1,10
ORD10455,CUST3213,2024-02-06,February,Q1,Electronics,Laptop,Chennai,Email,Credit Card,2,33526.45,0,0.0,67052.9,37540.67,29512.23,44.01,0,,4,9
ORD10456,CUST2755,2024-02-06,February,Q1,Home & Kitchen,Furniture,Delhi,Paid Ads,UPI,2,8254.59,0,0.0,16509.18,8650.58,7858.6,47.6,0,,4,4
ORD10457,CUST3017,2024-02-06,February,Q1,Electronics,Mobile,Delhi,Organic Search,COD,1,57511.91,20,11502.38,46009.53,30890.36,15119.17,32.86,0,,5,6
ORD10458,CUST1378,2024-02-06,February,Q1,Home & Kitchen,Decor,Bangalore,Paid Ads,Credit Card,1,14717.77,20,2943.55,11774.22,8534.78,3239.43,27.51,0,,2,3
ORD10459,CUST3856,2024-02-06,February,Q1,Electronics,Laptop,Ahmedabad,Organic Search,UPI,1,21633.14,0,0.0,21633.14,14800.86,6832.28,31.58,0,,4,3
ORD10460,CUST3654,2024-02-06,February,Q1,Electronics,Laptop,Ahmedabad,Social Media,UPI,1,36955.69,15,5543.35,31412.34,23422.14,7990.2,25.44,0,,3,10
ORD10461,CUST1622,2024-02-06,February,Q1,Electronics,Laptop,Pune,Social Media,Credit Card,1,9601.23,15,1440.18,8161.05,5705.79,2455.25,30.09,0,,5,10
ORD10462,CUST1210,2024-02-07,February,Q1,Beauty,Haircare,Delhi,Social Media,COD,1,1395.8,0,0.0,1395.8,684.92,710.88,50.93,0,,3,8
ORD10463,CUST1008,2024-02-07,February,Q1,Beauty,Makeup,Mumbai,Referral,Debit Card,1,344.64,5,17.23,327.41,167.96,159.45,48.7,0,,4,5
ORD10464,CUST2930,2024-02-07,February,Q1,Home & Kitchen,Cookware,Delhi,Direct,Debit Card,1,2362.78,5,118.14,2244.64,1359.9,884.74,39.42,0,,5,8
ORD10465,CUST1727,2024-02-07,February,Q1,Toys,Board Games,Delhi,Organic Search,COD,5,1281.66,15,961.24,5447.06,4051.18,1395.87,25.63,0,,5,9
ORD10466,CUST1133,2024-02-07,February,Q1,Fashion,Accessories,Bangalore,Paid Ads,UPI,1,4743.49,20,948.7,3794.79,3025.18,769.62,20.28,0,,5,2
ORD10467,CUST1546,2024-02-07,February,Q1,Fashion,Footwear,Pune,Paid Ads,COD,1,3702.14,0,0.0,3702.14,1875.05,1827.09,49.35,0,,4,7
ORD10468,CUST2193,2024-02-07,February,Q1,Books,Fiction,Kolkata,Paid Ads,UPI,3,310.53,10,93.16,838.43,442.53,395.9,47.22,0,,4,2
ORD10469,CUST2502,2024-02-07,February,Q1,Fashion,Accessories,Pune,Email,UPI,1,4527.98,15,679.2,3848.78,2472.8,1375.98,35.75,0,,4,7
ORD10470,CUST3780,2024-02-07,February,Q1,Toys,Dolls,Delhi,Social Media,COD,1,790.73,15,118.61,672.12,537.34,134.79,20.05,0,,5,11
ORD10471,CUST3808,2024-02-07,February,Q1,Electronics,Tablet,Chennai,Social Media,Credit Card,1,5040.19,0,0.0,5040.19,2955.27,2084.92,41.37,0,,5,3
ORD10472,CUST3867,2024-02-07,February,Q1,Toys,Board Games,Delhi,Direct,UPI,1,2083.16,10,208.32,1874.84,1104.13,770.72,41.11,0,,5,8
ORD10473,CUST2463,2024-02-07,February,Q1,Electronics,Camera,Mumbai,Email,UPI,1,29122.97,20,5824.59,23298.38,15461.66,7836.72,33.64,1,Changed Mind,5,4
ORD10474,CUST3728,2024-02-07,February,Q1,Books,Non-Fiction,Chennai,Organic Search,Credit Card,1,335.46,5,16.77,318.69,162.03,156.65,49.16,0,,3,9
ORD10475,CUST3342,2024-02-07,February,Q1,Home & Kitchen,Appliances,Mumbai,Email,UPI,1,4778.26,5,238.91,4539.35,2715.51,1823.83,40.18,0,,5,4
ORD10476,CUST1358,2024-02-07,February,Q1,Toys,Action Figures,Bangalore,Paid Ads,Credit Card,3,1937.61,20,1162.57,4650.26,3765.79,884.48,19.02,0,,5,2
ORD10477,CUST1165,2024-02-07,February,Q1,Electronics,Laptop,Delhi,Paid Ads,UPI,2,37318.06,0,0.0,74636.12,51658.62,22977.5,30.79,0,,5,4
ORD10478,CUST1676,2024-02-07,February,Q1,Home & Kitchen,Cookware,Chennai,Organic Search,UPI,2,4382.14,20,1752.86,7011.42,5042.96,1968.47,28.08,0,,5,5
ORD10479,CUST2268,2024-02-07,February,Q1,Toys,Board Games,Pune,Paid Ads,Net Banking,1,1626.47,5,81.32,1545.15,799.9,745.24,48.23,0,,4,8
ORD10480,CUST2352,2024-02-07,February,Q1,Home & Kitchen,Furniture,Delhi,Paid Ads,Credit Card,1,5546.81,0,0.0,5546.81,3443.11,2103.7,37.93,0,,4,3
ORD10481,CUST1409,2024-02-07,February,Q1,Home & Kitchen,Furniture,Pune,Organic Search,UPI,3,2383.71,0,0.0,7151.13,4570.99,2580.14,36.08,0,,1,9
ORD10482,CUST1159,2024-02-08,February,Q1,Beauty,Skincare,Delhi,Social Media,Credit Card,1,2073.05,0,0.0,2073.05,970.03,1103.02,53.21,0,,4,9
ORD10483,CUST3387,2024-02-08,February,Q1,Home & Kitchen,Furniture,Bangalore,Email,UPI,3,10498.05,0,0.0,31494.15,20865.97,10628.18,33.75,0,,4,11
ORD10484,CUST1337,2024-02-08,February,Q1,Home & Kitchen,Cookware,Chennai,Organic Search,UPI,1,11740.58,15,1761.09,9979.49,7717.44,2262.05,22.67,0,,5,10
ORD10485,CUST1161,2024-02-08,February,Q1,Home & Kitchen,Furniture,Chennai,Organic Search,UPI,3,2650.37,0,0.0,7951.11,4517.31,3433.8,43.19,0,,5,3
ORD10486,CUST3516,2024-02-08,February,Q1,Books,Academic,Ahmedabad,Direct,COD,1,384.37,25,96.09,288.28,226.82,61.46,21.32,0,,5,8
ORD10487,CUST1000,2024-02-08,February,Q1,Electronics,Laptop,Delhi,Organic Search,COD,1,65752.64,10,6575.26,59177.38,41315.8,17861.57,30.18,1,Size Issue,2,6
ORD10488,CUST1787,2024-02-08,February,Q1,Fashion,Accessories,Chennai,Referral,Credit Card,2,3843.19,10,768.64,6917.74,4759.31,2158.44,31.2,0,,4,11
ORD10489,CUST1696,2024-02-08,February,Q1,Toys,Action Figures,Hyderabad,Social Media,Debit Card,2,1890.06,5,189.01,3591.11,1716.68,1874.43,52.2,0,,4,6
ORD10490,CUST2600,2024-02-08,February,Q1,Books,Academic,Kolkata,Paid Ads,UPI,1,543.06,15,81.46,461.6,261.0,200.6,43.46,0,,1,2
ORD10491,CUST3008,2024-02-08,February,Q1,Home & Kitchen,Cookware,Mumbai,Organic Search,UPI,5,4183.18,10,2091.59,18824.31,10262.34,8561.97,45.48,0,,3,8
ORD10492,CUST1440,2024-02-08,February,Q1,Home & Kitchen,Furniture,Chennai,Organic Search,Credit Card,1,4718.45,0,0.0,4718.45,3014.71,1703.74,36.11,0,,5,7
ORD10493,CUST2094,2024-02-08,February,Q1,Fashion,Accessories,Hyderabad,Organic Search,UPI,1,3129.47,20,625.89,2503.58,1752.57,751.01,30.0,1,Changed Mind,2,2
ORD10494,CUST3430,2024-02-08,February,Q1,Electronics,Camera,Delhi,Organic Search,Debit Card,2,11542.34,5,1154.23,21930.45,13536.29,8394.15,38.28,0,,2,4
ORD10495,CUST2193,2024-02-08,February,Q1,Home & Kitchen,Appliances,Bangalore,Social Media,Debit Card,2,2310.39,0,0.0,4620.78,2971.96,1648.82,35.68,0,,4,5
ORD10496,CUST3520,2024-02-08,February,Q1,Fashion,Accessories,Delhi,Organic Search,COD,4,3333.01,10,1333.2,11998.84,7135.92,4862.92,40.53,0,,5,9
ORD10497,CUST3154,2024-02-08,February,Q1,Home & Kitchen,Furniture,Hyderabad,Social Media,Debit Card,1,9346.06,10,934.61,8411.45,5955.52,2455.93,29.2,0,,5,10
ORD10498,CUST1293,2024-02-08,February,Q1,Electronics,Laptop,Kolkata,Social Media,Credit Card,1,8077.92,0,0.0,8077.92,4528.28,3549.64,43.94,0,,5,2
ORD10499,CUST3509,2024-02-09,February,Q1,Toys,Dolls,Hyderabad,Paid Ads,Credit Card,2,2914.49,20,1165.8,4663.18,3172.68,1490.5,31.96,0,,5,7
ORD10500,CUST2165,2024-02-09,February,Q1,Toys,Board Games,Hyderabad,Organic Search,COD,1,2686.91,15,403.04,2283.87,1432.82,851.05,37.26,0,,4,5
ORD10501,CUST1567,2024-02-09,February,Q1,Beauty,Haircare,Bangalore,Organic Search,Net Banking,1,2488.75,15,373.31,2115.44,1720.31,395.12,18.68,0,,5,2
ORD10502,CUST1266,2024-02-09,February,Q1,Home & Kitchen,Decor,Mumbai,Organic Search,UPI,1,3539.57,5,176.98,3362.59,2275.92,1086.67,32.32,1,Size Issue,4,10
ORD10503,CUST2893,2024-02-09,February,Q1,Fashion,Womens Clothing,Delhi,Email,Debit Card,1,2505.96,30,751.79,1754.17,1140.33,613.84,34.99,0,,4,3
ORD10504,CUST3482,2024-02-09,February,Q1,Sports,Sportswear,Bangalore,Paid Ads,Net Banking,1,1437.06,0,0.0,1437.06,990.64,446.42,31.06,0,,4,5
ORD10505,CUST2064,2024-02-09,February,Q1,Beauty,Makeup,Delhi,Email,UPI,1,2837.09,10,283.71,2553.38,1826.69,726.69,28.46,0,,5,10
ORD10506,CUST1644,2024-02-09,February,Q1,Electronics,Tablet,Mumbai,Paid Ads,COD,2,51425.78,5,5142.58,97708.98,50118.92,47590.07,48.71,0,,5,1
ORD10507,CUST3635,2024-02-09,February,Q1,Books,Fiction,Bangalore,Paid Ads,UPI,2,345.96,15,103.79,588.13,324.57,263.56,44.81,0,,4,7
ORD10508,CUST3866,2024-02-09,February,Q1,Sports,Fitness Equipment,Delhi,Social Media,Debit Card,1,5004.89,0,0.0,5004.89,2637.82,2367.07,47.3,1,Late Delivery,4,1
ORD10509,CUST3108,2024-02-09,February,Q1,Toys,Dolls,Delhi,Email,UPI,1,2354.67,0,0.0,2354.67,1427.04,927.63,39.4,0,,5,6
ORD10510,CUST1393,2024-02-09,February,Q1,Beauty,Fragrance,Bangalore,Organic Search,Credit Card,1,1693.96,20,338.79,1355.17,1023.38,331.78,24.48,0,,1,6
ORD10511,CUST3033,2024-02-09,February,Q1,Home & Kitchen,Furniture,Mumbai,Organic Search,Debit Card,1,2982.15,5,149.11,2833.04,1547.62,1285.42,45.37,1,Late Delivery,5,1
ORD10512,CUST3484,2024-02-10,February,Q1,Fashion,Mens Clothing,Kolkata,Social Media,UPI,2,1075.24,5,107.52,2042.96,1207.32,835.64,40.9,0,,4,7
ORD10513,CUST1916,2024-02-10,February,Q1,Toys,Action Figures,Kolkata,Paid Ads,COD,5,1429.17,10,714.58,6431.26,3594.17,2837.1,44.11,0,,4,8
ORD10514,CUST3822,2024-02-10,February,Q1,Books,Non-Fiction,Chennai,Paid Ads,UPI,2,612.54,15,183.76,1041.32,566.78,474.54,45.57,0,,4,3
ORD10515,CUST2162,2024-02-10,February,Q1,Electronics,Camera,Mumbai,Social Media,UPI,2,71869.0,0,0.0,143738.0,83259.18,60478.82,42.08,0,,4,10
ORD10516,CUST1131,2024-02-10,February,Q1,Electronics,Camera,Pune,Paid Ads,Credit Card,1,61951.64,0,0.0,61951.64,33252.41,28699.23,46.33,0,,5,1
ORD10517,CUST2611,2024-02-10,February,Q1,Fashion,Accessories,Pune,Social Media,Credit Card,1,4307.4,25,1076.85,3230.55,2522.93,707.62,21.9,0,,5,2
ORD10518,CUST2387,2024-02-10,February,Q1,Sports,Fitness Equipment,Pune,Social Media,Debit Card,3,5823.29,10,1746.99,15722.88,11995.28,3727.6,23.71,0,,4,1
ORD10519,CUST3723,2024-02-10,February,Q1,Toys,Action Figures,Mumbai,Email,UPI,4,1237.82,5,247.56,4703.72,2405.54,2298.17,48.86,0,,5,9
ORD10520,CUST1666,2024-02-10,February,Q1,Electronics,Laptop,Hyderabad,Email,UPI,1,32450.9,20,6490.18,25960.72,14618.82,11341.9,43.69,0,,5,4
ORD10521,CUST3846,2024-02-10,February,Q1,Home & Kitchen,Appliances,Pune,Social Media,Credit Card,1,9744.08,10,974.41,8769.67,4572.11,4197.56,47.86,0,,4,7
ORD10522,CUST2936,2024-02-10,February,Q1,Fashion,Mens Clothing,Hyderabad,Social Media,Net Banking,2,1028.43,0,0.0,2056.86,1163.52,893.34,43.43,0,,4,5
ORD10523,CUST2853,2024-02-10,February,Q1,Toys,Action Figures,Hyderabad,Direct,Debit Card,1,1477.54,0,0.0,1477.54,926.02,551.52,37.33,0,,4,9
ORD10524,CUST2469,2024-02-10,February,Q1,Sports,Fitness Equipment,Bangalore,Paid Ads,COD,2,5086.8,5,508.68,9664.92,6055.23,3609.69,37.35,1,Size Issue,1,9
ORD10525,CUST3084,2024-02-10,February,Q1,Sports,Outdoor,Bangalore,Paid Ads,UPI,3,5475.75,20,3285.45,13141.8,9424.7,3717.1,28.28,0,,4,6
ORD10526,CUST2255,2024-02-10,February,Q1,Home & Kitchen,Furniture,Mumbai,Email,Credit Card,1,14324.71,0,0.0,14324.71,7713.72,6610.99,46.15,0,,5,5
ORD10527,CUST2202,2024-02-10,February,Q1,Fashion,Mens Clothing,Hyderabad,Social Media,UPI,5,4058.98,0,0.0,20294.9,10705.43,9589.47,47.25,0,,4,10
ORD10528,CUST3676,2024-02-11,February,Q1,Fashion,Accessories,Mumbai,Organic Search,UPI,5,1251.21,20,1251.21,5004.84,3403.74,1601.1,31.99,0,,4,1
ORD10529,CUST3890,2024-02-11,February,Q1,Electronics,Camera,Bangalore,Direct,UPI,4,25561.15,0,0.0,102244.6,61644.16,40600.44,39.71,0,,3,4
ORD10530,CUST2642,2024-02-11,February,Q1,Books,Children,Delhi,Organic Search,UPI,1,778.87,10,77.89,700.98,383.16,317.83,45.34,0,,3,5
ORD10531,CUST2712,2024-02-11,February,Q1,Sports,Outdoor,Hyderabad,Email,Credit Card,1,3251.74,0,0.0,3251.74,2090.35,1161.39,35.72,0,,4,9
ORD10532,CUST1963,2024-02-11,February,Q1,Toys,Action Figures,Mumbai,Email,UPI,2,2880.67,10,576.13,5185.21,3421.16,1764.05,34.02,0,,3,2
ORD10533,CUST2266,2024-02-11,February,Q1,Toys,Dolls,Chennai,Referral,COD,1,464.14,5,23.21,440.93,240.09,200.84,45.55,0,,3,2
ORD10534,CUST3728,2024-02-11,February,Q1,Home & Kitchen,Furniture,Pune,Organic Search,Credit Card,1,14609.13,0,0.0,14609.13,8404.46,6204.67,42.47,1,Late Delivery,4,3
ORD10535,CUST2337,2024-02-11,February,Q1,Sports,Outdoor,Mumbai,Social Media,Debit Card,1,2306.81,10,230.68,2076.13,1593.3,482.83,23.26,0,,4,3
ORD10536,CUST1862,2024-02-11,February,Q1,Toys,Dolls,Mumbai,Paid Ads,COD,2,2499.24,15,749.77,4248.71,2274.92,1973.79,46.46,0,,3,7
ORD10537,CUST1985,2024-02-11,February,Q1,Sports,Outdoor,Mumbai,Paid Ads,Debit Card,1,5202.75,15,780.41,4422.34,2600.75,1821.58,41.19,0,,1,1
ORD10538,CUST2889,2024-02-11,February,Q1,Fashion,Mens Clothing,Kolkata,Organic Search,UPI,1,2896.11,10,289.61,2606.5,1627.89,978.61,37.54,0,,1,2
ORD10539,CUST1609,2024-02-11,February,Q1,Home & Kitchen,Appliances,Bangalore,Social Media,UPI,1,8091.53,10,809.15,7282.38,4932.68,2349.7,32.27,1,Size Issue,3,11
ORD10540,CUST3880,2024-02-11,February,Q1,Electronics,Laptop,Bangalore,Paid Ads,UPI,2,10623.91,10,2124.78,19123.04,10688.87,8434.17,44.1,0,,3,1
ORD10541,CUST1635,2024-02-11,February,Q1,Toys,Educational,Mumbai,Organic Search,Debit Card,2,1481.91,10,296.38,2667.44,2023.85,643.59,24.13,0,,4,9
ORD10542,CUST1150,2024-02-11,February,Q1,Home & Kitchen,Appliances,Hyderabad,Social Media,Debit Card,1,8031.75,15,1204.76,6826.99,4904.53,1922.46,28.16,0,,4,10
ORD10543,CUST1325,2024-02-11,February,Q1,Fashion,Womens Clothing,Kolkata,Email,Credit Card,4,3031.24,15,1818.74,10306.22,8115.94,2190.28,21.25,1,Late Delivery,4,9
ORD10544,CUST1240,2024-02-11,February,Q1,Beauty,Skincare,Pune,Email,UPI,1,1292.69,10,129.27,1163.42,688.14,475.28,40.85,0,,5,3
ORD10545,CUST3407,2024-02-12,February,Q1,Home & Kitchen,Decor,Hyderabad,Direct,UPI,2,9422.5,0,0.0,18845.0,12385.66,6459.34,34.28,0,,4,3
ORD10546,CUST1482,2024-02-12,February,Q1,Fashion,Accessories,Mumbai,Paid Ads,UPI,2,1431.16,0,0.0,2862.32,1558.69,1303.63,45.54,0,,2,1
ORD10547,CUST1604,2024-02-12,February,Q1,Electronics,Headphones,Mumbai,Referral,UPI,2,5270.04,0,0.0,10540.08,5409.04,5131.04,48.68,0,,3,5
ORD10548,CUST1441,2024-02-12,February,Q1,Beauty,Haircare,Mumbai,Direct,Credit Card,1,1801.31,25,450.33,1350.98,1221.13,129.85,9.61,0,,5,3
ORD10549,CUST2838,2024-02-12,February,Q1,Home & Kitchen,Cookware,Delhi,Paid Ads,Credit Card,3,9208.0,15,4143.6,23480.4,13067.66,10412.74,44.35,0,,5,2
ORD10550,CUST1516,2024-02-12,February,Q1,Sports,Sportswear,Mumbai,Organic Search,COD,3,584.18,10,175.25,1577.29,1201.76,375.53,23.81,0,,3,3
ORD10551,CUST1611,2024-02-12,February,Q1,Home & Kitchen,Cookware,Delhi,Paid Ads,UPI,2,13986.51,0,0.0,27973.02,15794.37,12178.65,43.54,0,,3,8
ORD10552,CUST3960,2024-02-12,February,Q1,Books,Fiction,Bangalore,Paid Ads,Debit Card,1,483.32,0,0.0,483.32,337.43,145.89,30.18,0,,4,8
ORD10553,CUST1300,2024-02-12,February,Q1,Home & Kitchen,Cookware,Ahmedabad,Social Media,Credit Card,1,7954.21,20,1590.84,6363.37,4652.41,1710.96,26.89,0,,4,1
ORD10554,CUST2157,2024-02-13,February,Q1,Home & Kitchen,Appliances,Hyderabad,Social Media,Credit Card,2,11032.22,20,4412.89,17651.55,14107.39,3544.17,20.08,0,,4,2
ORD10555,CUST2362,2024-02-13,February,Q1,Books,Non-Fiction,Pune,Email,Debit Card,1,318.24,0,0.0,318.24,143.77,174.47,54.82,0,,4,1
ORD10556,CUST3816,2024-02-13,February,Q1,Fashion,Footwear,Chennai,Social Media,COD,2,4336.14,15,1300.84,7371.44,4979.33,2392.1,32.45,0,,3,8
ORD10557,CUST2310,2024-02-13,February,Q1,Electronics,Tablet,Mumbai,Organic Search,COD,1,27227.28,5,1361.36,25865.92,17271.99,8593.93,33.22,0,,2,1
ORD10558,CUST3372,2024-02-13,February,Q1,Electronics,Headphones,Chennai,Direct,COD,2,25138.6,5,2513.86,47763.34,32464.33,15299.01,32.03,1,Size Issue,4,6
ORD10559,CUST1979,2024-02-13,February,Q1,Sports,Fitness Equipment,Delhi,Paid Ads,Net Banking,1,1631.48,15,244.72,1386.76,798.63,588.13,42.41,0,,5,10
ORD10560,CUST3943,2024-02-13,February,Q1,Home & Kitchen,Furniture,Hyderabad,Referral,COD,1,3979.8,10,397.98,3581.82,2207.77,1374.05,38.36,0,,3,11
ORD10561,CUST2972,2024-02-13,February,Q1,Beauty,Fragrance,Delhi,Organic Search,UPI,1,1693.98,15,254.1,1439.88,939.77,500.12,34.73,0,,5,8
ORD10562,CUST2783,2024-02-13,February,Q1,Fashion,Footwear,Ahmedabad,Referral,Credit Card,1,1813.29,0,0.0,1813.29,862.96,950.33,52.41,1,Not as Described,4,8
ORD10563,CUST2678,2024-02-13,February,Q1,Electronics,Headphones,Delhi,Organic Search,UPI,1,52971.15,5,2648.56,50322.59,29704.18,20618.42,40.97,0,,3,7
ORD10564,CUST1502,2024-02-13,February,Q1,Electronics,Camera,Delhi,Organic Search,Credit Card,2,75653.45,5,7565.34,143741.56,98617.79,45123.77,31.39,0,,5,8
ORD10565,CUST3639,2024-02-13,February,Q1,Fashion,Accessories,Ahmedabad,Organic Search,Debit Card,2,1749.9,5,174.99,3324.81,1837.55,1487.26,44.73,1,Late Delivery,4,8
ORD10566,CUST3737,2024-02-13,February,Q1,Home & Kitchen,Decor,Mumbai,Email,Credit Card,2,2688.19,10,537.64,4838.74,3000.79,1837.95,37.98,0,,4,10
ORD10567,CUST3751,2024-02-13,February,Q1,Fashion,Footwear,Chennai,Direct,UPI,2,4430.22,0,0.0,8860.44,6115.83,2744.61,30.98,0,,4,3
ORD10568,CUST3261,2024-02-13,February,Q1,Fashion,Accessories,Chennai,Paid Ads,Debit Card,1,731.84,5,36.59,695.25,335.13,360.12,51.8,0,,2,2
ORD10569,CUST3987,2024-02-13,February,Q1,Books,Non-Fiction,Pune,Referral,Credit Card,1,787.02,5,39.35,747.67,470.54,277.13,37.07,0,,4,4
ORD10570,CUST3407,2024-02-13,February,Q1,Fashion,Accessories,Ahmedabad,Social Media,UPI,1,4952.91,15,742.94,4209.97,3149.35,1060.62,25.19,0,,4,5
ORD10571,CUST2239,2024-02-13,February,Q1,Home & Kitchen,Appliances,Ahmedabad,Social Media,COD,2,3781.61,10,756.32,6806.9,4842.13,1964.77,28.86,0,,2,2
ORD10572,CUST3904,2024-02-14,February,Q1,Sports,Fitness Equipment,Mumbai,Direct,UPI,1,1603.76,15,240.56,1363.2,1008.74,354.46,26.0,1,Wrong Item,4,11
ORD10573,CUST1859,2024-02-14,February,Q1,Fashion,Footwear,Pune,Paid Ads,COD,1,3418.9,0,0.0,3418.9,2159.42,1259.48,36.84,1,Damaged Product,1,8
ORD10574,CUST2938,2024-02-14,February,Q1,Home & Kitchen,Appliances,Hyderabad,Paid Ads,Credit Card,2,9784.1,5,978.41,18589.79,9094.38,9495.41,51.08,0,,3,8
ORD10575,CUST3687,2024-02-14,February,Q1,Books,Academic,Hyderabad,Direct,Credit Card,4,781.94,0,0.0,3127.76,1825.15,1302.61,41.65,0,,5,4
ORD10576,CUST1138,2024-02-14,February,Q1,Toys,Educational,Mumbai,Direct,UPI,2,1176.32,0,0.0,2352.64,1519.2,833.44,35.43,0,,1,5
ORD10577,CUST2491,2024-02-14,February,Q1,Electronics,Camera,Hyderabad,Referral,UPI,2,75982.09,0,0.0,151964.18,71957.51,80006.67,52.65,0,,4,11
ORD10578,CUST1641,2024-02-14,February,Q1,Books,Academic,Ahmedabad,Direct,UPI,2,724.59,0,0.0,1449.18,656.5,792.68,54.7,0,,5,5
ORD10579,CUST2600,2024-02-14,February,Q1,Home & Kitchen,Appliances,Kolkata,Organic Search,UPI,1,4549.34,10,454.93,4094.41,2973.63,1120.77,27.37,0,,3,5
ORD10580,CUST1784,2024-02-14,February,Q1,Fashion,Womens Clothing,Bangalore,Direct,UPI,2,1101.25,30,660.75,1541.75,1383.33,158.42,10.28,0,,4,9
ORD10581,CUST2413,2024-02-14,February,Q1,Home & Kitchen,Cookware,Mumbai,Paid Ads,Net Banking,3,13556.37,0,0.0,40669.11,22492.12,18176.99,44.69,0,,4,9
ORD10582,CUST1270,2024-02-14,February,Q1,Toys,Board Games,Delhi,Referral,Debit Card,1,1096.22,20,219.24,876.98,751.02,125.96,14.36,0,,4,11
ORD10583,CUST1200,2024-02-14,February,Q1,Home & Kitchen,Appliances,Pune,Paid Ads,Credit Card,1,14790.71,0,0.0,14790.71,9490.45,5300.26,35.84,0,,4,4
ORD10584,CUST1128,2024-02-14,February,Q1,Fashion,Womens Clothing,Chennai,Social Media,UPI,1,3316.8,15,497.52,2819.28,2295.11,524.17,18.59,0,,4,1
ORD10585,CUST2032,2024-02-15,February,Q1,Beauty,Skincare,Bangalore,Social Media,Credit Card,1,229.14,10,22.91,206.23,156.35,49.88,24.19,0,,3,8
ORD10586,CUST2595,2024-02-15,February,Q1,Fashion,Womens Clothing,Mumbai,Paid Ads,Debit Card,3,2099.67,25,1574.75,4724.26,3592.47,1131.78,23.96,0,,2,11
ORD10587,CUST1764,2024-02-15,February,Q1,Electronics,Camera,Bangalore,Organic Search,Credit Card,1,59785.75,0,0.0,59785.75,38183.8,21601.95,36.13,0,,5,1
ORD10588,CUST3038,2024-02-15,February,Q1,Electronics,Tablet,Bangalore,Direct,Debit Card,1,25976.74,5,1298.84,24677.9,16035.39,8642.52,35.02,0,,3,7
ORD10589,CUST2898,2024-02-15,February,Q1,Electronics,Headphones,Kolkata,Email,Credit Card,3,24199.04,0,0.0,72597.12,47395.85,25201.27,34.71,0,,5,4
ORD10590,CUST3696,2024-02-15,February,Q1,Electronics,Camera,Hyderabad,Organic Search,Credit Card,1,6172.89,5,308.64,5864.25,3993.38,1870.87,31.9,0,,5,1
ORD10591,CUST2628,2024-02-15,February,Q1,Electronics,Camera,Delhi,Email,UPI,1,54298.82,25,13574.7,40724.12,26514.55,14209.57,34.89,1,Wrong Item,1,4
ORD10592,CUST3904,2024-02-15,February,Q1,Beauty,Skincare,Bangalore,Social Media,UPI,3,2630.35,15,1183.66,6707.39,4012.08,2695.32,40.18,0,,3,7
ORD10593,CUST2325,2024-02-15,February,Q1,Electronics,Laptop,Mumbai,Paid Ads,UPI,1,75426.27,15,11313.94,64112.33,38952.61,25159.72,39.24,0,,3,8
ORD10594,CUST2841,2024-02-15,February,Q1,Fashion,Accessories,Ahmedabad,Organic Search,UPI,2,3124.68,10,624.94,5624.42,4090.99,1533.44,27.26,0,,4,2
ORD10595,CUST1544,2024-02-16,February,Q1,Books,Fiction,Delhi,Direct,Credit Card,1,619.69,20,123.94,495.75,404.46,91.29,18.41,0,,5,9
ORD10596,CUST2339,2024-02-16,February,Q1,Home & Kitchen,Cookware,Bangalore,Email,Debit Card,1,10571.24,5,528.56,10042.68,6066.14,3976.54,39.6,0,,2,5
ORD10597,CUST3897,2024-02-16,February,Q1,Beauty,Haircare,Delhi,Social Media,Credit Card,1,2847.84,0,0.0,2847.84,1695.06,1152.78,40.48,0,,3,11
ORD10598,CUST2729,2024-02-16,February,Q1,Electronics,Tablet,Chennai,Social Media,COD,1,24300.89,20,4860.18,19440.71,15959.14,3481.58,17.91,0,,4,8
ORD10599,CUST3696,2024-02-16,February,Q1,Electronics,Camera,Chennai,Organic Search,UPI,4,51967.22,0,0.0,207868.88,109785.62,98083.26,47.19,0,,3,2
ORD10600,CUST2289,2024-02-16,February,Q1,Electronics,Tablet,Chennai,Paid Ads,Credit Card,5,50325.63,0,0.0,251628.15,116389.27,135238.88,53.75,0,,4,2
ORD10601,CUST3320,2024-02-16,February,Q1,Electronics,Mobile,Delhi,Organic Search,Debit Card,3,20461.93,0,0.0,61385.79,35029.75,26356.04,42.94,1,Damaged Product,4,4
ORD10602,CUST3866,2024-02-16,February,Q1,Fashion,Mens Clothing,Delhi,Organic Search,Net Banking,1,2489.83,10,248.98,2240.85,1689.17,551.67,24.62,0,,4,4
ORD10603,CUST1753,2024-02-16,February,Q1,Electronics,Headphones,Mumbai,Social Media,UPI,4,29319.73,10,11727.89,105551.03,75951.83,29599.2,28.04,0,,4,3
ORD10604,CUST1030,2024-02-16,February,Q1,Electronics,Laptop,Hyderabad,Direct,COD,2,20293.9,0,0.0,40587.8,21984.56,18603.24,45.83,0,,4,5
ORD10605,CUST1672,2024-02-16,February,Q1,Electronics,Headphones,Mumbai,Paid Ads,Debit Card,1,52235.05,15,7835.26,44399.79,24351.61,20048.19,45.15,0,,4,2
ORD10606,CUST2026,2024-02-16,February,Q1,Home & Kitchen,Cookware,Hyderabad,Organic Search,Credit Card,2,12986.74,15,3896.02,22077.46,15823.82,6253.64,28.33,0,,3,1
ORD10607,CUST2703,2024-02-16,February,Q1,Fashion,Mens Clothing,Kolkata,Social Media,UPI,1,2279.59,25,569.9,1709.69,1501.39,208.3,12.18,1,Wrong Item,4,4
ORD10608,CUST1381,2024-02-16,February,Q1,Fashion,Accessories,Kolkata,Direct,UPI,1,2507.25,10,250.72,2256.52,1545.06,711.46,31.53,0,,4,6
ORD10609,CUST2994,2024-02-16,February,Q1,Home & Kitchen,Appliances,Bangalore,Email,UPI,3,11163.33,15,5023.5,28466.49,18629.43,9837.06,34.56,0,,3,6
ORD10610,CUST2370,2024-02-16,February,Q1,Beauty,Makeup,Bangalore,Direct,UPI,2,1414.93,15,424.48,2405.38,1360.71,1044.68,43.43,0,,1,2
ORD10611,CUST1606,2024-02-16,February,Q1,Electronics,Camera,Mumbai,Social Media,UPI,1,16125.06,0,0.0,16125.06,10927.85,5197.21,32.23,0,,3,6
ORD10612,CUST1172,2024-02-16,February,Q1,Sports,Fitness Equipment,Chennai,Email,UPI,1,5050.57,5,252.53,4798.04,2621.19,2176.85,45.37,0,,1,4
ORD10613,CUST1574,2024-02-16,February,Q1,Home & Kitchen,Furniture,Pune,Organic Search,Debit Card,3,7842.65,10,2352.79,21175.16,11906.83,9268.32,43.77,0,,4,10
ORD10614,CUST1983,2024-02-16,February,Q1,Electronics,Tablet,Delhi,Paid Ads,Debit Card,2,39454.26,0,0.0,78908.52,51605.71,27302.81,34.6,1,Wrong Item,3,1
ORD10615,CUST3100,2024-02-16,February,Q1,Books,Children,Bangalore,Paid Ads,COD,1,680.14,0,0.0,680.14,472.9,207.24,30.47,0,,4,1
ORD10616,CUST3473,2024-02-17,February,Q1,Books,Fiction,Pune,Social Media,Debit Card,1,264.47,10,26.45,238.02,162.66,75.36,31.66,0,,4,2
ORD10617,CUST3028,2024-02-17,February,Q1,Electronics,Laptop,Kolkata,Referral,UPI,1,47724.35,0,0.0,47724.35,28930.63,18793.72,39.38,0,,4,4
ORD10618,CUST2138,2024-02-17,February,Q1,Fashion,Footwear,Delhi,Direct,UPI,5,4745.1,0,0.0,23725.5,12571.14,11154.36,47.01,0,,5,8
ORD10619,CUST1828,2024-02-17,February,Q1,Sports,Fitness Equipment,Hyderabad,Organic Search,Net Banking,1,2213.86,10,221.39,1992.47,1007.54,984.94,49.43,0,,4,3
ORD10620,CUST3952,2024-02-17,February,Q1,Beauty,Skincare,Mumbai,Organic Search,Debit Card,1,989.72,15,148.46,841.26,492.83,348.43,41.42,1,Not as Described,2,11
ORD10621,CUST1739,2024-02-17,February,Q1,Electronics,Camera,Mumbai,Paid Ads,Debit Card,1,28262.02,20,5652.4,22609.62,16847.21,5762.41,25.49,0,,1,5
ORD10622,CUST2711,2024-02-17,February,Q1,Fashion,Womens Clothing,Kolkata,Paid Ads,COD,3,4483.64,10,1345.09,12105.83,6561.75,5544.08,45.8,0,,3,3
ORD10623,CUST1157,2024-02-17,February,Q1,Fashion,Womens Clothing,Pune,Social Media,COD,2,4178.75,10,835.75,7521.75,5607.54,1914.21,25.45,0,,4,8
ORD10624,CUST1037,2024-02-17,February,Q1,Home & Kitchen,Cookware,Pune,Direct,UPI,2,10560.61,5,1056.06,20065.16,10498.01,9567.15,47.68,1,Changed Mind,1,4
ORD10625,CUST3586,2024-02-17,February,Q1,Home & Kitchen,Decor,Mumbai,Referral,UPI,1,3467.44,0,0.0,3467.44,2012.94,1454.5,41.95,0,,4,11
ORD10626,CUST2477,2024-02-17,February,Q1,Fashion,Womens Clothing,Pune,Social Media,Debit Card,1,1145.85,0,0.0,1145.85,662.31,483.54,42.2,0,,5,8
ORD10627,CUST3913,2024-02-17,February,Q1,Home & Kitchen,Cookware,Bangalore,Direct,UPI,4,6854.81,15,4112.89,23306.35,16478.59,6827.76,29.3,1,Size Issue,2,8
ORD10628,CUST2404,2024-02-17,February,Q1,Beauty,Haircare,Delhi,Social Media,COD,4,1474.07,10,589.63,5306.65,3135.99,2170.67,40.9,0,,5,9
ORD10629,CUST3518,2024-02-17,February,Q1,Electronics,Mobile,Hyderabad,Organic Search,COD,4,53383.91,15,32030.35,181505.29,142723.71,38781.58,21.37,0,,5,2
ORD10630,CUST2527,2024-02-17,February,Q1,Fashion,Footwear,Mumbai,Social Media,Credit Card,4,2311.27,15,1386.76,7858.32,5187.19,2671.13,33.99,0,,5,11
ORD10631,CUST2381,2024-02-17,February,Q1,Beauty,Fragrance,Chennai,Social Media,Debit Card,3,2228.06,0,0.0,6684.18,4177.87,2506.31,37.5,0,,5,10
ORD10632,CUST1011,2024-02-17,February,Q1,Books,Academic,Hyderabad,Email,UPI,2,239.24,10,47.85,430.63,291.38,139.25,32.34,0,,2,7
ORD10633,CUST1428,2024-02-17,February,Q1,Home & Kitchen,Appliances,Mumbai,Organic Search,Net Banking,3,11456.31,5,1718.45,32650.48,16472.65,16177.83,49.55,0,,3,10
ORD10634,CUST2977,2024-02-17,February,Q1,Home & Kitchen,Appliances,Mumbai,Paid Ads,UPI,2,967.4,5,96.74,1838.06,1171.83,666.23,36.25,0,,3,1
ORD10635,CUST3052,2024-02-17,February,Q1,Electronics,Camera,Mumbai,Paid Ads,Debit Card,1,12479.75,10,1247.97,11231.78,7334.05,3897.73,34.7,0,,2,4
ORD10636,CUST1826,2024-02-18,February,Q1,Fashion,Womens Clothing,Mumbai,Referral,Credit Card,1,2227.96,30,668.39,1559.57,1503.1,56.48,3.62,0,,4,4
ORD10637,CUST1864,2024-02-18,February,Q1,Home & Kitchen,Cookware,Hyderabad,Paid Ads,UPI,5,2362.5,20,2362.5,9450.0,7916.96,1533.04,16.22,0,,5,4
ORD10638,CUST1605,2024-02-18,February,Q1,Fashion,Mens Clothing,Pune,Email,Credit Card,1,560.98,25,140.24,420.74,273.61,147.12,34.97,1,Not as Described,3,7
ORD10639,CUST2361,2024-02-18,February,Q1,Fashion,Mens Clothing,Mumbai,Email,COD,3,4237.33,0,0.0,12711.99,5979.99,6732.0,52.96,0,,3,5
ORD10640,CUST3786,2024-02-18,February,Q1,Fashion,Footwear,Mumbai,Organic Search,UPI,1,4706.05,0,0.0,4706.05,2464.31,2241.74,47.64,0,,4,5
ORD10641,CUST3697,2024-02-18,February,Q1,Electronics,Camera,Hyderabad,Social Media,UPI,1,14913.43,0,0.0,14913.43,10389.49,4523.94,30.33,0,,2,3
ORD10642,CUST3068,2024-02-18,February,Q1,Fashion,Footwear,Pune,Direct,Debit Card,1,3965.53,0,0.0,3965.53,1805.88,2159.65,54.46,0,,4,10
ORD10643,CUST2120,2024-02-18,February,Q1,Fashion,Footwear,Delhi,Paid Ads,COD,1,1704.45,5,85.22,1619.23,1053.73,565.5,34.92,0,,3,5
ORD10644,CUST3174,2024-02-18,February,Q1,Fashion,Footwear,Delhi,Referral,Debit Card,1,4723.69,10,472.37,4251.32,2844.27,1407.05,33.1,0,,5,5
ORD10645,CUST2600,2024-02-18,February,Q1,Electronics,Laptop,Hyderabad,Organic Search,Credit Card,1,49972.79,10,4997.28,44975.51,30565.59,14409.93,32.04,0,,4,8
ORD10646,CUST3165,2024-02-18,February,Q1,Books,Non-Fiction,Delhi,Organic Search,Net Banking,3,665.06,25,498.79,1496.38,1006.71,489.67,32.72,0,,4,11
ORD10647,CUST3418,2024-02-19,February,Q1,Home & Kitchen,Appliances,Mumbai,Direct,COD,1,933.43,25,233.36,700.07,472.95,227.12,32.44,0,,2,2
ORD10648,CUST3508,2024-02-19,February,Q1,Beauty,Fragrance,Chennai,Direct,COD,1,2416.65,0,0.0,2416.65,1347.67,1068.98,44.23,0,,5,8
ORD10649,CUST3507,2024-02-19,February,Q1,Sports,Sportswear,Hyderabad,Referral,Credit Card,1,5652.52,20,1130.5,4522.02,2679.09,1842.92,40.75,1,Wrong Item,4,4
ORD10650,CUST1805,2024-02-19,February,Q1,Home & Kitchen,Cookware,Hyderabad,Social Media,Credit Card,2,12419.23,10,2483.85,22354.61,11640.63,10713.99,47.93,0,,5,9
ORD10651,CUST2781,2024-02-19,February,Q1,Electronics,Headphones,Chennai,Referral,Credit Card,2,68954.02,10,13790.8,124117.24,65104.99,59012.25,47.55,0,,5,8
ORD10652,CUST3995,2024-02-19,February,Q1,Home & Kitchen,Furniture,Chennai,Direct,Credit Card,2,2006.51,15,601.95,3411.07,2380.7,1030.36,30.21,0,,4,5
ORD10653,CUST1161,2024-02-19,February,Q1,Home & Kitchen,Appliances,Delhi,Direct,UPI,1,2777.07,0,0.0,2777.07,1525.82,1251.25,45.06,0,,4,5
ORD10654,CUST2863,2024-02-19,February,Q1,Beauty,Skincare,Delhi,Social Media,Credit Card,1,2327.08,20,465.42,1861.66,1218.0,643.66,34.57,0,,2,9
ORD10655,CUST3945,2024-02-19,February,Q1,Fashion,Mens Clothing,Mumbai,Paid Ads,UPI,2,4515.76,15,1354.73,7676.79,4777.27,2899.53,37.77,0,,4,5
ORD10656,CUST3420,2024-02-19,February,Q1,Electronics,Camera,Mumbai,Referral,Debit Card,3,66159.87,20,39695.92,158783.69,99601.2,59182.49,37.27,0,,5,9
ORD10657,CUST3241,2024-02-19,February,Q1,Fashion,Footwear,Chennai,Paid Ads,Debit Card,1,1883.23,30,564.97,1318.26,1041.19,277.07,21.02,0,,3,6
ORD10658,CUST2188,2024-02-19,February,Q1,Fashion,Footwear,Kolkata,Social Media,Net Banking,1,2655.09,10,265.51,2389.58,1329.57,1060.01,44.36,0,,5,11
ORD10659,CUST3206,2024-02-19,February,Q1,Beauty,Skincare,Ahmedabad,Paid Ads,Credit Card,1,882.66,0,0.0,882.66,551.23,331.43,37.55,1,Not as Described,4,11
ORD10660,CUST2869,2024-02-20,February,Q1,Home & Kitchen,Decor,Hyderabad,Social Media,Debit Card,1,8518.08,0,0.0,8518.08,4097.05,4421.03,51.9,0,,4,1
ORD10661,CUST1182,2024-02-20,February,Q1,Fashion,Footwear,Mumbai,Paid Ads,Debit Card,2,1703.55,5,170.36,3236.74,2340.88,895.86,27.68,0,,4,11
ORD10662,CUST2165,2024-02-20,February,Q1,Toys,Dolls,Mumbai,Organic Search,Credit Card,1,1767.75,0,0.0,1767.75,835.18,932.57,52.75,0,,3,8
ORD10663,CUST2362,2024-02-20,February,Q1,Home & Kitchen,Appliances,Pune,Direct,UPI,1,1101.15,20,220.23,880.92,755.24,125.68,14.27,0,,3,1
ORD10664,CUST1073,2024-02-20,February,Q1,Fashion,Accessories,Hyderabad,Paid Ads,Debit Card,1,700.37,0,0.0,700.37,461.07,239.3,34.17,0,,3,2
ORD10665,CUST2668,2024-02-20,February,Q1,Electronics,Laptop,Hyderabad,Social Media,UPI,4,45848.16,30,55017.79,128374.85,113736.09,14638.76,11.4,1,Late Delivery,4,6
ORD10666,CUST3413,2024-02-20,February,Q1,Electronics,Headphones,Pune,Organic Search,COD,3,12692.46,15,5711.61,32365.77,25819.34,6546.44,20.23,0,,5,5
ORD10667,CUST3568,2024-02-20,February,Q1,Fashion,Accessories,Chennai,Organic Search,UPI,3,4489.06,0,0.0,13467.18,6528.95,6938.23,51.52,0,,4,2
ORD10668,CUST1257,2024-02-20,February,Q1,Electronics,Tablet,Pune,Organic Search,Credit Card,1,36146.35,10,3614.64,32531.71,17859.14,14672.57,45.1,0,,4,6
ORD10669,CUST2943,2024-02-20,February,Q1,Electronics,Camera,Mumbai,Email,UPI,2,5090.78,10,1018.16,9163.4,5223.53,3939.88,43.0,0,,3,7
ORD10670,CUST2709,2024-02-20,February,Q1,Fashion,Mens Clothing,Chennai,Organic Search,Credit Card,1,1509.41,10,150.94,1358.47,771.61,586.85,43.2,0,,5,3
ORD10671,CUST2898,2024-02-20,February,Q1,Electronics,Tablet,Kolkata,Direct,UPI,1,22000.64,10,2200.06,19800.58,11610.0,8190.57,41.37,0,,4,11
ORD10672,CUST3493,2024-02-20,February,Q1,Books,Fiction,Delhi,Organic Search,UPI,1,400.5,0,0.0,400.5,237.86,162.64,40.61,0,,4,8
ORD10673,CUST3342,2024-02-21,February,Q1,Electronics,Headphones,Hyderabad,Organic Search,Credit Card,2,31498.24,15,9449.47,53547.01,28792.11,24754.9,46.23,0,,5,4
ORD10674,CUST1945,2024-02-21,February,Q1,Home & Kitchen,Cookware,Delhi,Organic Search,COD,1,4873.22,10,487.32,4385.9,2658.67,1727.22,39.38,0,,5,10
ORD10675,CUST2290,2024-02-21,February,Q1,Fashion,Accessories,Ahmedabad,Organic Search,COD,3,4647.61,15,2091.42,11851.41,7133.1,4718.31,39.81,1,Changed Mind,4,9
ORD10676,CUST3420,2024-02-21,February,Q1,Toys,Board Games,Mumbai,Email,COD,1,2147.93,20,429.59,1718.34,1292.32,426.03,24.79,0,,5,7
ORD10677,CUST1912,2024-02-21,February,Q1,Electronics,Laptop,Hyderabad,Direct,Debit Card,1,56507.47,0,0.0,56507.47,39345.72,17161.75,30.37,0,,4,3
ORD10678,CUST2840,2024-02-21,February,Q1,Fashion,Footwear,Mumbai,Social Media,UPI,1,3716.83,0,0.0,3716.83,2153.58,1563.25,42.06,0,,5,5
ORD10679,CUST2084,2024-02-21,February,Q1,Toys,Dolls,Chennai,Organic Search,COD,1,2734.36,15,410.15,2324.21,1521.46,802.75,34.54,1,Late Delivery,4,9
ORD10680,CUST2229,2024-02-21,February,Q1,Books,Academic,Mumbai,Paid Ads,Debit Card,1,469.68,30,140.9,328.78,254.6,74.18,22.56,0,,2,9
ORD10681,CUST3670,2024-02-21,February,Q1,Sports,Sportswear,Delhi,Paid Ads,COD,1,9912.3,5,495.62,9416.68,6405.7,3010.99,31.98,0,,5,8
ORD10682,CUST1158,2024-02-21,February,Q1,Fashion,Mens Clothing,Bangalore,Referral,Credit Card,1,1510.35,0,0.0,1510.35,706.84,803.51,53.2,0,,3,8
ORD10683,CUST1939,2024-02-21,February,Q1,Electronics,Headphones,Kolkata,Organic Search,Credit Card,1,76734.99,0,0.0,76734.99,52942.74,23792.25,31.01,0,,3,9
ORD10684,CUST3737,2024-02-21,February,Q1,Beauty,Haircare,Delhi,Email,UPI,1,989.08,0,0.0,989.08,548.42,440.66,44.55,0,,3,5
ORD10685,CUST3373,2024-02-21,February,Q1,Books,Academic,Mumbai,Paid Ads,UPI,1,199.59,5,9.98,189.61,105.47,84.14,44.38,0,,4,11
ORD10686,CUST2040,2024-02-21,February,Q1,Home & Kitchen,Cookware,Chennai,Paid Ads,UPI,1,5538.89,5,276.94,5261.95,3841.31,1420.63,27.0,0,,3,9
ORD10687,CUST2617,2024-02-21,February,Q1,Home & Kitchen,Appliances,Bangalore,Paid Ads,Net Banking,1,5919.01,15,887.85,5031.16,4048.42,982.73,19.53,0,,4,6
ORD10688,CUST2086,2024-02-21,February,Q1,Fashion,Footwear,Kolkata,Organic Search,Credit Card,1,4661.16,0,0.0,4661.16,2845.56,1815.6,38.95,1,Wrong Item,5,6
ORD10689,CUST1017,2024-02-21,February,Q1,Sports,Fitness Equipment,Mumbai,Email,Credit Card,3,1305.64,0,0.0,3916.92,1780.74,2136.18,54.54,0,,2,11
ORD10690,CUST3173,2024-02-21,February,Q1,Electronics,Camera,Hyderabad,Organic Search,COD,1,8251.01,5,412.55,7838.46,5257.0,2581.46,32.93,0,,5,10
ORD10691,CUST1938,2024-02-21,February,Q1,Fashion,Womens Clothing,Delhi,Email,Credit Card,1,1179.96,20,235.99,943.97,629.97,314.0,33.26,0,,2,6
ORD10692,CUST1166,2024-02-21,February,Q1,Fashion,Accessories,Mumbai,Organic Search,UPI,4,2428.83,10,971.53,8743.79,5314.96,3428.83,39.21,0,,1,7
ORD10693,CUST1908,2024-02-22,February,Q1,Home & Kitchen,Decor,Chennai,Referral,UPI,3,5554.79,30,4999.31,11665.06,8160.3,3504.76,30.04,0,,4,9
ORD10694,CUST2840,2024-02-22,February,Q1,Fashion,Footwear,Hyderabad,Organic Search,Credit Card,5,1316.14,10,658.07,5922.63,3822.5,2100.13,35.46,0,,5,3
ORD10695,CUST1978,2024-02-22,February,Q1,Electronics,Laptop,Chennai,Direct,Debit Card,2,36893.34,0,0.0,73786.68,46938.52,26848.16,36.39,0,,3,6
ORD10696,CUST2626,2024-02-22,February,Q1,Home & Kitchen,Decor,Delhi,Email,UPI,1,13482.27,0,0.0,13482.27,6987.22,6495.05,48.17,1,Changed Mind,4,10
ORD10697,CUST1009,2024-02-22,February,Q1,Fashion,Womens Clothing,Bangalore,Referral,COD,1,3592.22,15,538.83,3053.39,2459.53,593.85,19.45,0,,3,5
ORD10698,CUST2761,2024-02-22,February,Q1,Home & Kitchen,Furniture,Bangalore,Paid Ads,UPI,2,9671.57,10,1934.31,17408.83,9646.12,7762.71,44.59,0,,5,4
ORD10699,CUST1195,2024-02-22,February,Q1,Electronics,Tablet,Ahmedabad,Email,UPI,5,26525.42,10,13262.71,119364.39,61879.24,57485.15,48.16,0,,3,8
ORD10700,CUST1311,2024-02-22,February,Q1,Home & Kitchen,Furniture,Delhi,Paid Ads,UPI,2,13230.71,15,3969.21,22492.21,16170.33,6321.87,28.11,0,,4,3
ORD10701,CUST2120,2024-02-22,February,Q1,Home & Kitchen,Furniture,Delhi,Organic Search,Debit Card,3,4649.52,15,2092.28,11856.28,9238.55,2617.73,22.08,0,,5,2
ORD10702,CUST3192,2024-02-22,February,Q1,Electronics,Laptop,Delhi,Paid Ads,Credit Card,1,42443.81,0,0.0,42443.81,29213.36,13230.45,31.17,0,,4,4
ORD10703,CUST3238,2024-02-22,February,Q1,Fashion,Footwear,Hyderabad,Organic Search,Debit Card,1,2161.01,20,432.2,1728.81,1386.92,341.89,19.78,0,,5,3
ORD10704,CUST2707,2024-02-22,February,Q1,Electronics,Laptop,Delhi,Referral,Credit Card,3,24905.07,10,7471.52,67243.69,37351.07,29892.62,44.45,0,,5,7
ORD10705,CUST1066,2024-02-22,February,Q1,Electronics,Laptop,Kolkata,Organic Search,Credit Card,2,73023.85,5,7302.38,138745.32,101417.76,37327.56,26.9,1,Damaged Product,4,4
ORD10706,CUST3055,2024-02-22,February,Q1,Toys,Board Games,Delhi,Social Media,Debit Card,5,2456.45,10,1228.22,11054.02,8350.2,2703.83,24.46,0,,4,10
ORD10707,CUST3621,2024-02-22,February,Q1,Fashion,Womens Clothing,Kolkata,Social Media,Debit Card,2,4049.85,10,809.97,7289.73,3975.27,3314.46,45.47,0,,3,9
ORD10708,CUST2254,2024-02-22,February,Q1,Sports,Sportswear,Mumbai,Social Media,Credit Card,1,8686.28,0,0.0,8686.28,5122.27,3564.01,41.03,0,,5,11
ORD10709,CUST3458,2024-02-22,February,Q1,Fashion,Footwear,Hyderabad,Social Media,UPI,1,4901.22,5,245.06,4656.16,2886.23,1769.93,38.01,0,,3,5
ORD10710,CUST3716,2024-02-22,February,Q1,Beauty,Haircare,Kolkata,Organic Search,UPI,3,2377.8,5,356.67,6776.73,3999.22,2777.51,40.99,0,,5,3
ORD10711,CUST1209,2024-02-22,February,Q1,Sports,Fitness Equipment,Mumbai,Social Media,Credit Card,2,1892.6,5,189.26,3595.94,2634.77,961.17,26.73,0,,4,2
ORD10712,CUST3034,2024-02-23,February,Q1,Home & Kitchen,Cookware,Ahmedabad,Paid Ads,Net Banking,1,2898.48,0,0.0,2898.48,1347.52,1550.96,53.51,0,,4,6
ORD10713,CUST3376,2024-02-23,February,Q1,Home & Kitchen,Cookware,Bangalore,Referral,Credit Card,1,7143.07,0,0.0,7143.07,4334.43,2808.64,39.32,0,,2,6
ORD10714,CUST1874,2024-02-23,February,Q1,Fashion,Accessories,Ahmedabad,Email,COD,1,4085.83,0,0.0,4085.83,2048.33,2037.5,49.87,0,,4,1
ORD10715,CUST3187,2024-02-23,February,Q1,Fashion,Mens Clothing,Chennai,Referral,Credit Card,1,4893.53,5,244.68,4648.85,2847.22,1801.64,38.75,1,Late Delivery,3,7
ORD10716,CUST3708,2024-02-23,February,Q1,Books,Fiction,Delhi,Organic Search,COD,2,679.52,20,271.81,1087.23,876.49,210.74,19.38,0,,3,5
ORD10717,CUST3262,2024-02-23,February,Q1,Sports,Outdoor,Mumbai,Paid Ads,Credit Card,1,1575.06,0,0.0,1575.06,805.93,769.13,48.83,0,,3,7
ORD10718,CUST2177,2024-02-23,February,Q1,Toys,Educational,Delhi,Organic Search,UPI,1,1454.12,5,72.71,1381.41,797.35,584.06,42.28,0,,3,4
ORD10719,CUST1474,2024-02-23,February,Q1,Electronics,Camera,Mumbai,Organic Search,Debit Card,3,59503.08,5,8925.46,169583.78,122759.38,46824.4,27.61,0,,4,5
ORD10720,CUST1961,2024-02-23,February,Q1,Beauty,Makeup,Mumbai,Organic Search,UPI,1,605.07,15,90.76,514.31,387.47,126.84,24.66,0,,4,7
ORD10721,CUST2593,2024-02-23,February,Q1,Toys,Dolls,Mumbai,Social Media,Debit Card,3,1172.24,0,0.0,3516.72,2086.05,1430.67,40.68,0,,2,6
ORD10722,CUST3296,2024-02-24,February,Q1,Electronics,Camera,Bangalore,Organic Search,Credit Card,1,14565.18,0,0.0,14565.18,7362.69,7202.49,49.45,0,,4,1
ORD10723,CUST3972,2024-02-24,February,Q1,Electronics,Headphones,Pune,Social Media,UPI,4,62565.16,0,0.0,250260.64,139226.59,111034.05,44.37,0,,5,1
ORD10724,CUST2345,2024-02-24,February,Q1,Beauty,Fragrance,Mumbai,Direct,Credit Card,1,1187.3,30,356.19,831.11,764.05,67.06,8.07,0,,4,2
ORD10725,CUST1725,2024-02-24,February,Q1,Home & Kitchen,Furniture,Mumbai,Social Media,Net Banking,1,7817.73,10,781.77,7035.96,5121.67,1914.28,27.21,0,,5,11
ORD10726,CUST3232,2024-02-24,February,Q1,Sports,Sportswear,Hyderabad,Paid Ads,Credit Card,3,5072.24,0,0.0,15216.72,7778.05,7438.67,48.88,0,,2,11
ORD10727,CUST3687,2024-02-24,February,Q1,Electronics,Headphones,Mumbai,Paid Ads,UPI,2,77963.66,0,0.0,155927.32,95975.61,59951.71,38.45,0,,5,3
ORD10728,CUST1820,2024-02-24,February,Q1,Sports,Outdoor,Mumbai,Paid Ads,UPI,1,6216.56,0,0.0,6216.56,2945.1,3271.46,52.62,0,,4,1
ORD10729,CUST1058,2024-02-24,February,Q1,Fashion,Womens Clothing,Mumbai,Organic Search,Debit Card,5,3364.72,0,0.0,16823.6,7668.25,9155.35,54.42,1,Not as Described,4,10
ORD10730,CUST3806,2024-02-24,February,Q1,Electronics,Camera,Kolkata,Social Media,Credit Card,1,15366.6,15,2304.99,13061.61,9022.78,4038.83,30.92,0,,4,2
ORD10731,CUST2759,2024-02-24,February,Q1,Electronics,Laptop,Pune,Paid Ads,UPI,4,75802.27,10,30320.91,272888.17,153452.59,119435.58,43.77,0,,4,2
ORD10732,CUST1326,2024-02-24,February,Q1,Sports,Fitness Equipment,Delhi,Direct,UPI,1,9255.25,10,925.52,8329.72,4347.45,3982.27,47.81,0,,4,7
ORD10733,CUST2346,2024-02-24,February,Q1,Beauty,Fragrance,Hyderabad,Email,Net Banking,1,1272.92,5,63.65,1209.27,805.07,404.21,33.43,0,,4,11
ORD10734,CUST3649,2024-02-24,February,Q1,Home & Kitchen,Appliances,Bangalore,Social Media,Debit Card,1,8600.62,10,860.06,7740.56,4941.0,2799.56,36.17,0,,1,6
ORD10735,CUST2005,2024-02-24,February,Q1,Fashion,Mens Clothing,Chennai,Paid Ads,UPI,1,2924.36,0,0.0,2924.36,1898.11,1026.25,35.09,0,,4,9
ORD10736,CUST2965,2024-02-24,February,Q1,Books,Academic,Chennai,Organic Search,Debit Card,1,470.19,5,23.51,446.68,289.63,157.05,35.16,0,,5,10
ORD10737,CUST1084,2024-02-25,February,Q1,Fashion,Accessories,Hyderabad,Email,Debit Card,1,2912.96,15,436.94,2476.02,1842.31,633.71,25.59,0,,4,5
ORD10738,CUST1407,2024-02-25,February,Q1,Sports,Sportswear,Delhi,Paid Ads,UPI,1,2686.09,0,0.0,2686.09,1415.14,1270.95,47.32,0,,3,3
ORD10739,CUST1531,2024-02-25,February,Q1,Fashion,Womens Clothing,Mumbai,Organic Search,Debit Card,1,876.28,10,87.63,788.65,452.0,336.65,42.69,1,Wrong Item,3,1
ORD10740,CUST3994,2024-02-25,February,Q1,Fashion,Accessories,Bangalore,Organic Search,Debit Card,1,3717.14,20,743.43,2973.71,2231.1,742.61,24.97,0,,2,1
ORD10741,CUST2057,2024-02-25,February,Q1,Home & Kitchen,Cookware,Kolkata,Organic Search,Debit Card,3,8282.63,0,0.0,24847.89,12424.46,12423.43,50.0,0,,2,2
ORD10742,CUST1692,2024-02-25,February,Q1,Fashion,Accessories,Hyderabad,Email,UPI,2,3994.67,20,1597.87,6391.47,5223.85,1167.62,18.27,0,,3,11
ORD10743,CUST3692,2024-02-25,February,Q1,Beauty,Makeup,Pune,Organic Search,COD,2,2471.62,0,0.0,4943.24,2870.69,2072.55,41.93,0,,1,11
ORD10744,CUST2197,2024-02-25,February,Q1,Home & Kitchen,Cookware,Ahmedabad,Social Media,UPI,4,3914.54,5,782.91,14875.25,7934.73,6940.52,46.66,0,,3,3
ORD10745,CUST3751,2024-02-25,February,Q1,Fashion,Mens Clothing,Mumbai,Paid Ads,UPI,2,892.63,10,178.53,1606.73,1082.39,524.35,32.63,1,Changed Mind,4,11
ORD10746,CUST2053,2024-02-25,February,Q1,Books,Non-Fiction,Chennai,Social Media,UPI,5,385.11,10,192.56,1733.0,1321.43,411.57,23.75,0,,5,10
ORD10747,CUST2702,2024-02-25,February,Q1,Fashion,Accessories,Chennai,Direct,UPI,1,1414.76,0,0.0,1414.76,665.68,749.08,52.95,0,,5,10
ORD10748,CUST1662,2024-02-25,February,Q1,Home & Kitchen,Cookware,Ahmedabad,Direct,Credit Card,1,12878.45,15,1931.77,10946.68,6147.35,4799.33,43.84,0,,3,5
ORD10749,CUST2746,2024-02-25,February,Q1,Books,Academic,Ahmedabad,Paid Ads,Credit Card,1,385.56,30,115.67,269.89,254.84,15.05,5.58,0,,3,7
ORD10750,CUST1835,2024-02-25,February,Q1,Home & Kitchen,Decor,Chennai,Organic Search,Credit Card,1,7529.75,0,0.0,7529.75,3594.69,3935.06,52.26,0,,4,4
ORD10751,CUST3986,2024-02-25,February,Q1,Electronics,Camera,Delhi,Paid Ads,UPI,3,15019.45,20,9011.67,36046.68,20719.8,15326.88,42.52,0,,3,10
ORD10752,CUST1671,2024-02-25,February,Q1,Toys,Educational,Pune,Social Media,COD,2,597.42,10,119.48,1075.36,641.61,433.75,40.34,0,,4,11
ORD10753,CUST2480,2024-02-26,February,Q1,Home & Kitchen,Furniture,Mumbai,Social Media,Debit Card,1,13741.34,25,3435.34,10306.01,7786.89,2519.11,24.44,0,,4,6
ORD10754,CUST1399,2024-02-26,February,Q1,Fashion,Footwear,Pune,Social Media,Debit Card,2,2123.86,0,0.0,4247.72,2516.18,1731.54,40.76,0,,4,6
ORD10755,CUST2182,2024-02-26,February,Q1,Electronics,Laptop,Kolkata,Organic Search,COD,1,68699.68,15,10304.95,58394.73,39627.7,18767.03,32.14,0,,5,11
ORD10756,CUST2267,2024-02-26,February,Q1,Sports,Outdoor,Bangalore,Social Media,COD,1,7897.15,0,0.0,7897.15,5356.61,2540.54,32.17,0,,5,2
ORD10757,CUST3221,2024-02-26,February,Q1,Home & Kitchen,Appliances,Hyderabad,Organic Search,UPI,2,2778.76,20,1111.5,4446.02,3568.86,877.16,19.73,0,,5,6
ORD10758,CUST3832,2024-02-26,February,Q1,Home & Kitchen,Decor,Bangalore,Email,Debit Card,3,7337.52,15,3301.88,18710.68,15319.7,3390.98,18.12,0,,3,5
ORD10759,CUST3247,2024-02-26,February,Q1,Books,Academic,Bangalore,Paid Ads,Credit Card,3,692.91,5,103.94,1974.79,1183.03,791.76,40.09,0,,5,11
ORD10760,CUST3617,2024-02-26,February,Q1,Sports,Fitness Equipment,Delhi,Email,Credit Card,2,5739.25,0,0.0,11478.5,5407.32,6071.18,52.89,0,,4,6
ORD10761,CUST1280,2024-02-26,February,Q1,Electronics,Tablet,Pune,Organic Search,Credit Card,1,74850.63,20,14970.13,59880.5,51563.3,8317.2,13.89,0,,4,4
ORD10762,CUST1312,2024-02-27,February,Q1,Fashion,Accessories,Ahmedabad,Paid Ads,Debit Card,1,2394.85,10,239.48,2155.36,1080.15,1075.22,49.89,0,,5,1
ORD10763,CUST1637,2024-02-27,February,Q1,Fashion,Womens Clothing,Ahmedabad,Email,UPI,1,1448.32,5,72.42,1375.9,932.75,443.15,32.21,0,,5,9
ORD10764,CUST1497,2024-02-27,February,Q1,Beauty,Fragrance,Mumbai,Organic Search,Credit Card,2,828.84,5,82.88,1574.8,758.92,815.88,51.81,0,,5,3
ORD10765,CUST1013,2024-02-27,February,Q1,Electronics,Headphones,Kolkata,Email,Credit Card,1,61024.65,20,12204.93,48819.72,39074.3,9745.42,19.96,1,Wrong Item,4,1
ORD10766,CUST1981,2024-02-27,February,Q1,Home & Kitchen,Decor,Chennai,Social Media,Credit Card,1,2464.75,5,123.24,2341.51,1687.08,654.43,27.95,0,,4,4
ORD10767,CUST1270,2024-02-27,February,Q1,Sports,Outdoor,Delhi,Social Media,UPI,4,7109.92,0,0.0,28439.68,15565.47,12874.21,45.27,0,,4,7
ORD10768,CUST2106,2024-02-27,February,Q1,Books,Academic,Mumbai,Paid Ads,UPI,3,243.0,25,182.25,546.75,371.97,174.78,31.97,0,,5,4
ORD10769,CUST1733,2024-02-27,February,Q1,Fashion,Accessories,Delhi,Paid Ads,UPI,2,3798.87,5,379.89,7217.85,3848.79,3369.07,46.68,1,Size Issue,4,11
ORD10770,CUST1464,2024-02-27,February,Q1,Sports,Fitness Equipment,Kolkata,Social Media,Debit Card,1,7113.16,5,355.66,6757.5,4075.34,2682.16,39.69,0,,4,4
ORD10771,CUST2848,2024-02-27,February,Q1,Electronics,Camera,Hyderabad,Paid Ads,Debit Card,1,36853.16,0,0.0,36853.16,18158.35,18694.81,50.73,0,,4,9
ORD10772,CUST2382,2024-02-27,February,Q1,Sports,Fitness Equipment,Chennai,Social Media,Credit Card,1,1013.79,20,202.76,811.03,626.76,184.28,22.72,0,,2,11
ORD10773,CUST1497,2024-02-27,February,Q1,Electronics,Camera,Delhi,Paid Ads,Credit Card,2,12950.74,0,0.0,25901.48,14040.88,11860.6,45.79,0,,5,6
ORD10774,CUST3049,2024-02-28,February,Q1,Fashion,Womens Clothing,Chennai,Organic Search,COD,1,3117.23,10,311.72,2805.51,1654.56,1150.95,41.02,1,Damaged Product,2,9
ORD10775,CUST3189,2024-02-28,February,Q1,Sports,Fitness Equipment,Mumbai,Organic Search,Net Banking,3,5029.85,20,3017.91,12071.64,8530.45,3541.19,29.33,0,,4,2
ORD10776,CUST2905,2024-02-28,February,Q1,Electronics,Headphones,Delhi,Organic Search,UPI,5,49544.42,0,0.0,247722.1,145077.67,102644.43,41.44,0,,5,7
ORD10777,CUST3092,2024-02-28,February,Q1,Fashion,Womens Clothing,Hyderabad,Paid Ads,COD,1,1211.78,20,242.36,969.42,588.3,381.13,39.31,0,,4,7
ORD10778,CUST1500,2024-02-28,February,Q1,Beauty,Fragrance,Mumbai,Email,UPI,1,611.28,5,30.56,580.72,383.24,197.48,34.01,1,Wrong Item,5,8
ORD10779,CUST2971,2024-02-28,February,Q1,Beauty,Fragrance,Pune,Email,Credit Card,2,595.58,15,178.67,1012.49,798.95,213.53,21.09,0,,5,10
ORD10780,CUST3736,2024-02-28,February,Q1,Beauty,Haircare,Delhi,Organic Search,Net Banking,4,886.13,5,177.23,3367.29,1841.37,1525.93,45.32,0,,2,11
ORD10781,CUST3516,2024-02-28,February,Q1,Beauty,Haircare,Hyderabad,Referral,Credit Card,3,234.94,15,105.72,599.1,348.95,250.14,41.75,0,,4,9
ORD10782,CUST2139,2024-02-28,February,Q1,Home & Kitchen,Furniture,Bangalore,Social Media,UPI,1,12601.17,0,0.0,12601.17,8066.34,4534.83,35.99,0,,4,8
ORD10783,CUST1341,2024-02-28,February,Q1,Fashion,Accessories,Hyderabad,Direct,Debit Card,1,2374.23,0,0.0,2374.23,1177.35,1196.88,50.41,0,,4,2
ORD10784,CUST2459,2024-02-28,February,Q1,Fashion,Mens Clothing,Mumbai,Email,Debit Card,2,3944.38,25,1972.19,5916.57,3631.31,2285.26,38.62,1,Wrong Item,4,3
ORD10785,CUST1376,2024-02-28,February,Q1,Electronics,Laptop,Mumbai,Email,UPI,2,40232.36,0,0.0,80464.72,48665.93,31798.79,39.52,0,,4,2
ORD10786,CUST2446,2024-02-28,February,Q1,Books,Children,Kolkata,Organic Search,Debit Card,1,241.07,20,48.21,192.86,122.93,69.93,36.26,1,Changed Mind,3,1
ORD10787,CUST1722,2024-02-28,February,Q1,Home & Kitchen,Appliances,Delhi,Organic Search,Debit Card,1,8289.79,0,0.0,8289.79,4086.47,4203.32,50.7,0,,4,7
ORD10788,CUST2588,2024-02-28,February,Q1,Fashion,Womens Clothing,Pune,Organic Search,Debit Card,2,4769.45,5,476.94,9061.96,6633.36,2428.6,26.8,0,,1,8
ORD10789,CUST1775,2024-02-28,February,Q1,Home & Kitchen,Decor,Ahmedabad,Email,Debit Card,1,7476.62,20,1495.32,5981.3,3910.02,2071.28,34.63,0,,3,5
ORD10790,CUST3233,2024-02-28,February,Q1,Toys,Dolls,Delhi,Paid Ads,Net Banking,3,2250.91,0,0.0,6752.73,4563.91,2188.82,32.41,0,,4,10
ORD10791,CUST2025,2024-02-28,February,Q1,Electronics,Headphones,Delhi,Email,UPI,1,38298.02,20,7659.6,30638.42,18940.47,11697.95,38.18,0,,4,11
ORD10792,CUST3970,2024-02-28,February,Q1,Home & Kitchen,Decor,Chennai,Paid Ads,UPI,2,9956.83,10,1991.37,17922.29,13038.36,4883.94,27.25,0,,3,9
ORD10793,CUST1074,2024-02-28,February,Q1,Home & Kitchen,Cookware,Ahmedabad,Email,Credit Card,2,987.57,5,98.76,1876.38,1136.7,739.68,39.42,0,,5,4
ORD10794,CUST3540,2024-02-28,February,Q1,Home & Kitchen,Appliances,Kolkata,Organic Search,COD,1,2379.99,15,357.0,2022.99,1117.76,905.23,44.75,0,,4,1
ORD10795,CUST1353,2024-02-29,February,Q1,Electronics,Mobile,Bangalore,Organic Search,Credit Card,2,9500.06,5,950.01,18050.11,12034.7,6015.41,33.33,1,Damaged Product,5,4
ORD10796,CUST1259,2024-02-29,February,Q1,Books,Non-Fiction,Pune,Paid Ads,Credit Card,2,567.6,5,56.76,1078.44,764.01,314.43,29.16,0,,4,5
ORD10797,CUST1664,2024-02-29,February,Q1,Toys,Action Figures,Mumbai,Paid Ads,Debit Card,4,1931.27,15,1158.76,6566.32,3791.12,2775.2,42.26,0,,3,11
ORD10798,CUST1597,2024-02-29,February,Q1,Home & Kitchen,Furniture,Ahmedabad,Paid Ads,COD,1,3264.84,5,163.24,3101.6,2061.41,1040.19,33.54,0,,5,8
ORD10799,CUST2401,2024-02-29,February,Q1,Beauty,Makeup,Ahmedabad,Email,Credit Card,2,648.98,0,0.0,1297.96,728.5,569.46,43.87,0,,4,5
ORD10800,CUST1656,2024-02-29,February,Q1,Books,Children,Mumbai,Organic Search,Credit Card,2,407.65,20,163.06,652.24,520.54,131.7,20.19,0,,4,10
ORD10801,CUST3138,2024-02-29,February,Q1,Beauty,Skincare,Delhi,Paid Ads,UPI,1,1386.14,20,277.23,1108.91,871.16,237.75,21.44,0,,4,9
ORD10802,CUST3824,2024-02-29,February,Q1,Electronics,Tablet,Mumbai,Direct,Debit Card,3,76118.15,10,22835.44,205519.0,104278.07,101240.93,49.26,1,Wrong Item,3,6
ORD10803,CUST3190,2024-02-29,February,Q1,Home & Kitchen,Decor,Delhi,Organic Search,UPI,1,7251.01,10,725.1,6525.91,3586.93,2938.98,45.04,0,,4,8
ORD10804,CUST1795,2024-02-29,February,Q1,Home & Kitchen,Decor,Pune,Referral,UPI,1,10901.98,15,1635.3,9266.68,6189.67,3077.01,33.21,0,,1,3
ORD10805,CUST2960,2024-02-29,February,Q1,Fashion,Footwear,Delhi,Referral,Debit Card,1,1661.24,10,166.12,1495.12,1135.29,359.83,24.07,0,,4,3
ORD10806,CUST3586,2024-02-29,February,Q1,Beauty,Makeup,Mumbai,Organic Search,Credit Card,1,1801.78,5,90.09,1711.69,964.89,746.8,43.63,1,Damaged Product,5,9
ORD10807,CUST2439,2024-02-29,February,Q1,Toys,Educational,Delhi,Paid Ads,Credit Card,3,1126.29,30,1013.66,2365.21,2051.71,313.5,13.25,1,Wrong Item,5,6
ORD10808,CUST1122,2024-02-29,February,Q1,Books,Academic,Ahmedabad,Paid Ads,COD,2,297.75,0,0.0,595.5,269.77,325.73,54.7,0,,1,4
ORD10809,CUST2393,2024-03-01,March,Q1,Home & Kitchen,Cookware,Hyderabad,Email,COD,1,14026.59,10,1402.66,12623.93,8805.64,3818.29,30.25,0,,5,8
ORD10810,CUST2594,2024-03-01,March,Q1,Electronics,Tablet,Bangalore,Social Media,Credit Card,3,25387.07,20,15232.24,60928.97,45755.15,15173.82,24.9,0,,4,4
ORD10811,CUST2771,2024-03-01,March,Q1,Toys,Action Figures,Mumbai,Social Media,Credit Card,1,548.23,15,82.23,466.0,344.75,121.24,26.02,0,,3,11
ORD10812,CUST1424,2024-03-01,March,Q1,Sports,Outdoor,Ahmedabad,Email,Credit Card,2,4086.82,20,1634.73,6538.91,5526.73,1012.18,15.48,0,,5,4
ORD10813,CUST3098,2024-03-01,March,Q1,Electronics,Camera,Pune,Organic Search,UPI,1,76330.48,5,3816.52,72513.96,37144.3,35369.66,48.78,0,,4,7
ORD10814,CUST2648,2024-03-01,March,Q1,Books,Non-Fiction,Delhi,Direct,UPI,1,633.04,0,0.0,633.04,326.27,306.77,48.46,0,,3,7
ORD10815,CUST1869,2024-03-01,March,Q1,Books,Non-Fiction,Mumbai,Email,Debit Card,1,410.26,20,82.05,328.21,286.75,41.46,12.63,0,,3,8
ORD10816,CUST1686,2024-03-01,March,Q1,Home & Kitchen,Decor,Mumbai,Social Media,UPI,2,1595.15,5,159.51,3030.79,1560.28,1470.5,48.52,0,,4,10
ORD10817,CUST1778,2024-03-01,March,Q1,Home & Kitchen,Decor,Mumbai,Direct,UPI,1,6370.53,15,955.58,5414.95,4014.43,1400.52,25.86,0,,2,7
ORD10818,CUST3543,2024-03-01,March,Q1,Fashion,Footwear,Hyderabad,Email,Net Banking,1,4201.27,0,0.0,4201.27,2652.13,1549.14,36.87,0,,5,8
ORD10819,CUST3611,2024-03-01,March,Q1,Electronics,Camera,Kolkata,Organic Search,Credit Card,1,78199.05,15,11729.86,66469.19,48541.94,17927.25,26.97,0,,4,8
ORD10820,CUST2980,2024-03-01,March,Q1,Fashion,Accessories,Bangalore,Paid Ads,Credit Card,1,3222.88,10,322.29,2900.59,1633.55,1267.04,43.68,0,,4,7
ORD10821,CUST3401,2024-03-01,March,Q1,Sports,Sportswear,Pune,Paid Ads,Credit Card,4,1233.49,0,0.0,4933.96,2485.65,2448.31,49.62,0,,1,1
ORD10822,CUST3856,2024-03-02,March,Q1,Electronics,Tablet,Bangalore,Organic Search,COD,1,56931.99,10,5693.2,51238.79,35103.43,16135.36,31.49,0,,5,4
ORD10823,CUST1274,2024-03-02,March,Q1,Fashion,Mens Clothing,Chennai,Referral,UPI,3,2648.37,15,1191.77,6753.34,3945.24,2808.1,41.58,0,,4,3
ORD10824,CUST1928,2024-03-02,March,Q1,Fashion,Accessories,Chennai,Organic Search,UPI,1,3437.15,0,0.0,3437.15,2115.19,1321.96,38.46,0,,4,9
ORD10825,CUST3691,2024-03-02,March,Q1,Home & Kitchen,Decor,Mumbai,Social Media,Credit Card,2,6552.42,10,1310.48,11794.36,7510.8,4283.55,36.32,1,Size Issue,5,10
ORD10826,CUST3024,2024-03-02,March,Q1,Books,Children,Delhi,Social Media,Debit Card,1,397.31,10,39.73,357.58,217.19,140.39,39.26,0,,2,8
ORD10827,CUST3283,2024-03-02,March,Q1,Fashion,Womens Clothing,Hyderabad,Organic Search,Debit Card,4,746.02,0,0.0,2984.08,1566.82,1417.26,47.49,0,,4,9
ORD10828,CUST2875,2024-03-02,March,Q1,Fashion,Womens Clothing,Mumbai,Referral,UPI,1,2171.65,15,325.75,1845.9,1491.69,354.21,19.19,0,,4,5
ORD10829,CUST2586,2024-03-02,March,Q1,Beauty,Makeup,Delhi,Direct,Debit Card,2,1387.82,5,138.78,2636.86,1601.61,1035.25,39.26,0,,4,5
ORD10830,CUST2319,2024-03-02,March,Q1,Home & Kitchen,Appliances,Bangalore,Social Media,Credit Card,5,4632.86,0,0.0,23164.3,13674.19,9490.11,40.97,1,Late Delivery,3,10
ORD10831,CUST3631,2024-03-02,March,Q1,Fashion,Accessories,Ahmedabad,Organic Search,UPI,3,969.8,10,290.94,2618.46,1999.67,618.79,23.63,0,,3,5
ORD10832,CUST2510,2024-03-02,March,Q1,Home & Kitchen,Cookware,Bangalore,Organic Search,Debit Card,1,5950.36,15,892.55,5057.81,3650.36,1407.44,27.83,0,,4,2
ORD10833,CUST1815,2024-03-02,March,Q1,Electronics,Mobile,Pune,Paid Ads,UPI,5,63409.79,25,79262.24,237786.71,218593.59,19193.12,8.07,0,,5,7
ORD10834,CUST1171,2024-03-02,March,Q1,Electronics,Laptop,Bangalore,Organic Search,Credit Card,2,30160.37,0,0.0,60320.74,28748.36,31572.38,52.34,1,Size Issue,4,8
ORD10835,CUST1149,2024-03-03,March,Q1,Home & Kitchen,Decor,Pune,Social Media,COD,1,4201.32,5,210.07,3991.25,2779.85,1211.41,30.35,0,,3,5
ORD10836,CUST2855,2024-03-03,March,Q1,Fashion,Womens Clothing,Hyderabad,Referral,UPI,1,1232.42,0,0.0,1232.42,657.93,574.49,46.61,0,,5,8
ORD10837,CUST1770,2024-03-03,March,Q1,Books,Academic,Kolkata,Social Media,COD,1,219.2,15,32.88,186.32,143.05,43.27,23.22,0,,4,6
ORD10838,CUST1015,2024-03-03,March,Q1,Fashion,Footwear,Bangalore,Direct,UPI,1,1453.59,5,72.68,1380.91,965.05,415.86,30.11,1,Changed Mind,4,4
ORD10839,CUST3338,2024-03-03,March,Q1,Home & Kitchen,Decor,Hyderabad,Social Media,Net Banking,2,955.87,15,286.76,1624.98,990.04,634.94,39.07,0,,4,7
ORD10840,CUST2455,2024-03-03,March,Q1,Beauty,Makeup,Hyderabad,Paid Ads,COD,2,2747.12,5,274.71,5219.53,3033.96,2185.57,41.87,0,,4,8
ORD10841,CUST1070,2024-03-03,March,Q1,Electronics,Camera,Bangalore,Direct,UPI,1,19080.79,20,3816.16,15264.63,12049.59,3215.04,21.06,0,,4,9
ORD10842,CUST3722,2024-03-03,March,Q1,Beauty,Fragrance,Mumbai,Paid Ads,Net Banking,3,764.83,10,229.45,2065.04,1089.34,975.7,47.25,1,Damaged Product,1,5
ORD10843,CUST2525,2024-03-03,March,Q1,Electronics,Headphones,Mumbai,Direct,Debit Card,1,74690.14,25,18672.54,56017.6,47718.29,8299.32,14.82,0,,5,9
ORD10844,CUST3657,2024-03-03,March,Q1,Toys,Dolls,Mumbai,Paid Ads,Debit Card,5,948.9,0,0.0,4744.5,2266.06,2478.44,52.24,1,Size Issue,3,8
ORD10845,CUST2387,2024-03-03,March,Q1,Electronics,Headphones,Kolkata,Organic Search,Credit Card,4,11377.95,10,4551.18,40960.62,30884.94,10075.68,24.6,0,,3,1
ORD10846,CUST2702,2024-03-04,March,Q1,Fashion,Accessories,Delhi,Direct,UPI,4,3065.55,15,1839.33,10422.87,6365.12,4057.75,38.93,0,,3,8
ORD10847,CUST1030,2024-03-04,March,Q1,Electronics,Tablet,Delhi,Social Media,UPI,3,8365.59,10,2509.68,22587.09,14904.97,7682.13,34.01,0,,5,8
ORD10848,CUST2290,2024-03-04,March,Q1,Toys,Board Games,Chennai,Direct,UPI,1,2963.53,0,0.0,2963.53,1420.39,1543.14,52.07,0,,4,7
ORD10849,CUST2898,2024-03-04,March,Q1,Home & Kitchen,Furniture,Delhi,Referral,Credit Card,1,7670.06,30,2301.02,5369.04,3968.28,1400.76,26.09,0,,5,1
ORD10850,CUST1349,2024-03-04,March,Q1,Home & Kitchen,Cookware,Bangalore,Organic Search,Debit Card,1,1482.29,0,0.0,1482.29,816.73,665.56,44.9,0,,4,6
ORD10851,CUST1549,2024-03-04,March,Q1,Electronics,Laptop,Mumbai,Social Media,Credit Card,1,11990.82,0,0.0,11990.82,6855.9,5134.92,42.82,0,,2,2
ORD10852,CUST1393,2024-03-04,March,Q1,Beauty,Haircare,Ahmedabad,Paid Ads,UPI,2,1064.09,10,212.82,1915.36,957.72,957.65,50.0,0,,4,6
ORD10853,CUST3435,2024-03-04,March,Q1,Fashion,Footwear,Kolkata,Social Media,Credit Card,1,4912.44,10,491.24,4421.2,3301.97,1119.23,25.32,0,,4,11
ORD10854,CUST3132,2024-03-04,March,Q1,Books,Fiction,Kolkata,Email,COD,4,638.59,15,383.15,2171.21,1154.36,1016.84,46.83,0,,4,2
ORD10855,CUST3299,2024-03-04,March,Q1,Fashion,Womens Clothing,Bangalore,Paid Ads,Credit Card,3,4814.33,5,722.15,13720.84,9292.93,4427.92,32.27,0,,3,2
ORD10856,CUST1477,2024-03-04,March,Q1,Electronics,Laptop,Pune,Social Media,Debit Card,1,42516.21,5,2125.81,40390.4,24134.1,16256.3,40.25,0,,5,7
ORD10857,CUST3428,2024-03-04,March,Q1,Electronics,Tablet,Mumbai,Email,COD,1,28585.43,10,2858.54,25726.89,16607.28,9119.61,35.45,0,,5,11
ORD10858,CUST1556,2024-03-05,March,Q1,Home & Kitchen,Cookware,Mumbai,Organic Search,UPI,1,6347.11,5,317.36,6029.75,3186.67,2843.08,47.15,0,,4,10
ORD10859,CUST2939,2024-03-05,March,Q1,Home & Kitchen,Cookware,Mumbai,Email,Credit Card,3,5852.89,25,4389.67,13169.0,10567.55,2601.46,19.75,0,,5,1
ORD10860,CUST3024,2024-03-05,March,Q1,Electronics,Mobile,Hyderabad,Social Media,UPI,2,14713.77,20,5885.51,23542.03,17194.75,6347.29,26.96,0,,4,5
ORD10861,CUST3267,2024-03-05,March,Q1,Sports,Outdoor,Bangalore,Referral,Credit Card,1,6909.52,10,690.95,6218.57,3392.98,2825.59,45.44,0,,1,1
ORD10862,CUST3259,2024-03-05,March,Q1,Home & Kitchen,Cookware,Bangalore,Paid Ads,Net Banking,1,5504.72,0,0.0,5504.72,2804.82,2699.9,49.05,1,Wrong Item,4,9
ORD10863,CUST3973,2024-03-05,March,Q1,Home & Kitchen,Cookware,Mumbai,Organic Search,UPI,1,13530.46,25,3382.62,10147.84,6315.02,3832.83,37.77,0,,3,5
ORD10864,CUST2395,2024-03-05,March,Q1,Fashion,Accessories,Bangalore,Social Media,Debit Card,4,2766.1,0,0.0,11064.4,5162.33,5902.07,53.34,0,,3,5
ORD10865,CUST1490,2024-03-05,March,Q1,Fashion,Mens Clothing,Chennai,Organic Search,UPI,1,2759.8,0,0.0,2759.8,1251.41,1508.39,54.66,0,,3,4
ORD10866,CUST3559,2024-03-05,March,Q1,Home & Kitchen,Cookware,Bangalore,Referral,Credit Card,1,11805.85,0,0.0,11805.85,5963.35,5842.5,49.49,0,,5,3
ORD10867,CUST1133,2024-03-05,March,Q1,Electronics,Headphones,Chennai,Organic Search,UPI,3,6776.4,0,0.0,20329.2,12602.38,7726.82,38.01,0,,4,8
ORD10868,CUST3613,2024-03-05,March,Q1,Electronics,Camera,Delhi,Email,Net Banking,3,64705.2,20,38823.12,155292.48,102697.6,52594.88,33.87,1,Not as Described,5,7
ORD10869,CUST2298,2024-03-05,March,Q1,Books,Non-Fiction,Pune,Social Media,COD,3,460.02,10,138.01,1242.05,739.28,502.78,40.48,0,,3,9
ORD10870,CUST2007,2024-03-05,March,Q1,Toys,Action Figures,Hyderabad,Paid Ads,Debit Card,1,2645.79,25,661.45,1984.34,1277.85,706.49,35.6,0,,3,6
ORD10871,CUST2278,2024-03-05,March,Q1,Fashion,Accessories,Delhi,Organic Search,Debit Card,2,668.34,0,0.0,1336.68,793.81,542.87,40.61,0,,5,1
ORD10872,CUST3199,2024-03-06,March,Q1,Fashion,Footwear,Delhi,Social Media,Credit Card,2,1225.5,10,245.1,2205.9,1312.6,893.3,40.5,1,Damaged Product,4,5
ORD10873,CUST2743,2024-03-06,March,Q1,Beauty,Haircare,Hyderabad,Social Media,UPI,1,2110.65,30,633.2,1477.46,1306.66,170.8,11.56,0,,5,5
ORD10874,CUST2201,2024-03-06,March,Q1,Fashion,Womens Clothing,Pune,Paid Ads,UPI,2,854.39,20,341.76,1367.02,1085.7,281.33,20.58,0,,2,7
ORD10875,CUST1159,2024-03-06,March,Q1,Electronics,Headphones,Bangalore,Direct,UPI,1,51946.45,15,7791.97,44154.48,30969.08,13185.4,29.86,0,,5,10
ORD10876,CUST1436,2024-03-06,March,Q1,Electronics,Tablet,Delhi,Paid Ads,COD,1,76461.37,0,0.0,76461.37,39684.78,36776.59,48.1,0,,4,1
ORD10877,CUST1224,2024-03-06,March,Q1,Beauty,Haircare,Kolkata,Paid Ads,Credit Card,4,848.4,15,509.04,2884.56,1958.62,925.94,32.1,0,,3,1
ORD10878,CUST2229,2024-03-06,March,Q1,Beauty,Haircare,Chennai,Social Media,Credit Card,1,803.81,5,40.19,763.62,412.34,351.28,46.0,0,,4,6
ORD10879,CUST3723,2024-03-06,March,Q1,Electronics,Camera,Bangalore,Organic Search,Credit Card,4,56109.48,10,22443.79,201994.13,151659.03,50335.09,24.92,0,,5,6
ORD10880,CUST1560,2024-03-06,March,Q1,Fashion,Womens Clothing,Bangalore,Referral,Credit Card,1,1133.88,10,113.39,1020.49,727.49,293.0,28.71,0,,1,9
ORD10881,CUST3850,2024-03-06,March,Q1,Fashion,Mens Clothing,Delhi,Paid Ads,Credit Card,1,3733.5,10,373.35,3360.15,2140.23,1219.92,36.31,0,,5,3
ORD10882,CUST2057,2024-03-06,March,Q1,Beauty,Skincare,Hyderabad,Organic Search,UPI,2,2981.57,15,894.47,5068.67,4122.7,945.97,18.66,0,,4,5
ORD10883,CUST2554,2024-03-07,March,Q1,Electronics,Headphones,Delhi,Paid Ads,Debit Card,2,42621.49,15,12786.45,72456.53,50011.11,22445.43,30.98,0,,4,5
ORD10884,CUST1626,2024-03-07,March,Q1,Electronics,Headphones,Ahmedabad,Social Media,Credit Card,1,79420.92,0,0.0,79420.92,42262.56,37158.36,46.79,0,,3,1
ORD10885,CUST2149,2024-03-07,March,Q1,Sports,Outdoor,Bangalore,Social Media,UPI,3,6283.02,10,1884.91,16964.15,8931.94,8032.21,47.35,0,,4,6
ORD10886,CUST2392,2024-03-07,March,Q1,Electronics,Tablet,Bangalore,Social Media,Credit Card,1,44246.53,15,6636.98,37609.55,25925.65,11683.9,31.07,0,,3,4
ORD10887,CUST2687,2024-03-07,March,Q1,Beauty,Makeup,Hyderabad,Organic Search,UPI,4,2352.18,0,0.0,9408.72,6257.78,3150.94,33.49,0,,4,6
ORD10888,CUST1304,2024-03-07,March,Q1,Fashion,Accessories,Kolkata,Paid Ads,Debit Card,1,2513.66,5,125.68,2387.98,1675.81,712.17,29.82,0,,5,8
ORD10889,CUST3174,2024-03-07,March,Q1,Electronics,Laptop,Pune,Email,UPI,3,14839.82,0,0.0,44519.46,26762.51,17756.95,39.89,0,,4,8
ORD10890,CUST2490,2024-03-07,March,Q1,Fashion,Womens Clothing,Bangalore,Organic Search,Net Banking,1,1808.79,5,90.44,1718.35,991.87,726.48,42.28,1,Changed Mind,4,3
ORD10891,CUST1307,2024-03-07,March,Q1,Beauty,Fragrance,Chennai,Direct,Credit Card,3,1945.72,30,1751.15,4086.01,3575.69,510.32,12.49,0,,2,9
ORD10892,CUST3040,2024-03-07,March,Q1,Books,Children,Hyderabad,Organic Search,UPI,2,761.09,0,0.0,1522.18,975.01,547.17,35.95,0,,5,11
ORD10893,CUST2263,2024-03-07,March,Q1,Sports,Sportswear,Bangalore,Direct,COD,1,880.12,10,88.01,792.11,486.62,305.48,38.57,0,,3,4
ORD10894,CUST2228,2024-03-07,March,Q1,Fashion,Footwear,Mumbai,Paid Ads,UPI,3,3707.43,15,1668.34,9453.95,6329.29,3124.66,33.05,1,Not as Described,3,1
ORD10895,CUST2666,2024-03-07,March,Q1,Beauty,Makeup,Bangalore,Social Media,Debit Card,1,2112.05,0,0.0,2112.05,1309.8,802.25,37.98,0,,4,9
ORD10896,CUST1093,2024-03-07,March,Q1,Fashion,Accessories,Delhi,Organic Search,Debit Card,1,1576.0,25,394.0,1182.0,1054.6,127.4,10.78,1,Damaged Product,5,5
ORD10897,CUST1107,2024-03-07,March,Q1,Fashion,Womens Clothing,Kolkata,Organic Search,UPI,3,4986.54,5,747.98,14211.64,9690.13,4521.51,31.82,1,Late Delivery,5,8
ORD10898,CUST2167,2024-03-08,March,Q1,Books,Fiction,Delhi,Organic Search,COD,1,544.47,20,108.89,435.58,248.06,187.52,43.05,0,,5,7
ORD10899,CUST2342,2024-03-08,March,Q1,Electronics,Tablet,Ahmedabad,Organic Search,Credit Card,1,76851.17,0,0.0,76851.17,36972.57,39878.6,51.89,0,,5,5
ORD10900,CUST1756,2024-03-08,March,Q1,Electronics,Headphones,Bangalore,Paid Ads,Credit Card,1,47517.56,0,0.0,47517.56,31513.39,16004.17,33.68,0,,4,8
ORD10901,CUST3915,2024-03-08,March,Q1,Fashion,Footwear,Hyderabad,Social Media,Debit Card,3,4974.82,5,746.22,14178.24,9827.1,4351.14,30.69,0,,3,1
ORD10902,CUST1381,2024-03-08,March,Q1,Electronics,Tablet,Hyderabad,Social Media,Credit Card,1,12305.45,5,615.27,11690.18,6733.56,4956.61,42.4,0,,4,11
ORD10903,CUST1562,2024-03-08,March,Q1,Electronics,Headphones,Mumbai,Email,Debit Card,1,6120.63,20,1224.13,4896.5,3648.32,1248.18,25.49,0,,1,4
ORD10904,CUST3150,2024-03-08,March,Q1,Home & Kitchen,Furniture,Delhi,Social Media,Credit Card,2,11681.71,0,0.0,23363.42,15804.45,7558.97,32.35,1,Wrong Item,3,5
ORD10905,CUST3469,2024-03-08,March,Q1,Fashion,Footwear,Mumbai,Social Media,Credit Card,3,1892.94,10,567.88,5110.94,3849.61,1261.32,24.68,0,,1,4
ORD10906,CUST3455,2024-03-08,March,Q1,Books,Fiction,Hyderabad,Paid Ads,Credit Card,4,713.9,0,0.0,2855.6,1844.07,1011.53,35.42,1,Size Issue,3,6
ORD10907,CUST1410,2024-03-08,March,Q1,Sports,Fitness Equipment,Bangalore,Paid Ads,Net Banking,2,8075.14,20,3230.06,12920.22,8113.86,4806.37,37.2,1,Damaged Product,4,9
ORD10908,CUST2484,2024-03-08,March,Q1,Fashion,Womens Clothing,Pune,Paid Ads,Credit Card,2,4528.11,15,1358.43,7697.79,5728.7,1969.09,25.58,0,,4,1
ORD10909,CUST1464,2024-03-08,March,Q1,Fashion,Footwear,Delhi,Direct,Credit Card,1,2745.11,10,274.51,2470.6,1304.68,1165.92,47.19,0,,4,10
ORD10910,CUST1389,2024-03-08,March,Q1,Fashion,Footwear,Mumbai,Organic Search,Credit Card,1,2546.64,0,0.0,2546.64,1715.12,831.52,32.65,0,,5,11
ORD10911,CUST2082,2024-03-08,March,Q1,Home & Kitchen,Appliances,Bangalore,Organic Search,Net Banking,2,3209.99,10,642.0,5777.98,3128.37,2649.61,45.86,0,,4,2
ORD10912,CUST2367,2024-03-08,March,Q1,Fashion,Mens Clothing,Kolkata,Social Media,UPI,5,1830.24,0,0.0,9151.2,5633.36,3517.84,38.44,1,Size Issue,5,1
ORD10913,CUST2303,2024-03-08,March,Q1,Home & Kitchen,Appliances,Chennai,Organic Search,UPI,2,1767.9,0,0.0,3535.8,2130.53,1405.27,39.74,0,,4,7
ORD10914,CUST1506,2024-03-08,March,Q1,Fashion,Accessories,Bangalore,Direct,Credit Card,1,3094.3,10,309.43,2784.87,1993.43,791.44,28.42,0,,3,2
ORD10915,CUST1748,2024-03-08,March,Q1,Home & Kitchen,Decor,Bangalore,Direct,COD,1,5817.83,30,1745.35,4072.48,3420.27,652.21,16.02,0,,2,9
ORD10916,CUST3360,2024-03-09,March,Q1,Fashion,Mens Clothing,Mumbai,Organic Search,Debit Card,2,820.1,20,328.04,1312.16,762.52,549.64,41.89,0,,4,8
ORD10917,CUST1869,2024-03-09,March,Q1,Fashion,Accessories,Ahmedabad,Organic Search,Debit Card,2,3697.95,10,739.59,6656.31,4633.25,2023.06,30.39,1,Size Issue,5,10
ORD10918,CUST3384,2024-03-09,March,Q1,Toys,Educational,Chennai,Paid Ads,UPI,2,1544.0,10,308.8,2779.2,1685.4,1093.8,39.36,0,,3,1
ORD10919,CUST1322,2024-03-09,March,Q1,Sports,Sportswear,Delhi,Social Media,COD,2,9868.36,30,5921.02,13815.7,10461.87,3353.84,24.28,0,,5,3
ORD10920,CUST1948,2024-03-09,March,Q1,Electronics,Laptop,Hyderabad,Organic Search,UPI,1,78386.28,10,7838.63,70547.65,54707.23,15840.43,22.45,1,Size Issue,4,6
ORD10921,CUST1201,2024-03-09,March,Q1,Books,Fiction,Mumbai,Email,COD,4,646.05,5,129.21,2454.99,1544.32,910.67,37.09,0,,3,11
ORD10922,CUST2132,2024-03-09,March,Q1,Home & Kitchen,Decor,Ahmedabad,Social Media,Net Banking,2,7077.04,25,3538.52,10615.56,8884.23,1731.33,16.31,0,,4,3
ORD10923,CUST2275,2024-03-09,March,Q1,Books,Non-Fiction,Mumbai,Paid Ads,Credit Card,1,750.7,0,0.0,750.7,436.59,314.11,41.84,0,,4,9
ORD10924,CUST3253,2024-03-09,March,Q1,Sports,Outdoor,Hyderabad,Organic Search,Debit Card,1,9428.38,0,0.0,9428.38,6057.67,3370.71,35.75,1,Not as Described,1,10
ORD10925,CUST3217,2024-03-09,March,Q1,Fashion,Accessories,Delhi,Email,Credit Card,4,4872.56,10,1949.02,17541.22,12435.13,5106.09,29.11,0,,4,10
ORD10926,CUST1326,2024-03-09,March,Q1,Electronics,Tablet,Chennai,Organic Search,COD,3,41619.42,0,0.0,124858.26,76698.75,48159.51,38.57,0,,5,2
ORD10927,CUST3919,2024-03-09,March,Q1,Fashion,Womens Clothing,Pune,Direct,Credit Card,1,2135.62,5,106.78,2028.84,1493.73,535.11,26.38,1,Size Issue,4,6
ORD10928,CUST3248,2024-03-09,March,Q1,Home & Kitchen,Furniture,Chennai,Paid Ads,COD,1,4870.08,5,243.5,4626.58,2751.34,1875.23,40.53,0,,3,2
ORD10929,CUST3364,2024-03-10,March,Q1,Beauty,Fragrance,Hyderabad,Social Media,Debit Card,1,1345.29,10,134.53,1210.76,842.89,367.87,30.38,0,,5,3
ORD10930,CUST3828,2024-03-10,March,Q1,Fashion,Accessories,Kolkata,Direct,Debit Card,1,3288.58,30,986.57,2302.01,2135.75,166.26,7.22,0,,3,10
ORD10931,CUST3236,2024-03-10,March,Q1,Electronics,Laptop,Mumbai,Direct,Credit Card,2,56043.86,0,0.0,112087.72,60976.69,51111.03,45.6,1,Damaged Product,3,9
ORD10932,CUST2217,2024-03-10,March,Q1,Sports,Outdoor,Delhi,Paid Ads,Debit Card,2,4687.86,5,468.79,8906.93,5290.66,3616.27,40.6,1,Damaged Product,4,9
ORD10933,CUST3262,2024-03-10,March,Q1,Toys,Action Figures,Delhi,Organic Search,COD,2,1683.69,0,0.0,3367.38,2331.21,1036.17,30.77,0,,5,2
ORD10934,CUST3694,2024-03-10,March,Q1,Home & Kitchen,Appliances,Ahmedabad,Email,Credit Card,2,9669.77,10,1933.95,17405.59,8858.92,8546.67,49.1,0,,4,8
ORD10935,CUST2218,2024-03-10,March,Q1,Electronics,Laptop,Bangalore,Paid Ads,Debit Card,1,28523.41,15,4278.51,24244.9,15226.48,9018.42,37.2,0,,4,3
ORD10936,CUST1411,2024-03-10,March,Q1,Fashion,Footwear,Chennai,Organic Search,Credit Card,1,875.71,10,87.57,788.14,500.51,287.62,36.49,0,,5,2
ORD10937,CUST2653,2024-03-10,March,Q1,Electronics,Headphones,Chennai,Direct,Debit Card,1,35989.57,0,0.0,35989.57,16208.49,19781.08,54.96,0,,5,11
ORD10938,CUST1166,2024-03-10,March,Q1,Books,Academic,Delhi,Organic Search,Credit Card,1,442.56,10,44.26,398.3,298.63,99.67,25.02,0,,3,10
ORD10939,CUST2277,2024-03-10,March,Q1,Electronics,Tablet,Delhi,Organic Search,Debit Card,1,70805.65,10,7080.56,63725.08,36929.47,26795.61,42.05,0,,5,8
ORD10940,CUST2721,2024-03-10,March,Q1,Home & Kitchen,Furniture,Delhi,Organic Search,COD,2,14875.72,0,0.0,29751.44,15304.92,14446.52,48.56,0,,5,3
ORD10941,CUST1380,2024-03-10,March,Q1,Fashion,Mens Clothing,Bangalore,Social Media,Debit Card,3,692.04,5,103.81,1972.31,1360.03,612.29,31.04,0,,3,8
ORD10942,CUST3694,2024-03-11,March,Q1,Home & Kitchen,Furniture,Delhi,Social Media,Debit Card,2,14679.53,5,1467.95,27891.11,15251.91,12639.2,45.32,0,,4,6
ORD10943,CUST2365,2024-03-11,March,Q1,Beauty,Haircare,Mumbai,Paid Ads,UPI,3,359.76,30,323.78,755.5,663.12,92.38,12.23,0,,5,1
ORD10944,CUST2102,2024-03-11,March,Q1,Sports,Outdoor,Kolkata,Paid Ads,Credit Card,2,8010.61,20,3204.24,12816.98,10499.92,2317.06,18.08,0,,3,2
ORD10945,CUST1213,2024-03-11,March,Q1,Fashion,Mens Clothing,Ahmedabad,Paid Ads,Debit Card,2,3648.85,15,1094.66,6203.04,4729.78,1473.27,23.75,0,,3,2
ORD10946,CUST1560,2024-03-11,March,Q1,Electronics,Tablet,Delhi,Social Media,UPI,1,47060.03,20,9412.01,37648.02,30376.67,7271.35,19.31,0,,5,7
ORD10947,CUST1281,2024-03-11,March,Q1,Electronics,Camera,Delhi,Organic Search,Credit Card,5,16592.17,15,12444.13,70516.72,39170.74,31345.98,44.45,0,,5,6
ORD10948,CUST1386,2024-03-11,March,Q1,Books,Children,Mumbai,Referral,UPI,1,218.44,25,54.61,163.83,102.66,61.17,37.34,1,Wrong Item,2,2
ORD10949,CUST3409,2024-03-11,March,Q1,Books,Academic,Chennai,Organic Search,UPI,1,394.28,0,0.0,394.28,207.66,186.62,47.33,0,,4,1
ORD10950,CUST1016,2024-03-11,March,Q1,Home & Kitchen,Appliances,Pune,Referral,UPI,1,8895.9,10,889.59,8006.31,4083.1,3923.21,49.0,0,,4,5
ORD10951,CUST1437,2024-03-11,March,Q1,Home & Kitchen,Furniture,Mumbai,Organic Search,Net Banking,5,12924.37,15,9693.28,54928.57,37164.51,17764.07,32.34,1,Size Issue,4,11
ORD10952,CUST2953,2024-03-11,March,Q1,Beauty,Makeup,Mumbai,Email,Credit Card,5,824.54,10,412.27,3710.43,2262.11,1448.32,39.03,0,,5,2
ORD10953,CUST1174,2024-03-11,March,Q1,Electronics,Mobile,Pune,Organic Search,Debit Card,2,70561.92,0,0.0,141123.84,83158.14,57965.7,41.07,0,,4,10
ORD10954,CUST2921,2024-03-11,March,Q1,Books,Non-Fiction,Hyderabad,Organic Search,Debit Card,2,584.95,5,58.5,1111.41,613.84,497.56,44.77,0,,4,10
ORD10955,CUST2479,2024-03-11,March,Q1,Fashion,Mens Clothing,Mumbai,Direct,Credit Card,1,2070.22,5,103.51,1966.71,1183.0,783.71,39.85,0,,5,6
ORD10956,CUST2662,2024-03-11,March,Q1,Fashion,Mens Clothing,Hyderabad,Direct,COD,5,2608.2,0,0.0,13041.0,6959.8,6081.2,46.63,1,Size Issue,2,2
ORD10957,CUST3219,2024-03-11,March,Q1,Home & Kitchen,Furniture,Delhi,Paid Ads,UPI,2,8398.64,5,839.86,15957.42,8378.52,7578.9,47.49,0,,2,11
ORD10958,CUST1437,2024-03-11,March,Q1,Electronics,Mobile,Delhi,Email,UPI,4,66371.73,10,26548.69,238938.23,162568.7,76369.52,31.96,0,,4,9
ORD10959,CUST2082,2024-03-11,March,Q1,Electronics,Headphones,Pune,Social Media,UPI,1,13183.93,20,2636.79,10547.14,8152.4,2394.74,22.71,0,,4,5
ORD10960,CUST1650,2024-03-11,March,Q1,Beauty,Makeup,Pune,Direct,Credit Card,1,704.77,15,105.72,599.05,463.25,135.8,22.67,0,,2,7
ORD10961,CUST3420,2024-03-11,March,Q1,Electronics,Laptop,Bangalore,Paid Ads,UPI,3,13126.12,20,7875.67,31502.69,26331.83,5170.85,16.41,0,,4,4
ORD10962,CUST3298,2024-03-12,March,Q1,Home & Kitchen,Appliances,Ahmedabad,Social Media,UPI,1,14425.58,20,2885.12,11540.46,9032.08,2508.39,21.74,0,,4,2
ORD10963,CUST2014,2024-03-12,March,Q1,Fashion,Mens Clothing,Bangalore,Paid Ads,UPI,4,2286.25,5,457.25,8687.75,5687.04,3000.71,34.54,1,Not as Described,5,3
ORD10964,CUST1335,2024-03-12,March,Q1,Fashion,Womens Clothing,Pune,Paid Ads,Debit Card,1,2449.01,5,122.45,2326.56,1136.75,1189.81,51.14,0,,2,5
ORD10965,CUST2368,2024-03-12,March,Q1,Fashion,Mens Clothing,Bangalore,Direct,UPI,4,2306.84,0,0.0,9227.36,4405.56,4821.8,52.26,0,,4,1
ORD10966,CUST1689,2024-03-12,March,Q1,Fashion,Womens Clothing,Kolkata,Organic Search,Debit Card,1,790.12,25,197.53,592.59,516.06,76.53,12.91,1,Changed Mind,3,4
ORD10967,CUST1758,2024-03-12,March,Q1,Beauty,Skincare,Kolkata,Organic Search,UPI,2,1158.79,0,0.0,2317.58,1177.88,1139.7,49.18,0,,4,4
ORD10968,CUST3656,2024-03-12,March,Q1,Fashion,Accessories,Mumbai,Social Media,UPI,1,3219.66,15,482.95,2736.71,1735.05,1001.66,36.6,0,,4,2
ORD10969,CUST3330,2024-03-12,March,Q1,Home & Kitchen,Furniture,Ahmedabad,Social Media,Debit Card,2,3819.42,5,381.94,7256.9,3714.95,3541.94,48.81,0,,5,9
ORD10970,CUST3870,2024-03-12,March,Q1,Home & Kitchen,Decor,Pune,Organic Search,UPI,1,11326.24,25,2831.56,8494.68,5649.39,2845.29,33.49,0,,1,6
ORD10971,CUST1425,2024-03-12,March,Q1,Beauty,Fragrance,Pune,Paid Ads,COD,4,520.11,5,104.02,1976.42,1339.5,636.92,32.23,1,Size Issue,4,9
ORD10972,CUST3583,2024-03-12,March,Q1,Toys,Educational,Delhi,Referral,Credit Card,2,1527.36,20,610.94,2443.78,1574.6,869.18,35.57,0,,3,6
ORD10973,CUST1068,2024-03-12,March,Q1,Beauty,Fragrance,Pune,Organic Search,Net Banking,1,1726.23,0,0.0,1726.23,970.59,755.64,43.77,0,,4,2
ORD10974,CUST2926,2024-03-12,March,Q1,Fashion,Footwear,Kolkata,Social Media,UPI,3,4768.4,0,0.0,14305.2,6979.76,7325.44,51.21,0,,5,1
ORD10975,CUST1894,2024-03-12,March,Q1,Electronics,Tablet,Delhi,Email,UPI,1,15913.54,10,1591.35,14322.19,9858.16,4464.03,31.17,0,,5,4
ORD10976,CUST3984,2024-03-12,March,Q1,Fashion,Mens Clothing,Ahmedabad,Paid Ads,COD,1,1460.62,30,438.19,1022.43,923.21,99.22,9.7,0,,4,1
ORD10977,CUST3900,2024-03-12,March,Q1,Home & Kitchen,Decor,Mumbai,Referral,UPI,1,8868.53,10,886.85,7981.68,4792.76,3188.92,39.95,1,Changed Mind,5,8
ORD10978,CUST1518,2024-03-12,March,Q1,Electronics,Mobile,Mumbai,Email,COD,3,79085.81,25,59314.36,177943.07,153312.59,24630.49,13.84,1,Not as Described,3,11
ORD10979,CUST1693,2024-03-12,March,Q1,Home & Kitchen,Furniture,Bangalore,Paid Ads,Credit Card,1,11793.72,15,1769.06,10024.66,6014.52,4010.14,40.0,0,,1,1
ORD10980,CUST3795,2024-03-12,March,Q1,Home & Kitchen,Cookware,Hyderabad,Social Media,Credit Card,1,1686.08,15,252.91,1433.17,1050.39,382.78,26.71,0,,5,5
ORD10981,CUST3087,2024-03-13,March,Q1,Fashion,Footwear,Hyderabad,Social Media,UPI,4,4138.4,5,827.68,15725.92,10470.01,5255.91,33.42,0,,2,9
ORD10982,CUST1977,2024-03-13,March,Q1,Sports,Outdoor,Mumbai,Social Media,COD,3,8000.81,5,1200.12,22802.31,16613.63,6188.68,27.14,0,,1,1
ORD10983,CUST2670,2024-03-13,March,Q1,Electronics,Mobile,Ahmedabad,Direct,COD,1,78392.06,0,0.0,78392.06,39829.47,38562.59,49.19,0,,4,4
ORD10984,CUST1021,2024-03-13,March,Q1,Electronics,Camera,Mumbai,Paid Ads,UPI,2,21006.56,30,12603.94,29409.18,19890.17,9519.01,32.37,0,,4,8
ORD10985,CUST3791,2024-03-13,March,Q1,Beauty,Fragrance,Mumbai,Paid Ads,UPI,3,792.18,25,594.14,1782.4,1225.72,556.68,31.23,0,,2,8
ORD10986,CUST3142,2024-03-13,March,Q1,Home & Kitchen,Furniture,Mumbai,Organic Search,Debit Card,1,1125.79,15,168.87,956.92,541.18,415.74,43.45,0,,5,1
ORD10987,CUST2119,2024-03-13,March,Q1,Beauty,Haircare,Hyderabad,Organic Search,Net Banking,3,2324.13,0,0.0,6972.39,3433.37,3539.02,50.76,0,,4,8
ORD10988,CUST3362,2024-03-13,March,Q1,Fashion,Footwear,Ahmedabad,Organic Search,Debit Card,1,2403.14,0,0.0,2403.14,1282.14,1121.0,46.65,0,,4,11
ORD10989,CUST3989,2024-03-13,March,Q1,Fashion,Accessories,Chennai,Direct,UPI,2,1634.32,30,980.59,2288.05,1809.18,478.86,20.93,0,,3,3
ORD10990,CUST1768,2024-03-13,March,Q1,Sports,Fitness Equipment,Pune,Social Media,UPI,1,2173.0,0,0.0,2173.0,1468.8,704.2,32.41,0,,4,11
ORD10991,CUST3017,2024-03-13,March,Q1,Sports,Fitness Equipment,Mumbai,Social Media,UPI,2,1846.51,20,738.6,2954.42,1842.46,1111.95,37.64,0,,5,7
ORD10992,CUST3242,2024-03-13,March,Q1,Beauty,Haircare,Hyderabad,Social Media,Debit Card,1,966.93,5,48.35,918.58,670.02,248.56,27.06,0,,5,10
ORD10993,CUST1974,2024-03-14,March,Q1,Fashion,Accessories,Bangalore,Direct,Net Banking,2,867.69,5,86.77,1648.61,1132.4,516.21,31.31,0,,5,11
ORD10994,CUST1243,2024-03-14,March,Q1,Home & Kitchen,Appliances,Bangalore,Paid Ads,UPI,1,13207.62,20,2641.52,10566.1,8853.96,1712.13,16.2,0,,4,1
ORD10995,CUST2760,2024-03-14,March,Q1,Fashion,Womens Clothing,Mumbai,Direct,Net Banking,1,2531.39,0,0.0,2531.39,1727.32,804.07,31.76,0,,5,5
ORD10996,CUST1864,2024-03-14,March,Q1,Electronics,Mobile,Chennai,Paid Ads,Credit Card,1,36479.14,5,1823.96,34655.18,23285.01,11370.17,32.81,0,,3,4
ORD10997,CUST3511,2024-03-14,March,Q1,Books,Non-Fiction,Bangalore,Referral,UPI,3,289.17,25,216.88,650.63,561.45,89.18,13.71,1,Wrong Item,1,4
ORD10998,CUST3731,2024-03-14,March,Q1,Electronics,Tablet,Pune,Social Media,UPI,1,71980.5,15,10797.08,61183.42,40269.82,20913.61,34.18,0,,5,5
ORD10999,CUST2591,2024-03-14,March,Q1,Toys,Action Figures,Bangalore,Organic Search,UPI,1,797.01,15,119.55,677.46,460.36,217.1,32.05,0,,3,3
ORD11000,CUST1788,2024-03-14,March,Q1,Fashion,Womens Clothing,Mumbai,Social Media,COD,1,741.84,15,111.28,630.56,506.77,123.8,19.63,0,,2,7
ORD11001,CUST3161,2024-03-14,March,Q1,Electronics,Tablet,Hyderabad,Social Media,Credit Card,2,72121.74,0,0.0,144243.48,78549.8,65693.68,45.54,0,,5,2
ORD11002,CUST2198,2024-03-14,March,Q1,Home & Kitchen,Appliances,Mumbai,Organic Search,Credit Card,1,6885.19,0,0.0,6885.19,3170.54,3714.65,53.95,0,,5,1
ORD11003,CUST2410,2024-03-14,March,Q1,Books,Academic,Kolkata,Social Media,UPI,2,776.19,10,155.24,1397.14,994.59,402.55,28.81,1,Changed Mind,2,6
ORD11004,CUST1557,2024-03-14,March,Q1,Beauty,Makeup,Hyderabad,Paid Ads,Credit Card,1,1031.33,5,51.57,979.76,611.88,367.89,37.55,0,,5,1
ORD11005,CUST2656,2024-03-14,March,Q1,Sports,Fitness Equipment,Mumbai,Organic Search,Net Banking,1,2386.75,5,119.34,2267.41,1560.26,707.15,31.19,0,,5,11
ORD11006,CUST3419,2024-03-14,March,Q1,Beauty,Skincare,Ahmedabad,Referral,Credit Card,2,2837.44,15,851.23,4823.65,2660.88,2162.77,44.84,0,,5,7
ORD11007,CUST2685,2024-03-15,March,Q1,Beauty,Skincare,Bangalore,Social Media,UPI,4,1548.55,0,0.0,6194.2,3749.4,2444.8,39.47,0,,4,8
ORD11008,CUST3368,2024-03-15,March,Q1,Sports,Outdoor,Mumbai,Direct,Credit Card,1,5587.31,15,838.1,4749.21,2860.29,1888.92,39.77,0,,5,2
ORD11009,CUST2178,2024-03-15,March,Q1,Fashion,Accessories,Hyderabad,Social Media,UPI,1,4027.36,0,0.0,4027.36,2721.76,1305.6,32.42,0,,5,4
ORD11010,CUST2103,2024-03-15,March,Q1,Home & Kitchen,Decor,Delhi,Paid Ads,Debit Card,1,14511.38,0,0.0,14511.38,6928.86,7582.52,52.25,0,,4,7
ORD11011,CUST2020,2024-03-15,March,Q1,Fashion,Womens Clothing,Pune,Social Media,Credit Card,2,2465.53,5,246.55,4684.51,3258.28,1426.22,30.45,0,,4,11
ORD11012,CUST3524,2024-03-15,March,Q1,Toys,Educational,Pune,Social Media,Debit Card,1,2764.01,20,552.8,2211.21,1305.0,906.21,40.98,0,,4,6
ORD11013,CUST1510,2024-03-15,March,Q1,Toys,Action Figures,Ahmedabad,Referral,Debit Card,3,1839.86,0,0.0,5519.58,2518.44,3001.14,54.37,0,,4,2
ORD11014,CUST3895,2024-03-15,March,Q1,Electronics,Laptop,Bangalore,Organic Search,Net Banking,1,66726.18,10,6672.62,60053.56,33947.94,26105.63,43.47,0,,5,4
ORD11015,CUST2721,2024-03-15,March,Q1,Beauty,Skincare,Bangalore,Direct,Credit Card,1,1770.54,15,265.58,1504.96,944.16,560.8,37.26,0,,4,3
ORD11016,CUST2044,2024-03-16,March,Q1,Books,Non-Fiction,Chennai,Referral,UPI,1,730.96,0,0.0,730.96,443.42,287.54,39.34,0,,2,9
ORD11017,CUST3655,2024-03-16,March,Q1,Electronics,Tablet,Mumbai,Social Media,Net Banking,2,19892.0,10,3978.4,35805.6,19212.93,16592.67,46.34,0,,5,6
ORD11018,CUST3479,2024-03-16,March,Q1,Home & Kitchen,Decor,Hyderabad,Referral,UPI,2,11062.68,25,5531.34,16594.02,12375.43,4218.59,25.42,0,,3,2
ORD11019,CUST3038,2024-03-16,March,Q1,Books,Fiction,Hyderabad,Paid Ads,Net Banking,1,526.02,10,52.6,473.42,263.57,209.85,44.33,0,,4,2
ORD11020,CUST1005,2024-03-16,March,Q1,Electronics,Laptop,Mumbai,Referral,Net Banking,4,15846.29,0,0.0,63385.16,42076.71,21308.45,33.62,1,Size Issue,2,3
ORD11021,CUST1469,2024-03-16,March,Q1,Beauty,Makeup,Bangalore,Email,UPI,1,2059.38,10,205.94,1853.44,949.87,903.57,48.75,0,,4,5
ORD11022,CUST2661,2024-03-16,March,Q1,Fashion,Mens Clothing,Kolkata,Organic Search,UPI,2,4205.77,10,841.15,7570.39,4533.69,3036.7,40.11,0,,5,6
ORD11023,CUST3419,2024-03-16,March,Q1,Books,Children,Kolkata,Direct,Credit Card,1,627.33,0,0.0,627.33,381.32,246.01,39.22,0,,5,5
ORD11024,CUST1783,2024-03-16,March,Q1,Toys,Board Games,Mumbai,Paid Ads,Debit Card,1,2528.13,0,0.0,2528.13,1714.76,813.37,32.17,0,,3,1
ORD11025,CUST2036,2024-03-16,March,Q1,Toys,Action Figures,Mumbai,Paid Ads,COD,3,2279.44,0,0.0,6838.32,4561.15,2277.17,33.3,0,,5,1
ORD11026,CUST3831,2024-03-16,March,Q1,Home & Kitchen,Cookware,Delhi,Social Media,UPI,3,1001.45,0,0.0,3004.35,2024.33,980.02,32.62,0,,4,7
ORD11027,CUST1525,2024-03-16,March,Q1,Books,Children,Kolkata,Organic Search,UPI,1,732.73,0,0.0,732.73,341.24,391.49,53.43,0,,4,10
ORD11028,CUST3361,2024-03-16,March,Q1,Sports,Sportswear,Mumbai,Paid Ads,UPI,2,9371.28,10,1874.26,16868.3,12374.42,4493.89,26.64,0,,4,7
ORD11029,CUST1755,2024-03-17,March,Q1,Fashion,Womens Clothing,Chennai,Direct,Debit Card,1,2747.51,5,137.38,2610.13,1772.08,838.05,32.11,1,Wrong Item,5,10
ORD11030,CUST3624,2024-03-17,March,Q1,Sports,Outdoor,Mumbai,Organic Search,COD,2,3505.87,20,1402.35,5609.39,4737.19,872.2,15.55,0,,2,6
ORD11031,CUST3376,2024-03-17,March,Q1,Electronics,Mobile,Hyderabad,Organic Search,UPI,1,64401.26,10,6440.13,57961.13,33997.04,23964.09,41.35,0,,4,9
ORD11032,CUST1491,2024-03-17,March,Q1,Home & Kitchen,Furniture,Delhi,Organic Search,Credit Card,3,10370.02,20,6222.01,24888.05,21090.79,3797.25,15.26,0,,4,2
ORD11033,CUST3748,2024-03-17,March,Q1,Fashion,Womens Clothing,Pune,Paid Ads,COD,1,1682.61,10,168.26,1514.35,926.55,587.8,38.82,1,Late Delivery,2,1
ORD11034,CUST2019,2024-03-17,March,Q1,Electronics,Tablet,Delhi,Email,Debit Card,1,59171.45,0,0.0,59171.45,36007.3,23164.15,39.15,0,,5,11
ORD11035,CUST1542,2024-03-17,March,Q1,Electronics,Mobile,Hyderabad,Email,UPI,1,79117.9,10,7911.79,71206.11,43993.09,27213.02,38.22,0,,4,6
ORD11036,CUST3912,2024-03-17,March,Q1,Beauty,Makeup,Delhi,Referral,UPI,1,2841.31,20,568.26,2273.05,1582.36,690.69,30.39,0,,5,6
ORD11037,CUST1164,2024-03-17,March,Q1,Fashion,Mens Clothing,Chennai,Social Media,Debit Card,1,4357.7,0,0.0,4357.7,2556.49,1801.21,41.33,0,,3,9
ORD11038,CUST1945,2024-03-17,March,Q1,Beauty,Skincare,Kolkata,Organic Search,COD,1,1976.02,0,0.0,1976.02,1065.04,910.98,46.1,0,,5,11
ORD11039,CUST2023,2024-03-17,March,Q1,Electronics,Headphones,Mumbai,Referral,UPI,2,52918.73,5,5291.87,100545.59,68602.17,31943.41,31.77,0,,5,10
ORD11040,CUST1190,2024-03-17,March,Q1,Fashion,Womens Clothing,Kolkata,Email,Debit Card,1,3102.7,5,155.14,2947.56,1887.71,1059.85,35.96,0,,4,1
ORD11041,CUST3995,2024-03-17,March,Q1,Home & Kitchen,Cookware,Hyderabad,Social Media,Credit Card,2,1318.1,5,131.81,2504.39,1640.87,863.52,34.48,0,,4,11
ORD11042,CUST1295,2024-03-17,March,Q1,Sports,Fitness Equipment,Mumbai,Social Media,COD,2,7584.22,0,0.0,15168.44,7701.91,7466.53,49.22,0,,5,1
ORD11043,CUST3801,2024-03-17,March,Q1,Fashion,Accessories,Bangalore,Referral,Credit Card,5,1344.46,0,0.0,6722.3,4654.48,2067.82,30.76,0,,5,10
ORD11044,CUST2616,2024-03-18,March,Q1,Home & Kitchen,Furniture,Mumbai,Email,COD,5,10689.53,15,8017.15,45430.5,32872.66,12557.84,27.64,1,Not as Described,4,6
ORD11045,CUST1544,2024-03-18,March,Q1,Books,Academic,Chennai,Paid Ads,Debit Card,3,653.35,5,98.0,1862.05,978.65,883.4,47.44,0,,4,5
ORD11046,CUST1893,2024-03-18,March,Q1,Home & Kitchen,Decor,Chennai,Email,UPI,2,9333.4,10,1866.68,16800.12,11902.37,4897.75,29.15,0,,5,11
ORD11047,CUST2132,2024-03-18,March,Q1,Fashion,Accessories,Mumbai,Organic Search,Net Banking,1,1472.62,10,147.26,1325.36,726.63,598.73,45.17,0,,1,6
ORD11048,CUST1461,2024-03-18,March,Q1,Electronics,Laptop,Bangalore,Paid Ads,Credit Card,2,20732.23,10,4146.45,37318.01,19316.06,18001.95,48.24,1,Not as Described,4,6
ORD11049,CUST3353,2024-03-18,March,Q1,Books,Fiction,Pune,Paid Ads,UPI,4,274.25,0,0.0,1097.0,638.33,458.67,41.81,0,,5,4
ORD11050,CUST1011,2024-03-18,March,Q1,Electronics,Tablet,Ahmedabad,Organic Search,UPI,1,55972.12,10,5597.21,50374.91,32932.93,17441.98,34.62,0,,5,10
ORD11051,CUST3669,2024-03-18,March,Q1,Books,Academic,Bangalore,Organic Search,UPI,1,770.82,0,0.0,770.82,383.28,387.54,50.28,0,,5,8
ORD11052,CUST1860,2024-03-18,March,Q1,Home & Kitchen,Furniture,Ahmedabad,Organic Search,UPI,1,6057.64,5,302.88,5754.76,3253.53,2501.23,43.46,0,,2,5
ORD11053,CUST3937,2024-03-18,March,Q1,Toys,Educational,Bangalore,Social Media,UPI,2,1282.25,10,256.45,2308.05,1760.38,547.67,23.73,0,,5,6
ORD11054,CUST1453,2024-03-18,March,Q1,Sports,Fitness Equipment,Bangalore,Email,UPI,1,3368.47,0,0.0,3368.47,1755.82,1612.65,47.87,0,,4,2
ORD11055,CUST3851,2024-03-18,March,Q1,Toys,Dolls,Pune,Referral,COD,2,1128.81,0,0.0,2257.62,1103.73,1153.89,51.11,0,,3,1
ORD11056,CUST1056,2024-03-19,March,Q1,Fashion,Accessories,Bangalore,Paid Ads,UPI,2,4185.73,0,0.0,8371.46,5844.46,2527.0,30.19,0,,4,8
ORD11057,CUST2693,2024-03-19,March,Q1,Sports,Sportswear,Bangalore,Social Media,Debit Card,4,1685.08,0,0.0,6740.32,3542.55,3197.77,47.44,0,,5,6
ORD11058,CUST1438,2024-03-19,March,Q1,Fashion,Footwear,Bangalore,Referral,Net Banking,2,2746.09,5,274.61,5217.57,3405.5,1812.07,34.73,0,,2,9
ORD11059,CUST2398,2024-03-19,March,Q1,Home & Kitchen,Appliances,Pune,Organic Search,Debit Card,3,14986.48,30,13487.83,31471.61,22834.45,8637.16,27.44,0,,5,5
ORD11060,CUST1845,2024-03-19,March,Q1,Home & Kitchen,Furniture,Pune,Email,Credit Card,1,6679.56,5,333.98,6345.58,3924.44,2421.14,38.15,0,,5,8
ORD11061,CUST2831,2024-03-19,March,Q1,Books,Non-Fiction,Bangalore,Email,Debit Card,1,378.62,10,37.86,340.76,206.94,133.82,39.27,0,,1,7
ORD11062,CUST1591,2024-03-19,March,Q1,Toys,Educational,Delhi,Organic Search,Credit Card,1,2536.1,15,380.42,2155.68,1750.91,404.77,18.78,0,,5,11
ORD11063,CUST1602,2024-03-19,March,Q1,Sports,Outdoor,Bangalore,Direct,Credit Card,1,4545.57,10,454.56,4091.01,2537.34,1553.67,37.98,0,,5,10
ORD11064,CUST3966,2024-03-19,March,Q1,Fashion,Accessories,Hyderabad,Email,Debit Card,1,4883.32,25,1220.83,3662.49,2910.67,751.82,20.53,1,Changed Mind,1,1
ORD11065,CUST3654,2024-03-19,March,Q1,Fashion,Footwear,Delhi,Organic Search,Credit Card,2,2011.22,20,804.49,3217.95,2760.16,457.79,14.23,0,,3,7
ORD11066,CUST1504,2024-03-19,March,Q1,Beauty,Haircare,Pune,Organic Search,UPI,2,2793.78,15,838.13,4749.43,3896.25,853.17,17.96,0,,4,4
ORD11067,CUST2510,2024-03-19,March,Q1,Fashion,Mens Clothing,Bangalore,Organic Search,Credit Card,2,2564.71,25,1282.36,3847.06,2438.6,1408.46,36.61,0,,4,6
ORD11068,CUST2331,2024-03-19,March,Q1,Electronics,Camera,Delhi,Paid Ads,Credit Card,1,32984.11,0,0.0,32984.11,21722.68,11261.43,34.14,0,,5,9
ORD11069,CUST2683,2024-03-19,March,Q1,Fashion,Womens Clothing,Mumbai,Social Media,Credit Card,1,2987.39,10,298.74,2688.65,1629.71,1058.94,39.39,0,,4,9
ORD11070,CUST2551,2024-03-19,March,Q1,Fashion,Accessories,Delhi,Social Media,Credit Card,2,1231.96,20,492.78,1971.14,1475.17,495.97,25.16,0,,5,9
ORD11071,CUST3701,2024-03-19,March,Q1,Fashion,Footwear,Ahmedabad,Organic Search,Debit Card,1,2461.44,10,246.14,2215.3,1338.44,876.86,39.58,0,,5,5
ORD11072,CUST3125,2024-03-19,March,Q1,Fashion,Footwear,Delhi,Direct,UPI,1,1782.63,30,534.79,1247.84,980.94,266.9,21.39,1,Not as Described,4,4
ORD11073,CUST3786,2024-03-19,March,Q1,Electronics,Camera,Mumbai,Paid Ads,Net Banking,1,54470.42,0,0.0,54470.42,26674.95,27795.47,51.03,0,,4,6
ORD11074,CUST2126,2024-03-19,March,Q1,Electronics,Headphones,Bangalore,Organic Search,COD,1,56021.14,5,2801.06,53220.08,33231.27,19988.81,37.56,0,,4,10
ORD11075,CUST2816,2024-03-19,March,Q1,Toys,Dolls,Delhi,Paid Ads,COD,1,2012.09,30,603.63,1408.46,1180.45,228.01,16.19,0,,4,5
ORD11076,CUST3716,2024-03-20,March,Q1,Fashion,Mens Clothing,Mumbai,Social Media,Credit Card,1,3659.42,5,182.97,3476.45,1819.97,1656.48,47.65,0,,4,10
ORD11077,CUST1825,2024-03-20,March,Q1,Fashion,Accessories,Delhi,Paid Ads,Debit Card,1,4720.56,15,708.08,4012.48,2763.57,1248.91,31.13,0,,3,5
ORD11078,CUST3601,2024-03-20,March,Q1,Beauty,Haircare,Hyderabad,Organic Search,Credit Card,2,2736.47,0,0.0,5472.94,3794.26,1678.68,30.67,0,,2,8
ORD11079,CUST1597,2024-03-20,March,Q1,Fashion,Mens Clothing,Hyderabad,Organic Search,UPI,1,946.51,15,141.98,804.53,594.98,209.56,26.05,0,,2,10
ORD11080,CUST1846,2024-03-20,March,Q1,Toys,Educational,Delhi,Email,Credit Card,1,536.57,25,134.14,402.43,305.98,96.45,23.97,0,,5,5
ORD11081,CUST2594,2024-03-20,March,Q1,Sports,Sportswear,Bangalore,Referral,UPI,3,8453.73,5,1268.06,24093.13,17220.78,6872.35,28.52,0,,3,1
ORD11082,CUST2446,2024-03-20,March,Q1,Electronics,Laptop,Ahmedabad,Paid Ads,Credit Card,2,11722.85,0,0.0,23445.7,13922.73,9522.97,40.62,0,,2,5
ORD11083,CUST1770,2024-03-20,March,Q1,Fashion,Footwear,Delhi,Paid Ads,Credit Card,1,573.92,0,0.0,573.92,277.64,296.28,51.62,0,,4,5
ORD11084,CUST3727,2024-03-20,March,Q1,Books,Fiction,Delhi,Social Media,Net Banking,4,756.12,20,604.9,2419.58,1775.0,644.59,26.64,1,Damaged Product,2,5
ORD11085,CUST3712,2024-03-20,March,Q1,Toys,Dolls,Delhi,Email,UPI,1,579.92,15,86.99,492.93,287.2,205.73,41.74,1,Not as Described,2,3
ORD11086,CUST1994,2024-03-20,March,Q1,Home & Kitchen,Furniture,Bangalore,Paid Ads,COD,1,11449.2,0,0.0,11449.2,7348.97,4100.23,35.81,0,,4,9
ORD11087,CUST3006,2024-03-20,March,Q1,Home & Kitchen,Appliances,Chennai,Direct,UPI,5,9658.32,0,0.0,48291.6,33407.82,14883.78,30.82,0,,4,5
ORD11088,CUST3002,2024-03-21,March,Q1,Electronics,Camera,Delhi,Social Media,COD,3,45855.03,20,27513.02,110052.07,74313.3,35738.77,32.47,1,Changed Mind,1,2
ORD11089,CUST2121,2024-03-21,March,Q1,Toys,Board Games,Chennai,Paid Ads,UPI,1,2010.52,20,402.1,1608.42,1123.34,485.08,30.16,0,,4,5
ORD11090,CUST2791,2024-03-21,March,Q1,Fashion,Footwear,Mumbai,Social Media,Net Banking,2,2765.13,0,0.0,5530.26,3071.36,2458.9,44.46,0,,4,9
ORD11091,CUST1200,2024-03-21,March,Q1,Toys,Educational,Bangalore,Referral,Debit Card,2,2475.85,5,247.58,4704.12,2581.44,2122.67,45.12,0,,4,8
ORD11092,CUST2032,2024-03-21,March,Q1,Beauty,Fragrance,Pune,Email,UPI,1,2069.59,15,310.44,1759.15,1342.22,416.93,23.7,0,,5,6
ORD11093,CUST1012,2024-03-21,March,Q1,Home & Kitchen,Decor,Delhi,Organic Search,UPI,1,12894.21,10,1289.42,11604.79,7793.67,3811.11,32.84,0,,3,9
ORD11094,CUST2774,2024-03-21,March,Q1,Home & Kitchen,Cookware,Hyderabad,Paid Ads,Debit Card,1,3808.57,25,952.14,2856.43,1774.84,1081.58,37.86,1,Late Delivery,4,7
ORD11095,CUST2898,2024-03-21,March,Q1,Fashion,Mens Clothing,Delhi,Paid Ads,COD,3,3995.96,10,1198.79,10789.09,7908.42,2880.67,26.7,1,Late Delivery,5,2
ORD11096,CUST1649,2024-03-21,March,Q1,Electronics,Camera,Chennai,Paid Ads,Net Banking,1,46369.09,15,6955.36,39413.73,23034.87,16378.86,41.56,0,,5,1
ORD11097,CUST1251,2024-03-21,March,Q1,Fashion,Mens Clothing,Mumbai,Email,UPI,2,1015.25,10,203.05,1827.45,1410.77,416.68,22.8,0,,5,3
ORD11098,CUST1244,2024-03-21,March,Q1,Electronics,Mobile,Kolkata,Direct,Debit Card,1,69225.7,25,17306.42,51919.27,37670.26,14249.02,27.44,0,,4,11
ORD11099,CUST2879,2024-03-21,March,Q1,Sports,Fitness Equipment,Mumbai,Email,UPI,1,9530.24,5,476.51,9053.73,5757.34,3296.39,36.41,0,,4,4
ORD11100,CUST3147,2024-03-21,March,Q1,Fashion,Womens Clothing,Kolkata,Referral,COD,2,2077.76,0,0.0,4155.52,1950.83,2204.69,53.05,0,,4,9
ORD11101,CUST2184,2024-03-21,March,Q1,Electronics,Mobile,Delhi,Organic Search,UPI,2,64531.34,5,6453.13,122609.55,69199.0,53410.55,43.56,0,,5,5
ORD11102,CUST1834,2024-03-21,March,Q1,Toys,Board Games,Chennai,Direct,Credit Card,1,1552.66,20,310.53,1242.13,1010.14,231.99,18.68,0,,5,2
ORD11103,CUST2693,2024-03-21,March,Q1,Books,Fiction,Delhi,Email,UPI,1,740.2,10,74.02,666.18,421.4,244.78,36.74,0,,4,10
ORD11104,CUST1452,2024-03-22,March,Q1,Books,Children,Kolkata,Paid Ads,Credit Card,2,569.16,5,56.92,1081.4,769.68,311.73,28.83,0,,3,5
ORD11105,CUST2176,2024-03-22,March,Q1,Toys,Board Games,Mumbai,Email,UPI,1,2418.51,10,241.85,2176.66,1436.07,740.58,34.02,0,,4,2
ORD11106,CUST1576,2024-03-22,March,Q1,Electronics,Mobile,Mumbai,Organic Search,Debit Card,1,34685.64,0,0.0,34685.64,23660.57,11025.07,31.79,0,,3,9
ORD11107,CUST2160,2024-03-22,March,Q1,Fashion,Mens Clothing,Bangalore,Email,UPI,2,4728.28,0,0.0,9456.56,6578.48,2878.08,30.43,0,,5,6
ORD11108,CUST2144,2024-03-22,March,Q1,Sports,Sportswear,Mumbai,Social Media,UPI,1,7930.86,0,0.0,7930.86,4468.83,3462.03,43.65,0,,3,5
ORD11109,CUST1725,2024-03-22,March,Q1,Beauty,Fragrance,Mumbai,Paid Ads,Credit Card,1,1621.17,10,162.12,1459.05,958.58,500.47,34.3,0,,3,2
ORD11110,CUST2745,2024-03-22,March,Q1,Electronics,Tablet,Ahmedabad,Social Media,Credit Card,1,25070.69,15,3760.6,21310.09,16514.82,4795.27,22.5,0,,5,7
ORD11111,CUST1056,2024-03-22,March,Q1,Sports,Sportswear,Ahmedabad,Social Media,Debit Card,3,6757.48,20,4054.49,16217.95,10245.35,5972.6,36.83,0,,2,7
ORD11112,CUST2938,2024-03-22,March,Q1,Fashion,Footwear,Delhi,Organic Search,Credit Card,1,1883.29,25,470.82,1412.47,1253.16,159.31,11.28,0,,3,2
ORD11113,CUST3169,2024-03-22,March,Q1,Fashion,Mens Clothing,Kolkata,Organic Search,Debit Card,2,4562.03,5,456.2,8667.86,5456.01,3211.85,37.05,0,,4,10
ORD11114,CUST1267,2024-03-22,March,Q1,Home & Kitchen,Decor,Hyderabad,Paid Ads,Net Banking,1,13712.6,15,2056.89,11655.71,8657.79,2997.92,25.72,0,,4,6
ORD11115,CUST3402,2024-03-22,March,Q1,Home & Kitchen,Furniture,Delhi,Social Media,COD,1,10360.87,0,0.0,10360.87,4869.23,5491.64,53.0,1,Changed Mind,4,10
ORD11116,CUST2861,2024-03-22,March,Q1,Home & Kitchen,Cookware,Chennai,Direct,COD,1,859.04,0,0.0,859.04,551.11,307.93,35.85,0,,4,10
ORD11117,CUST2424,2024-03-22,March,Q1,Electronics,Mobile,Hyderabad,Referral,Net Banking,1,73179.43,0,0.0,73179.43,38616.55,34562.88,47.23,0,,3,3
ORD11118,CUST2241,2024-03-22,March,Q1,Books,Non-Fiction,Ahmedabad,Social Media,Debit Card,3,171.24,5,25.69,488.03,334.59,153.44,31.44,0,,4,8
ORD11119,CUST3638,2024-03-22,March,Q1,Fashion,Accessories,Delhi,Email,Debit Card,1,618.11,0,0.0,618.11,356.83,261.28,42.27,0,,4,5
ORD11120,CUST1918,2024-03-23,March,Q1,Electronics,Mobile,Chennai,Paid Ads,Credit Card,2,64288.26,0,0.0,128576.52,66686.67,61889.85,48.13,0,,5,8
ORD11121,CUST2840,2024-03-23,March,Q1,Books,Children,Mumbai,Email,COD,1,696.5,10,69.65,626.85,479.32,147.53,23.53,0,,4,7
ORD11122,CUST1822,2024-03-23,March,Q1,Toys,Action Figures,Mumbai,Organic Search,UPI,1,1701.2,5,85.06,1616.14,1090.92,525.22,32.5,0,,4,11
ORD11123,CUST3819,2024-03-23,March,Q1,Books,Academic,Mumbai,Paid Ads,Credit Card,1,631.81,10,63.18,568.63,440.01,128.62,22.62,0,,4,8
ORD11124,CUST2128,2024-03-23,March,Q1,Sports,Sportswear,Ahmedabad,Social Media,Debit Card,2,3515.97,5,351.6,6680.34,3805.11,2875.24,43.04,0,,2,1
ORD11125,CUST2953,2024-03-23,March,Q1,Beauty,Fragrance,Pune,Organic Search,UPI,3,677.15,0,0.0,2031.45,1243.87,787.58,38.77,0,,3,6
ORD11126,CUST2599,2024-03-23,March,Q1,Home & Kitchen,Decor,Pune,Email,UPI,3,8925.06,0,0.0,26775.18,16142.68,10632.5,39.71,0,,5,11
ORD11127,CUST2104,2024-03-23,March,Q1,Electronics,Mobile,Bangalore,Direct,COD,1,37251.48,0,0.0,37251.48,23166.29,14085.19,37.81,1,Wrong Item,3,3
ORD11128,CUST1657,2024-03-24,March,Q1,Fashion,Footwear,Delhi,Paid Ads,Debit Card,2,3000.83,0,0.0,6001.66,2758.24,3243.42,54.04,1,Late Delivery,4,5
ORD11129,CUST2967,2024-03-24,March,Q1,Fashion,Mens Clothing,Mumbai,Paid Ads,COD,1,2261.13,10,226.11,2035.02,1182.41,852.6,41.9,0,,2,2
ORD11130,CUST1903,2024-03-24,March,Q1,Fashion,Mens Clothing,Delhi,Direct,Debit Card,2,3273.21,15,981.96,5564.46,4434.12,1130.34,20.31,1,Late Delivery,5,11
ORD11131,CUST2794,2024-03-24,March,Q1,Beauty,Makeup,Delhi,Email,UPI,4,1301.29,5,260.26,4944.9,2893.83,2051.07,41.48,0,,5,4
ORD11132,CUST1546,2024-03-24,March,Q1,Home & Kitchen,Cookware,Chennai,Paid Ads,Net Banking,1,1532.45,5,76.62,1455.83,1057.64,398.19,27.35,0,,4,6
ORD11133,CUST1070,2024-03-24,March,Q1,Electronics,Laptop,Bangalore,Paid Ads,COD,1,74895.53,20,14979.11,59916.42,37700.6,22215.83,37.08,0,,4,1
ORD11134,CUST1960,2024-03-24,March,Q1,Fashion,Mens Clothing,Mumbai,Social Media,Credit Card,2,2430.96,0,0.0,4861.92,3400.21,1461.71,30.06,0,,4,2
ORD11135,CUST3642,2024-03-24,March,Q1,Beauty,Skincare,Mumbai,Social Media,Credit Card,2,2830.3,0,0.0,5660.6,3534.45,2126.15,37.56,1,Size Issue,5,2
ORD11136,CUST2990,2024-03-24,March,Q1,Electronics,Laptop,Mumbai,Organic Search,UPI,1,34280.88,10,3428.09,30852.79,22080.26,8772.53,28.43,0,,1,9
ORD11137,CUST2575,2024-03-24,March,Q1,Books,Children,Bangalore,Paid Ads,Debit Card,5,623.27,10,311.64,2804.72,1711.55,1093.17,38.98,0,,4,11
ORD11138,CUST1896,2024-03-24,March,Q1,Home & Kitchen,Furniture,Ahmedabad,Direct,UPI,2,6524.29,10,1304.86,11743.72,8830.65,2913.07,24.81,0,,4,5
ORD11139,CUST3259,2024-03-24,March,Q1,Home & Kitchen,Furniture,Hyderabad,Social Media,Net Banking,1,5317.37,15,797.61,4519.76,3117.92,1401.84,31.02,0,,4,5
ORD11140,CUST3087,2024-03-25,March,Q1,Home & Kitchen,Furniture,Pune,Referral,Credit Card,1,3049.9,0,0.0,3049.9,1891.65,1158.25,37.98,0,,3,6
ORD11141,CUST3629,2024-03-25,March,Q1,Sports,Sportswear,Bangalore,Email,UPI,2,2694.21,5,269.42,5119.0,2552.51,2566.49,50.14,0,,3,10
ORD11142,CUST1592,2024-03-25,March,Q1,Fashion,Womens Clothing,Delhi,Referral,Credit Card,1,3695.11,0,0.0,3695.11,2246.33,1448.78,39.21,0,,5,3
ORD11143,CUST1449,2024-03-25,March,Q1,Beauty,Fragrance,Mumbai,Organic Search,COD,1,553.72,15,83.06,470.66,370.86,99.8,21.2,0,,2,9
ORD11144,CUST2096,2024-03-25,March,Q1,Home & Kitchen,Cookware,Kolkata,Email,Net Banking,2,2480.89,20,992.36,3969.42,2453.95,1515.47,38.18,1,Wrong Item,4,3
ORD11145,CUST3954,2024-03-25,March,Q1,Fashion,Footwear,Pune,Organic Search,UPI,2,3096.2,0,0.0,6192.4,3928.65,2263.75,36.56,0,,4,4
ORD11146,CUST2518,2024-03-25,March,Q1,Books,Children,Mumbai,Social Media,Credit Card,2,404.81,0,0.0,809.62,369.47,440.15,54.36,0,,3,9
ORD11147,CUST3138,2024-03-25,March,Q1,Sports,Sportswear,Bangalore,Paid Ads,UPI,1,7740.63,0,0.0,7740.63,5275.63,2465.0,31.84,0,,4,10
ORD11148,CUST2043,2024-03-25,March,Q1,Beauty,Fragrance,Bangalore,Paid Ads,UPI,2,2766.66,0,0.0,5533.32,3849.69,1683.63,30.43,0,,5,8
ORD11149,CUST3825,2024-03-25,March,Q1,Books,Fiction,Hyderabad,Direct,Debit Card,5,694.27,5,173.57,3297.78,1869.48,1428.3,43.31,0,,4,6
ORD11150,CUST1404,2024-03-25,March,Q1,Books,Non-Fiction,Ahmedabad,Direct,COD,1,253.38,10,25.34,228.04,120.8,107.24,47.03,0,,5,8
ORD11151,CUST2113,2024-03-25,March,Q1,Beauty,Haircare,Hyderabad,Organic Search,Net Banking,2,1102.73,30,661.64,1543.82,1355.57,188.25,12.19,0,,4,1
ORD11152,CUST3696,2024-03-25,March,Q1,Sports,Sportswear,Hyderabad,Social Media,UPI,4,1385.92,5,277.18,5266.5,2536.0,2730.49,51.85,0,,4,4
ORD11153,CUST3115,2024-03-25,March,Q1,Beauty,Fragrance,Mumbai,Paid Ads,UPI,2,271.79,0,0.0,543.58,310.18,233.4,42.94,0,,4,10
ORD11154,CUST2270,2024-03-25,March,Q1,Beauty,Makeup,Mumbai,Paid Ads,Debit Card,2,232.31,0,0.0,464.62,240.65,223.97,48.21,0,,5,11
ORD11155,CUST2653,2024-03-26,March,Q1,Home & Kitchen,Furniture,Mumbai,Direct,UPI,1,11734.46,0,0.0,11734.46,6669.1,5065.36,43.17,0,,4,4
ORD11156,CUST1083,2024-03-26,March,Q1,Sports,Sportswear,Mumbai,Paid Ads,Debit Card,1,1953.96,0,0.0,1953.96,888.21,1065.75,54.54,0,,4,2
ORD11157,CUST1257,2024-03-26,March,Q1,Electronics,Camera,Chennai,Referral,Debit Card,2,51357.47,15,15407.24,87307.7,47547.06,39760.64,45.54,0,,4,2
ORD11158,CUST3323,2024-03-26,March,Q1,Books,Children,Chennai,Organic Search,Credit Card,2,503.39,0,0.0,1006.78,457.07,549.71,54.6,0,,4,11
ORD11159,CUST1438,2024-03-26,March,Q1,Books,Academic,Mumbai,Social Media,Debit Card,5,782.06,30,1173.09,2737.21,2364.88,372.33,13.6,0,,3,10
ORD11160,CUST1988,2024-03-26,March,Q1,Electronics,Headphones,Pune,Social Media,Credit Card,1,47884.54,10,4788.45,43096.09,28252.99,14843.1,34.44,0,,2,9
ORD11161,CUST2158,2024-03-26,March,Q1,Sports,Sportswear,Mumbai,Organic Search,UPI,1,740.25,10,74.03,666.22,376.26,289.96,43.52,0,,5,6
ORD11162,CUST2032,2024-03-26,March,Q1,Electronics,Headphones,Delhi,Paid Ads,UPI,1,60062.69,5,3003.13,57059.56,36737.99,20321.56,35.61,0,,3,7
ORD11163,CUST2000,2024-03-26,March,Q1,Fashion,Footwear,Delhi,Direct,UPI,2,4925.36,15,1477.61,8373.11,6610.34,1762.77,21.05,0,,4,11
ORD11164,CUST3737,2024-03-26,March,Q1,Beauty,Fragrance,Delhi,Email,Debit Card,1,1976.5,10,197.65,1778.85,1026.46,752.39,42.3,0,,5,11
ORD11165,CUST3277,2024-03-26,March,Q1,Electronics,Tablet,Delhi,Paid Ads,Debit Card,2,63319.23,5,6331.92,120306.54,83327.91,36978.63,30.74,0,,4,4
ORD11166,CUST3513,2024-03-26,March,Q1,Sports,Sportswear,Bangalore,Social Media,COD,1,2272.27,0,0.0,2272.27,1398.87,873.4,38.44,0,,2,3
ORD11167,CUST3352,2024-03-26,March,Q1,Sports,Outdoor,Bangalore,Organic Search,UPI,1,6698.97,25,1674.74,5024.23,3071.18,1953.05,38.87,0,,5,3
ORD11168,CUST3170,2024-03-26,March,Q1,Home & Kitchen,Furniture,Ahmedabad,Organic Search,Net Banking,1,3948.92,0,0.0,3948.92,2147.37,1801.55,45.62,1,Changed Mind,3,5
ORD11169,CUST1749,2024-03-26,March,Q1,Electronics,Camera,Mumbai,Paid Ads,Debit Card,3,19537.17,5,2930.58,55680.93,33815.28,21865.65,39.27,0,,4,11
ORD11170,CUST3570,2024-03-27,March,Q1,Fashion,Womens Clothing,Mumbai,Organic Search,UPI,2,4282.06,5,428.21,8135.91,5420.44,2715.47,33.38,0,,4,6
ORD11171,CUST3035,2024-03-27,March,Q1,Home & Kitchen,Appliances,Mumbai,Direct,Credit Card,4,11113.64,0,0.0,44454.56,23195.62,21258.94,47.82,0,,3,2
ORD11172,CUST3164,2024-03-27,March,Q1,Toys,Educational,Hyderabad,Email,UPI,2,2479.16,0,0.0,4958.32,3449.42,1508.9,30.43,0,,2,7
ORD11173,CUST1013,2024-03-27,March,Q1,Beauty,Makeup,Mumbai,Referral,COD,1,1258.7,0,0.0,1258.7,781.82,476.88,37.89,0,,3,7
ORD11174,CUST1610,2024-03-27,March,Q1,Fashion,Accessories,Pune,Social Media,Net Banking,1,1672.16,15,250.82,1421.34,908.32,513.01,36.09,0,,2,1
ORD11175,CUST1080,2024-03-27,March,Q1,Beauty,Fragrance,Bangalore,Referral,Net Banking,5,344.9,5,86.22,1638.28,817.85,820.42,50.08,0,,3,7
ORD11176,CUST2340,2024-03-27,March,Q1,Home & Kitchen,Appliances,Bangalore,Social Media,Debit Card,2,1978.08,15,593.42,3362.74,1959.65,1403.08,41.72,0,,5,4
ORD11177,CUST3824,2024-03-27,March,Q1,Sports,Fitness Equipment,Hyderabad,Social Media,UPI,1,1865.81,15,279.87,1585.94,1067.06,518.88,32.72,0,,4,4
ORD11178,CUST3268,2024-03-27,March,Q1,Electronics,Mobile,Mumbai,Referral,UPI,2,6735.56,0,0.0,13471.12,7728.03,5743.09,42.63,0,,5,3
ORD11179,CUST2719,2024-03-27,March,Q1,Sports,Outdoor,Mumbai,Social Media,UPI,1,9855.58,10,985.56,8870.02,6326.59,2543.43,28.67,0,,4,9
ORD11180,CUST3326,2024-03-27,March,Q1,Home & Kitchen,Cookware,Delhi,Organic Search,Credit Card,1,13110.53,15,1966.58,11143.95,8279.88,2864.07,25.7,0,,4,3
ORD11181,CUST2397,2024-03-27,March,Q1,Toys,Board Games,Hyderabad,Email,COD,1,599.52,10,59.95,539.57,299.95,239.62,44.41,0,,3,4
ORD11182,CUST1005,2024-03-28,March,Q1,Fashion,Footwear,Delhi,Direct,COD,3,4672.4,10,1401.72,12615.48,8392.65,4222.83,33.47,0,,3,3
ORD11183,CUST2970,2024-03-28,March,Q1,Beauty,Skincare,Mumbai,Email,Debit Card,1,543.52,15,81.53,461.99,247.39,214.61,46.45,0,,4,8
ORD11184,CUST1792,2024-03-28,March,Q1,Toys,Educational,Ahmedabad,Social Media,Debit Card,1,682.96,0,0.0,682.96,375.38,307.58,45.04,0,,5,8
ORD11185,CUST1767,2024-03-28,March,Q1,Electronics,Laptop,Mumbai,Social Media,Credit Card,1,24649.6,15,3697.44,20952.16,15801.04,5151.12,24.59,0,,1,10
ORD11186,CUST1444,2024-03-28,March,Q1,Toys,Board Games,Pune,Referral,UPI,1,787.69,0,0.0,787.69,433.13,354.56,45.01,0,,4,8
ORD11187,CUST4000,2024-03-28,March,Q1,Beauty,Makeup,Pune,Organic Search,Debit Card,1,416.67,10,41.67,375.0,274.54,100.46,26.79,0,,2,5
ORD11188,CUST2254,2024-03-28,March,Q1,Electronics,Mobile,Delhi,Social Media,COD,1,68346.77,0,0.0,68346.77,47435.31,20911.46,30.6,0,,4,7
ORD11189,CUST3952,2024-03-28,March,Q1,Fashion,Footwear,Mumbai,Paid Ads,UPI,1,4607.24,20,921.45,3685.79,2772.65,913.14,24.77,0,,4,3
ORD11190,CUST2740,2024-03-28,March,Q1,Beauty,Haircare,Mumbai,Social Media,UPI,4,782.32,10,312.93,2816.35,1521.62,1294.74,45.97,0,,5,8
ORD11191,CUST2028,2024-03-28,March,Q1,Electronics,Mobile,Chennai,Social Media,UPI,1,12550.38,10,1255.04,11295.34,6838.94,4456.4,39.45,0,,3,10
ORD11192,CUST3850,2024-03-29,March,Q1,Home & Kitchen,Cookware,Hyderabad,Organic Search,Credit Card,1,12095.27,15,1814.29,10280.98,5471.55,4809.43,46.78,0,,3,2
ORD11193,CUST2113,2024-03-29,March,Q1,Fashion,Accessories,Pune,Organic Search,Net Banking,1,2361.85,20,472.37,1889.48,1418.72,470.76,24.91,0,,4,8
ORD11194,CUST3401,2024-03-29,March,Q1,Home & Kitchen,Decor,Ahmedabad,Social Media,UPI,2,7708.55,15,2312.56,13104.54,10104.25,3000.29,22.9,0,,5,6
ORD11195,CUST1817,2024-03-29,March,Q1,Electronics,Laptop,Chennai,Organic Search,Net Banking,3,51926.21,0,0.0,155778.63,94633.18,61145.45,39.25,0,,4,2
ORD11196,CUST3575,2024-03-29,March,Q1,Books,Non-Fiction,Mumbai,Organic Search,UPI,1,286.69,20,57.34,229.35,185.35,44.0,19.18,1,Size Issue,4,6
ORD11197,CUST2646,2024-03-29,March,Q1,Toys,Educational,Delhi,Direct,UPI,3,1433.75,10,430.12,3871.12,2795.71,1075.42,27.78,0,,4,11
ORD11198,CUST3743,2024-03-29,March,Q1,Toys,Educational,Pune,Paid Ads,Credit Card,2,2702.23,10,540.45,4864.01,3581.82,1282.19,26.36,0,,2,10
ORD11199,CUST3464,2024-03-29,March,Q1,Beauty,Haircare,Delhi,Paid Ads,UPI,2,1973.95,25,986.98,2960.92,2039.75,921.18,31.11,1,Changed Mind,5,2
ORD11200,CUST3315,2024-03-29,March,Q1,Electronics,Laptop,Mumbai,Referral,UPI,1,38815.89,0,0.0,38815.89,25921.92,12893.97,33.22,0,,3,3
ORD11201,CUST3310,2024-03-29,March,Q1,Sports,Outdoor,Chennai,Organic Search,UPI,1,2030.48,0,0.0,2030.48,1245.75,784.73,38.65,0,,5,11
ORD11202,CUST2461,2024-03-29,March,Q1,Electronics,Headphones,Bangalore,Paid Ads,UPI,2,27406.62,10,5481.32,49331.92,28636.16,20695.76,41.95,0,,4,5
ORD11203,CUST1393,2024-03-29,March,Q1,Electronics,Mobile,Kolkata,Social Media,Credit Card,3,72772.86,15,32747.79,185570.79,152129.56,33441.24,18.02,0,,4,1
ORD11204,CUST2556,2024-03-29,March,Q1,Fashion,Accessories,Hyderabad,Email,Net Banking,2,3468.5,5,346.85,6590.15,4769.5,1820.65,27.63,0,,2,9
ORD11205,CUST2932,2024-03-29,March,Q1,Home & Kitchen,Furniture,Mumbai,Direct,Net Banking,1,9763.23,10,976.32,8786.91,5795.55,2991.35,34.04,0,,5,10
ORD11206,CUST3558,2024-03-30,March,Q1,Sports,Sportswear,Ahmedabad,Direct,Credit Card,1,8620.68,10,862.07,7758.61,5696.56,2062.05,26.58,0,,3,3
ORD11207,CUST1803,2024-03-30,March,Q1,Beauty,Skincare,Delhi,Email,Net Banking,2,528.18,10,105.64,950.72,544.42,406.3,42.74,0,,4,1
ORD11208,CUST2003,2024-03-30,March,Q1,Fashion,Footwear,Delhi,Organic Search,Debit Card,2,2042.65,20,817.06,3268.24,2263.29,1004.95,30.75,0,,5,6
ORD11209,CUST2330,2024-03-30,March,Q1,Fashion,Accessories,Bangalore,Organic Search,UPI,1,2060.53,0,0.0,2060.53,1022.01,1038.52,50.4,0,,4,1
ORD11210,CUST1187,2024-03-30,March,Q1,Toys,Board Games,Mumbai,Paid Ads,Debit Card,1,2986.27,15,447.94,2538.33,1732.11,806.22,31.76,1,Not as Described,4,3
ORD11211,CUST2376,2024-03-30,March,Q1,Fashion,Accessories,Bangalore,Organic Search,Net Banking,1,3199.97,15,480.0,2719.97,1836.78,883.19,32.47,0,,5,7
ORD11212,CUST2461,2024-03-30,March,Q1,Home & Kitchen,Cookware,Mumbai,Email,Credit Card,2,871.21,5,87.12,1655.3,876.79,778.51,47.03,0,,3,4
ORD11213,CUST2930,2024-03-30,March,Q1,Electronics,Camera,Bangalore,Social Media,UPI,2,44131.14,5,4413.11,83849.17,54563.78,29285.39,34.93,0,,5,9
ORD11214,CUST1987,2024-03-30,March,Q1,Sports,Sportswear,Delhi,Organic Search,Debit Card,3,2917.76,0,0.0,8753.28,4196.74,4556.54,52.06,0,,3,7
ORD11215,CUST3181,2024-03-30,March,Q1,Beauty,Makeup,Pune,Direct,Debit Card,2,540.46,15,162.14,918.78,503.08,415.7,45.24,0,,4,5
ORD11216,CUST2365,2024-03-30,March,Q1,Fashion,Mens Clothing,Pune,Organic Search,UPI,1,3227.5,5,161.38,3066.12,1762.95,1303.18,42.5,0,,3,9
ORD11217,CUST3019,2024-03-30,March,Q1,Electronics,Camera,Mumbai,Paid Ads,Credit Card,2,45196.56,5,4519.66,85873.46,49938.24,35935.22,41.85,0,,1,3
ORD11218,CUST1932,2024-03-30,March,Q1,Beauty,Fragrance,Delhi,Social Media,UPI,5,1650.39,5,412.6,7839.35,4373.0,3466.35,44.22,0,,3,11
ORD11219,CUST2764,2024-03-30,March,Q1,Beauty,Skincare,Delhi,Paid Ads,Net Banking,3,2330.69,10,699.21,6292.86,3597.33,2695.54,42.83,0,,2,8
ORD11220,CUST3303,2024-03-30,March,Q1,Fashion,Mens Clothing,Mumbai,Paid Ads,COD,3,1473.38,15,663.02,3757.12,2363.42,1393.7,37.09,0,,5,8
ORD11221,CUST1067,2024-03-30,March,Q1,Toys,Educational,Pune,Organic Search,COD,1,1285.2,15,192.78,1092.42,630.83,461.59,42.25,0,,5,4
ORD11222,CUST3825,2024-03-30,March,Q1,Electronics,Headphones,Chennai,Paid Ads,Debit Card,2,72392.93,5,7239.29,137546.57,79757.19,57789.38,42.01,0,,1,1
ORD11223,CUST1312,2024-03-30,March,Q1,Fashion,Accessories,Mumbai,Email,Debit Card,3,632.74,15,284.73,1613.49,1283.48,330.0,20.45,0,,3,4
ORD11224,CUST1422,2024-03-30,March,Q1,Toys,Dolls,Delhi,Direct,UPI,2,674.13,15,202.24,1146.02,682.36,463.66,40.46,1,Not as Described,4,9
ORD11225,CUST3314,2024-03-31,March,Q1,Fashion,Mens Clothing,Mumbai,Paid Ads,Credit Card,1,875.49,0,0.0,875.49,543.78,331.71,37.89,0,,4,10
ORD11226,CUST1561,2024-03-31,March,Q1,Beauty,Haircare,Hyderabad,Paid Ads,Net Banking,4,2136.48,0,0.0,8545.92,4148.58,4397.34,51.46,0,,5,1
ORD11227,CUST1947,2024-03-31,March,Q1,Fashion,Mens Clothing,Mumbai,Email,Credit Card,1,1069.61,20,213.92,855.69,575.96,279.73,32.69,0,,4,3
ORD11228,CUST2682,2024-03-31,March,Q1,Fashion,Accessories,Ahmedabad,Referral,COD,1,1731.5,15,259.73,1471.78,918.2,553.57,37.61,0,,4,8
ORD11229,CUST1179,2024-03-31,March,Q1,Toys,Action Figures,Pune,Organic Search,Credit Card,1,837.94,10,83.79,754.15,573.37,180.78,23.97,0,,4,3
ORD11230,CUST1839,2024-03-31,March,Q1,Fashion,Footwear,Bangalore,Paid Ads,COD,2,913.86,0,0.0,1827.72,1018.03,809.69,44.3,1,Size Issue,4,2
ORD11231,CUST2913,2024-03-31,March,Q1,Books,Fiction,Hyderabad,Email,Credit Card,1,610.25,20,122.05,488.2,379.95,108.25,22.17,0,,3,1
ORD11232,CUST2689,2024-03-31,March,Q1,Fashion,Footwear,Kolkata,Social Media,Credit Card,1,3433.66,10,343.37,3090.29,2062.31,1027.98,33.26,0,,4,9
ORD11233,CUST3191,2024-03-31,March,Q1,Fashion,Womens Clothing,Hyderabad,Organic Search,UPI,2,2601.7,20,1040.68,4162.72,2524.99,1637.73,39.34,1,Not as Described,2,11
ORD11234,CUST1297,2024-03-31,March,Q1,Electronics,Headphones,Mumbai,Social Media,Debit Card,2,65675.88,30,39405.53,91946.23,89960.86,1985.37,2.16,1,Wrong Item,4,10
ORD11235,CUST1420,2024-03-31,March,Q1,Beauty,Haircare,Delhi,Organic Search,UPI,2,1420.97,25,710.48,2131.46,1524.61,606.85,28.47,0,,4,3
ORD11236,CUST3789,2024-04-01,April,Q2,Fashion,Womens Clothing,Pune,Social Media,UPI,1,4758.56,20,951.71,3806.85,2194.6,1612.25,42.35,0,,5,7
ORD11237,CUST3246,2024-04-01,April,Q2,Books,Fiction,Hyderabad,Social Media,Credit Card,2,749.53,0,0.0,1499.06,787.17,711.89,47.49,0,,3,10
ORD11238,CUST2807,2024-04-01,April,Q2,Home & Kitchen,Appliances,Hyderabad,Direct,Net Banking,1,4351.32,20,870.26,3481.06,2323.21,1157.85,33.26,0,,4,3
ORD11239,CUST3942,2024-04-01,April,Q2,Toys,Dolls,Kolkata,Paid Ads,UPI,1,834.27,0,0.0,834.27,394.77,439.5,52.68,0,,3,8
ORD11240,CUST1555,2024-04-01,April,Q2,Electronics,Camera,Kolkata,Organic Search,UPI,1,68452.68,20,13690.54,54762.14,41413.48,13348.66,24.38,0,,4,9
ORD11241,CUST1904,2024-04-01,April,Q2,Books,Fiction,Kolkata,Organic Search,UPI,3,616.31,0,0.0,1848.93,992.3,856.63,46.33,0,,5,8
ORD11242,CUST1878,2024-04-01,April,Q2,Sports,Fitness Equipment,Mumbai,Direct,UPI,1,9637.78,10,963.78,8674.0,5852.87,2821.14,32.52,0,,5,5
ORD11243,CUST1894,2024-04-01,April,Q2,Sports,Outdoor,Hyderabad,Organic Search,Debit Card,1,1477.5,0,0.0,1477.5,667.36,810.14,54.83,0,,5,11
ORD11244,CUST2519,2024-04-01,April,Q2,Sports,Outdoor,Chennai,Paid Ads,Credit Card,1,8034.96,15,1205.24,6829.72,5588.41,1241.3,18.18,0,,5,10
ORD11245,CUST1396,2024-04-02,April,Q2,Sports,Outdoor,Chennai,Organic Search,UPI,1,6082.0,0,0.0,6082.0,2996.17,3085.83,50.74,0,,5,2
ORD11246,CUST1149,2024-04-02,April,Q2,Home & Kitchen,Furniture,Hyderabad,Email,Debit Card,4,3152.27,5,630.45,11978.63,7752.48,4226.15,35.28,0,,3,6
ORD11247,CUST2050,2024-04-02,April,Q2,Electronics,Laptop,Mumbai,Paid Ads,Debit Card,4,20437.39,20,16349.91,65399.65,51416.06,13983.58,21.38,0,,3,8
ORD11248,CUST1047,2024-04-02,April,Q2,Electronics,Headphones,Pune,Paid Ads,UPI,1,59154.53,15,8873.18,50281.35,29157.39,21123.96,42.01,0,,4,2
ORD11249,CUST3406,2024-04-02,April,Q2,Books,Fiction,Chennai,Paid Ads,UPI,1,431.76,0,0.0,431.76,206.35,225.41,52.21,0,,5,6
ORD11250,CUST2675,2024-04-02,April,Q2,Home & Kitchen,Appliances,Mumbai,Direct,Credit Card,1,7135.44,5,356.77,6778.67,3483.12,3295.54,48.62,0,,4,7
ORD11251,CUST1492,2024-04-02,April,Q2,Sports,Sportswear,Bangalore,Social Media,Debit Card,2,6165.13,0,0.0,12330.26,6309.45,6020.81,48.83,0,,3,9
ORD11252,CUST2148,2024-04-02,April,Q2,Home & Kitchen,Cookware,Mumbai,Email,Debit Card,1,4657.77,15,698.67,3959.1,2291.89,1667.21,42.11,0,,5,11
ORD11253,CUST3633,2024-04-02,April,Q2,Electronics,Camera,Delhi,Direct,Credit Card,1,28906.15,30,8671.84,20234.3,17878.45,2355.86,11.64,0,,4,9
ORD11254,CUST3411,2024-04-02,April,Q2,Electronics,Tablet,Mumbai,Direct,Credit Card,1,13066.93,15,1960.04,11106.89,7254.87,3852.02,34.68,0,,4,2
ORD11255,CUST2842,2024-04-02,April,Q2,Beauty,Makeup,Bangalore,Paid Ads,Credit Card,1,1272.53,0,0.0,1272.53,743.73,528.8,41.56,0,,5,1
ORD11256,CUST1856,2024-04-02,April,Q2,Fashion,Mens Clothing,Hyderabad,Referral,Net Banking,1,1398.74,5,69.94,1328.8,645.99,682.82,51.39,0,,5,7
ORD11257,CUST1382,2024-04-02,April,Q2,Fashion,Accessories,Hyderabad,Organic Search,UPI,1,2088.12,30,626.44,1461.68,1389.25,72.43,4.96,1,Changed Mind,5,6
ORD11258,CUST2395,2024-04-03,April,Q2,Home & Kitchen,Appliances,Chennai,Paid Ads,Credit Card,1,13550.1,0,0.0,13550.1,6675.36,6874.74,50.74,0,,5,10
ORD11259,CUST1969,2024-04-03,April,Q2,Electronics,Laptop,Pune,Direct,Credit Card,1,66450.63,10,6645.06,59805.57,35885.87,23919.7,40.0,0,,4,10
ORD11260,CUST3505,2024-04-03,April,Q2,Home & Kitchen,Furniture,Delhi,Organic Search,UPI,5,7181.53,5,1795.38,34112.27,16803.9,17308.37,50.74,0,,4,10
ORD11261,CUST1486,2024-04-03,April,Q2,Fashion,Accessories,Mumbai,Organic Search,Debit Card,1,4502.52,15,675.38,3827.14,2180.11,1647.03,43.04,0,,4,4
ORD11262,CUST1383,2024-04-03,April,Q2,Sports,Sportswear,Kolkata,Paid Ads,UPI,1,9601.93,20,1920.39,7681.54,5919.11,1762.44,22.94,0,,5,11
ORD11263,CUST2025,2024-04-03,April,Q2,Fashion,Womens Clothing,Mumbai,Social Media,Net Banking,4,1638.79,5,327.76,6227.4,4084.83,2142.58,34.41,0,,4,11
ORD11264,CUST3450,2024-04-03,April,Q2,Home & Kitchen,Appliances,Ahmedabad,Paid Ads,UPI,3,6619.28,15,2978.68,16879.16,12296.8,4582.37,27.15,0,,3,9
ORD11265,CUST3199,2024-04-03,April,Q2,Electronics,Tablet,Pune,Email,Credit Card,1,50291.16,10,5029.12,45262.04,29572.92,15689.12,34.66,0,,4,1
ORD11266,CUST3576,2024-04-03,April,Q2,Electronics,Camera,Bangalore,Direct,UPI,2,70793.91,0,0.0,141587.82,97430.89,44156.93,31.19,0,,4,7
ORD11267,CUST1987,2024-04-04,April,Q2,Fashion,Womens Clothing,Ahmedabad,Social Media,Net Banking,1,4776.7,0,0.0,4776.7,2755.17,2021.53,42.32,0,,2,5
ORD11268,CUST1180,2024-04-04,April,Q2,Home & Kitchen,Furniture,Mumbai,Organic Search,UPI,2,8333.07,10,1666.61,14999.53,9372.25,5627.27,37.52,0,,5,5
ORD11269,CUST2949,2024-04-04,April,Q2,Home & Kitchen,Furniture,Delhi,Referral,UPI,5,6455.95,0,0.0,32279.75,16523.56,15756.19,48.81,0,,3,6
ORD11270,CUST3822,2024-04-04,April,Q2,Fashion,Mens Clothing,Hyderabad,Organic Search,Debit Card,1,1015.92,20,203.18,812.74,482.27,330.47,40.66,0,,3,2
ORD11271,CUST2134,2024-04-04,April,Q2,Beauty,Makeup,Delhi,Organic Search,Debit Card,1,2465.31,0,0.0,2465.31,1447.23,1018.08,41.3,0,,3,11
ORD11272,CUST3216,2024-04-04,April,Q2,Books,Children,Kolkata,Organic Search,UPI,1,429.1,0,0.0,429.1,226.87,202.23,47.13,0,,4,11
ORD11273,CUST1684,2024-04-04,April,Q2,Sports,Outdoor,Mumbai,Social Media,Net Banking,2,2266.19,5,226.62,4305.76,2633.34,1672.42,38.84,0,,3,3
ORD11274,CUST3692,2024-04-05,April,Q2,Electronics,Camera,Hyderabad,Organic Search,UPI,2,23398.86,0,0.0,46797.72,23470.45,23327.27,49.85,0,,4,11
ORD11275,CUST3850,2024-04-05,April,Q2,Home & Kitchen,Cookware,Hyderabad,Organic Search,UPI,2,3855.62,10,771.12,6940.12,5085.9,1854.22,26.72,0,,5,9
ORD11276,CUST3984,2024-04-05,April,Q2,Electronics,Mobile,Hyderabad,Paid Ads,Credit Card,1,32874.52,5,1643.73,31230.79,23009.68,8221.12,26.32,0,,5,4
ORD11277,CUST1026,2024-04-05,April,Q2,Fashion,Accessories,Delhi,Paid Ads,Credit Card,1,1152.68,15,172.9,979.78,611.61,368.16,37.58,0,,5,6
ORD11278,CUST3005,2024-04-05,April,Q2,Toys,Dolls,Delhi,Social Media,UPI,2,1149.02,25,574.51,1723.53,1518.04,205.49,11.92,1,Changed Mind,4,3
ORD11279,CUST1886,2024-04-05,April,Q2,Electronics,Headphones,Pune,Email,Credit Card,1,5722.47,15,858.37,4864.1,3824.02,1040.08,21.38,0,,5,3
ORD11280,CUST2686,2024-04-05,April,Q2,Home & Kitchen,Decor,Mumbai,Email,UPI,1,10573.75,0,0.0,10573.75,7391.25,3182.5,30.1,0,,5,9
ORD11281,CUST2354,2024-04-05,April,Q2,Home & Kitchen,Furniture,Pune,Organic Search,Debit Card,1,10978.6,25,2744.65,8233.95,5881.02,2352.93,28.58,0,,5,9
ORD11282,CUST1409,2024-04-05,April,Q2,Beauty,Makeup,Hyderabad,Organic Search,UPI,2,798.56,5,79.86,1517.26,1020.58,496.69,32.74,0,,2,3
ORD11283,CUST1363,2024-04-05,April,Q2,Home & Kitchen,Decor,Pune,Referral,COD,2,8858.06,10,1771.61,15944.51,8985.66,6958.85,43.64,1,Late Delivery,1,3
ORD11284,CUST3063,2024-04-05,April,Q2,Electronics,Camera,Chennai,Organic Search,UPI,3,29117.09,5,4367.56,82983.71,52952.25,30031.45,36.19,1,Size Issue,3,6
ORD11285,CUST3387,2024-04-05,April,Q2,Fashion,Mens Clothing,Delhi,Direct,Credit Card,1,1546.92,0,0.0,1546.92,968.7,578.22,37.38,0,,5,1
ORD11286,CUST1939,2024-04-05,April,Q2,Home & Kitchen,Decor,Hyderabad,Organic Search,UPI,3,1740.54,20,1044.32,4177.3,3317.19,860.1,20.59,0,,4,5
ORD11287,CUST3357,2024-04-05,April,Q2,Electronics,Laptop,Kolkata,Referral,Net Banking,2,26271.07,5,2627.11,49915.03,26365.28,23549.75,47.18,0,,4,9
ORD11288,CUST2137,2024-04-06,April,Q2,Fashion,Footwear,Bangalore,Paid Ads,UPI,1,1454.79,10,145.48,1309.31,963.33,345.98,26.42,1,Changed Mind,4,9
ORD11289,CUST1000,2024-04-06,April,Q2,Electronics,Camera,Ahmedabad,Paid Ads,Credit Card,1,21309.76,0,0.0,21309.76,11832.09,9477.67,44.48,0,,5,8
ORD11290,CUST2749,2024-04-06,April,Q2,Electronics,Tablet,Bangalore,Email,Credit Card,1,47071.9,15,7060.78,40011.12,23728.59,16282.53,40.7,0,,5,6
ORD11291,CUST3852,2024-04-06,April,Q2,Fashion,Womens Clothing,Mumbai,Social Media,Debit Card,4,3723.2,15,2233.92,12658.88,8721.71,3937.17,31.1,1,Wrong Item,5,9
ORD11292,CUST2429,2024-04-06,April,Q2,Electronics,Tablet,Bangalore,Paid Ads,Credit Card,1,75970.33,0,0.0,75970.33,50584.03,25386.3,33.42,0,,5,3
ORD11293,CUST2461,2024-04-06,April,Q2,Home & Kitchen,Cookware,Ahmedabad,Social Media,COD,1,12265.46,15,1839.82,10425.64,8484.9,1940.74,18.62,1,Late Delivery,4,9
ORD11294,CUST2852,2024-04-06,April,Q2,Beauty,Haircare,Delhi,Email,COD,1,2079.77,15,311.97,1767.8,1324.92,442.88,25.05,0,,4,8
ORD11295,CUST3278,2024-04-06,April,Q2,Sports,Fitness Equipment,Kolkata,Organic Search,Debit Card,3,5952.51,10,1785.75,16071.78,8060.99,8010.79,49.84,0,,5,1
ORD11296,CUST3850,2024-04-06,April,Q2,Fashion,Footwear,Kolkata,Organic Search,Debit Card,1,3408.22,10,340.82,3067.4,1648.47,1418.93,46.26,0,,5,9
ORD11297,CUST1672,2024-04-06,April,Q2,Electronics,Laptop,Delhi,Paid Ads,Credit Card,1,56159.89,10,5615.99,50543.9,26342.84,24201.07,47.88,0,,4,8
ORD11298,CUST1110,2024-04-07,April,Q2,Electronics,Mobile,Mumbai,Organic Search,COD,1,37640.42,0,0.0,37640.42,17890.62,19749.8,52.47,0,,2,8
ORD11299,CUST1399,2024-04-07,April,Q2,Beauty,Skincare,Chennai,Social Media,UPI,1,2477.5,15,371.62,2105.88,1352.12,753.76,35.79,0,,1,6
ORD11300,CUST3569,2024-04-07,April,Q2,Beauty,Skincare,Delhi,Organic Search,UPI,1,754.82,10,75.48,679.34,403.54,275.79,40.6,0,,3,9
ORD11301,CUST3341,2024-04-07,April,Q2,Electronics,Laptop,Pune,Paid Ads,Debit Card,1,8724.48,5,436.22,8288.26,4173.98,4114.28,49.64,0,,4,8
ORD11302,CUST1087,2024-04-07,April,Q2,Toys,Board Games,Bangalore,Organic Search,UPI,3,1633.62,20,980.17,3920.69,3286.31,634.37,16.18,0,,4,2
ORD11303,CUST3733,2024-04-07,April,Q2,Electronics,Headphones,Bangalore,Social Media,Debit Card,3,8509.39,0,0.0,25528.17,15415.36,10112.81,39.61,0,,5,6
ORD11304,CUST2127,2024-04-07,April,Q2,Home & Kitchen,Cookware,Pune,Organic Search,Debit Card,2,4696.7,0,0.0,9393.4,6097.4,3296.0,35.09,0,,4,11
ORD11305,CUST1788,2024-04-07,April,Q2,Beauty,Makeup,Bangalore,Organic Search,UPI,1,533.93,0,0.0,533.93,289.86,244.07,45.71,0,,3,8
ORD11306,CUST1704,2024-04-07,April,Q2,Books,Fiction,Bangalore,Organic Search,UPI,2,444.31,0,0.0,888.62,491.01,397.61,44.74,0,,3,6
ORD11307,CUST1642,2024-04-07,April,Q2,Beauty,Makeup,Delhi,Referral,Debit Card,1,1884.01,0,0.0,1884.01,997.4,886.61,47.06,0,,5,11
ORD11308,CUST1959,2024-04-07,April,Q2,Sports,Outdoor,Delhi,Organic Search,Credit Card,1,6116.13,30,1834.84,4281.29,3422.63,858.66,20.06,0,,4,9
ORD11309,CUST1185,2024-04-07,April,Q2,Fashion,Accessories,Bangalore,Email,Debit Card,4,1563.9,0,0.0,6255.6,3769.59,2486.01,39.74,0,,4,5
ORD11310,CUST4000,2024-04-07,April,Q2,Sports,Fitness Equipment,Pune,Organic Search,Debit Card,3,702.05,15,315.92,1790.23,1207.34,582.89,32.56,0,,4,8
ORD11311,CUST1734,2024-04-07,April,Q2,Electronics,Headphones,Delhi,Organic Search,UPI,2,6337.72,0,0.0,12675.44,8359.19,4316.25,34.05,0,,2,10
ORD11312,CUST1802,2024-04-07,April,Q2,Books,Non-Fiction,Bangalore,Social Media,COD,3,659.15,10,197.74,1779.7,1334.85,444.86,25.0,0,,2,2
ORD11313,CUST1856,2024-04-07,April,Q2,Home & Kitchen,Furniture,Chennai,Paid Ads,Credit Card,5,8975.77,30,13463.66,31415.2,25465.2,5949.99,18.94,0,,4,5
ORD11314,CUST1809,2024-04-08,April,Q2,Sports,Fitness Equipment,Delhi,Referral,Credit Card,2,544.15,0,0.0,1088.3,554.96,533.34,49.01,0,,4,1
ORD11315,CUST1543,2024-04-08,April,Q2,Home & Kitchen,Decor,Delhi,Referral,Credit Card,2,7357.16,20,2942.86,11771.46,10098.41,1673.05,14.21,0,,4,5
ORD11316,CUST2208,2024-04-08,April,Q2,Beauty,Fragrance,Ahmedabad,Email,UPI,2,566.96,30,340.18,793.74,718.63,75.11,9.46,0,,4,7
ORD11317,CUST2887,2024-04-08,April,Q2,Home & Kitchen,Furniture,Chennai,Social Media,Debit Card,1,14529.32,10,1452.93,13076.39,8863.35,4213.04,32.22,0,,5,1
ORD11318,CUST1250,2024-04-08,April,Q2,Beauty,Skincare,Hyderabad,Paid Ads,UPI,1,303.62,5,15.18,288.44,193.21,95.23,33.02,0,,5,10
ORD11319,CUST3710,2024-04-08,April,Q2,Electronics,Tablet,Hyderabad,Paid Ads,Credit Card,2,45010.03,15,13503.01,76517.05,42219.0,34298.05,44.82,0,,4,3
ORD11320,CUST2841,2024-04-08,April,Q2,Electronics,Camera,Mumbai,Referral,UPI,1,44563.53,20,8912.71,35650.82,20807.01,14843.82,41.64,0,,4,6
ORD11321,CUST1924,2024-04-08,April,Q2,Fashion,Mens Clothing,Hyderabad,Social Media,COD,1,2018.25,0,0.0,2018.25,985.47,1032.78,51.17,0,,4,1
ORD11322,CUST3533,2024-04-08,April,Q2,Electronics,Headphones,Bangalore,Social Media,COD,1,6220.42,10,622.04,5598.38,3028.49,2569.89,45.9,0,,2,3
ORD11323,CUST1550,2024-04-08,April,Q2,Books,Non-Fiction,Hyderabad,Organic Search,Net Banking,1,455.43,5,22.77,432.66,252.84,179.82,41.56,0,,5,8
ORD11324,CUST1128,2024-04-08,April,Q2,Fashion,Mens Clothing,Delhi,Organic Search,UPI,4,4234.33,0,0.0,16937.32,8288.29,8649.03,51.06,0,,4,9
ORD11325,CUST1482,2024-04-08,April,Q2,Toys,Educational,Mumbai,Referral,COD,2,1420.71,20,568.28,2273.14,1885.66,387.48,17.05,0,,5,7
ORD11326,CUST3972,2024-04-08,April,Q2,Fashion,Womens Clothing,Mumbai,Paid Ads,Credit Card,1,1854.49,5,92.72,1761.77,1102.54,659.23,37.42,0,,5,4
ORD11327,CUST3965,2024-04-09,April,Q2,Electronics,Camera,Ahmedabad,Paid Ads,Credit Card,4,28789.22,5,5757.84,109399.04,62422.57,46976.47,42.94,1,Late Delivery,4,7
ORD11328,CUST1836,2024-04-09,April,Q2,Sports,Outdoor,Bangalore,Organic Search,Credit Card,3,3785.33,10,1135.6,10220.39,5307.85,4912.54,48.07,0,,2,7
ORD11329,CUST2501,2024-04-09,April,Q2,Beauty,Skincare,Bangalore,Direct,UPI,1,423.35,0,0.0,423.35,253.06,170.29,40.22,0,,4,11
ORD11330,CUST3568,2024-04-09,April,Q2,Home & Kitchen,Appliances,Mumbai,Organic Search,Net Banking,3,11799.51,0,0.0,35398.53,16960.61,18437.92,52.09,0,,4,7
ORD11331,CUST2227,2024-04-09,April,Q2,Home & Kitchen,Cookware,Mumbai,Direct,Credit Card,1,7812.22,10,781.22,7031.0,4967.05,2063.95,29.35,0,,5,8
ORD11332,CUST3812,2024-04-09,April,Q2,Beauty,Skincare,Chennai,Organic Search,UPI,1,331.8,5,16.59,315.21,215.9,99.31,31.51,0,,1,11
ORD11333,CUST2768,2024-04-09,April,Q2,Fashion,Accessories,Bangalore,Direct,UPI,1,1843.0,0,0.0,1843.0,1079.99,763.01,41.4,0,,4,4
ORD11334,CUST1630,2024-04-10,April,Q2,Toys,Educational,Bangalore,Email,Net Banking,2,2956.71,0,0.0,5913.42,2882.21,3031.21,51.26,0,,5,4
ORD11335,CUST3817,2024-04-10,April,Q2,Toys,Educational,Delhi,Organic Search,UPI,1,1632.01,10,163.2,1468.81,1055.45,413.36,28.14,0,,5,9
ORD11336,CUST1259,2024-04-10,April,Q2,Beauty,Skincare,Chennai,Social Media,Net Banking,2,1995.07,20,798.03,3192.11,2102.63,1089.48,34.13,1,Not as Described,3,8
ORD11337,CUST1651,2024-04-10,April,Q2,Electronics,Mobile,Mumbai,Paid Ads,Debit Card,2,73285.39,20,29314.16,117256.62,74115.46,43141.16,36.79,0,,5,11
ORD11338,CUST2940,2024-04-10,April,Q2,Beauty,Makeup,Mumbai,Organic Search,Debit Card,1,2560.61,0,0.0,2560.61,1453.5,1107.11,43.24,0,,3,4
ORD11339,CUST2548,2024-04-10,April,Q2,Electronics,Tablet,Bangalore,Direct,UPI,1,75327.78,10,7532.78,67795.0,51272.72,16522.28,24.37,0,,5,6
ORD11340,CUST1031,2024-04-11,April,Q2,Electronics,Laptop,Delhi,Paid Ads,Debit Card,1,12705.77,20,2541.15,10164.62,6662.19,3502.43,34.46,0,,3,9
ORD11341,CUST1701,2024-04-11,April,Q2,Fashion,Accessories,Delhi,Paid Ads,Credit Card,1,1508.06,5,75.4,1432.66,1020.04,412.61,28.8,0,,5,6
ORD11342,CUST2534,2024-04-11,April,Q2,Home & Kitchen,Cookware,Hyderabad,Organic Search,UPI,2,12521.48,25,6260.74,18782.22,11605.24,7176.98,38.21,0,,4,11
ORD11343,CUST1143,2024-04-11,April,Q2,Books,Academic,Hyderabad,Paid Ads,UPI,2,240.18,25,120.09,360.27,226.19,134.08,37.22,1,Wrong Item,4,5
ORD11344,CUST3183,2024-04-11,April,Q2,Beauty,Fragrance,Pune,Direct,UPI,2,2981.91,0,0.0,5963.82,3725.24,2238.58,37.54,0,,3,7
ORD11345,CUST1717,2024-04-11,April,Q2,Beauty,Skincare,Bangalore,Paid Ads,Debit Card,1,2611.89,0,0.0,2611.89,1299.8,1312.09,50.24,0,,3,2
ORD11346,CUST3803,2024-04-11,April,Q2,Fashion,Womens Clothing,Mumbai,Referral,UPI,2,3759.14,0,0.0,7518.28,3978.34,3539.94,47.08,0,,4,8
ORD11347,CUST2721,2024-04-11,April,Q2,Fashion,Womens Clothing,Delhi,Referral,Debit Card,3,1518.54,0,0.0,4555.62,2205.34,2350.28,51.59,0,,5,11
ORD11348,CUST1444,2024-04-11,April,Q2,Fashion,Accessories,Ahmedabad,Organic Search,Credit Card,5,896.08,25,1120.1,3360.3,2388.33,971.97,28.93,0,,5,7
ORD11349,CUST1347,2024-04-11,April,Q2,Toys,Action Figures,Hyderabad,Organic Search,UPI,3,2255.09,25,1691.32,5073.95,3518.72,1555.23,30.65,0,,5,6
ORD11350,CUST1645,2024-04-11,April,Q2,Electronics,Mobile,Chennai,Direct,Credit Card,2,65921.15,0,0.0,131842.3,83599.15,48243.15,36.59,0,,5,3
ORD11351,CUST1867,2024-04-11,April,Q2,Books,Non-Fiction,Mumbai,Paid Ads,Credit Card,1,680.5,10,68.05,612.45,425.66,186.79,30.5,0,,5,9
ORD11352,CUST1299,2024-04-11,April,Q2,Home & Kitchen,Decor,Bangalore,Organic Search,UPI,2,8433.33,10,1686.67,15179.99,11616.61,3563.39,23.47,0,,5,2
ORD11353,CUST1629,2024-04-12,April,Q2,Fashion,Footwear,Mumbai,Organic Search,Credit Card,4,522.24,5,104.45,1984.51,1318.35,666.16,33.57,0,,3,4
ORD11354,CUST2700,2024-04-12,April,Q2,Beauty,Fragrance,Hyderabad,Social Media,Net Banking,1,2127.08,10,212.71,1914.37,1326.67,587.7,30.7,0,,5,2
ORD11355,CUST1444,2024-04-12,April,Q2,Home & Kitchen,Appliances,Kolkata,Email,UPI,1,1545.37,25,386.34,1159.03,963.62,195.41,16.86,0,,4,6
ORD11356,CUST2780,2024-04-12,April,Q2,Books,Non-Fiction,Ahmedabad,Organic Search,Net Banking,1,724.16,0,0.0,724.16,485.72,238.44,32.93,0,,5,7
ORD11357,CUST1939,2024-04-12,April,Q2,Books,Fiction,Hyderabad,Organic Search,Credit Card,2,178.0,0,0.0,356.0,186.57,169.43,47.59,0,,4,9
ORD11358,CUST3865,2024-04-12,April,Q2,Fashion,Footwear,Bangalore,Referral,UPI,1,716.02,0,0.0,716.02,375.93,340.09,47.5,0,,3,6
ORD11359,CUST1680,2024-04-12,April,Q2,Fashion,Footwear,Ahmedabad,Email,Debit Card,1,1869.31,5,93.47,1775.84,1187.58,588.27,33.13,0,,3,6
ORD11360,CUST2090,2024-04-12,April,Q2,Home & Kitchen,Decor,Chennai,Social Media,COD,3,4544.93,5,681.74,12953.05,6915.24,6037.81,46.61,1,Changed Mind,4,5
ORD11361,CUST3923,2024-04-12,April,Q2,Books,Academic,Mumbai,Email,Debit Card,2,597.15,5,59.72,1134.58,809.74,324.84,28.63,0,,2,10
ORD11362,CUST3130,2024-04-12,April,Q2,Fashion,Womens Clothing,Bangalore,Paid Ads,Debit Card,1,4062.33,10,406.23,3656.1,2371.16,1284.93,35.14,0,,5,11
ORD11363,CUST3923,2024-04-12,April,Q2,Home & Kitchen,Decor,Delhi,Email,COD,1,6189.7,15,928.46,5261.24,3249.79,2011.46,38.23,0,,3,10
ORD11364,CUST3273,2024-04-12,April,Q2,Beauty,Skincare,Bangalore,Paid Ads,Debit Card,1,2156.26,5,107.81,2048.45,1388.69,659.76,32.21,0,,3,4
ORD11365,CUST3773,2024-04-12,April,Q2,Beauty,Makeup,Bangalore,Organic Search,Credit Card,1,2789.6,5,139.48,2650.12,1473.13,1176.99,44.41,0,,1,10
ORD11366,CUST3174,2024-04-12,April,Q2,Electronics,Tablet,Hyderabad,Email,Debit Card,1,48758.99,20,9751.8,39007.19,33683.66,5323.53,13.65,0,,3,11
ORD11367,CUST3423,2024-04-12,April,Q2,Beauty,Skincare,Delhi,Paid Ads,UPI,1,535.72,20,107.14,428.58,372.73,55.85,13.03,0,,4,4
ORD11368,CUST3398,2024-04-12,April,Q2,Books,Academic,Mumbai,Referral,Debit Card,2,357.57,0,0.0,715.14,441.03,274.11,38.33,0,,4,4
ORD11369,CUST2351,2024-04-12,April,Q2,Electronics,Laptop,Bangalore,Paid Ads,Debit Card,2,16100.11,5,1610.01,30590.21,15404.86,15185.35,49.64,1,Size Issue,3,5
ORD11370,CUST2855,2024-04-12,April,Q2,Fashion,Womens Clothing,Pune,Referral,Credit Card,1,3128.59,20,625.72,2502.87,1613.73,889.14,35.52,1,Changed Mind,1,1
ORD11371,CUST1644,2024-04-13,April,Q2,Toys,Educational,Chennai,Referral,UPI,1,2595.41,0,0.0,2595.41,1502.36,1093.05,42.11,1,Size Issue,4,2
ORD11372,CUST3434,2024-04-13,April,Q2,Electronics,Tablet,Delhi,Organic Search,UPI,3,72160.78,5,10824.12,205658.22,143497.89,62160.34,30.23,0,,5,3
ORD11373,CUST3182,2024-04-13,April,Q2,Books,Non-Fiction,Ahmedabad,Email,Debit Card,1,563.99,5,28.2,535.79,279.86,255.93,47.77,0,,4,7
ORD11374,CUST3705,2024-04-13,April,Q2,Home & Kitchen,Cookware,Kolkata,Paid Ads,Debit Card,1,10288.94,0,0.0,10288.94,4898.57,5390.37,52.39,0,,3,1
ORD11375,CUST3323,2024-04-13,April,Q2,Fashion,Accessories,Delhi,Direct,Credit Card,2,2847.94,0,0.0,5695.88,2669.2,3026.68,53.14,0,,4,3
ORD11376,CUST1883,2024-04-13,April,Q2,Books,Non-Fiction,Mumbai,Paid Ads,Credit Card,2,306.34,5,30.63,582.05,353.36,228.69,39.29,0,,4,7
ORD11377,CUST2839,2024-04-13,April,Q2,Fashion,Accessories,Chennai,Email,Credit Card,1,2650.67,15,397.6,2253.07,1779.06,474.01,21.04,0,,4,6
ORD11378,CUST2740,2024-04-13,April,Q2,Home & Kitchen,Furniture,Pune,Paid Ads,UPI,2,7759.47,20,3103.79,12415.15,7147.87,5267.29,42.43,0,,4,2
ORD11379,CUST1705,2024-04-14,April,Q2,Fashion,Womens Clothing,Ahmedabad,Organic Search,UPI,2,1762.44,30,1057.46,2467.42,1773.3,694.12,28.13,1,Changed Mind,5,4
ORD11380,CUST3502,2024-04-14,April,Q2,Home & Kitchen,Appliances,Kolkata,Organic Search,Net Banking,4,11771.54,0,0.0,47086.16,29349.47,17736.69,37.67,0,,1,1
ORD11381,CUST2823,2024-04-14,April,Q2,Electronics,Headphones,Hyderabad,Paid Ads,Credit Card,1,41202.97,0,0.0,41202.97,27048.34,14154.63,34.35,0,,3,5
ORD11382,CUST2143,2024-04-14,April,Q2,Fashion,Footwear,Bangalore,Email,UPI,2,913.1,15,273.93,1552.27,1190.41,361.86,23.31,0,,3,2
ORD11383,CUST2293,2024-04-14,April,Q2,Toys,Dolls,Mumbai,Social Media,UPI,1,2368.75,10,236.88,2131.88,1530.84,601.03,28.19,0,,4,8
ORD11384,CUST2065,2024-04-14,April,Q2,Fashion,Womens Clothing,Delhi,Social Media,UPI,2,3701.22,5,370.12,7032.32,3571.31,3461.01,49.22,1,Size Issue,1,10
ORD11385,CUST3483,2024-04-14,April,Q2,Beauty,Haircare,Bangalore,Paid Ads,COD,2,1188.43,0,0.0,2376.86,1305.63,1071.23,45.07,1,Changed Mind,4,6
ORD11386,CUST1877,2024-04-14,April,Q2,Fashion,Womens Clothing,Hyderabad,Paid Ads,Credit Card,1,4259.94,0,0.0,4259.94,2965.71,1294.23,30.38,0,,5,1
ORD11387,CUST1082,2024-04-14,April,Q2,Sports,Sportswear,Hyderabad,Organic Search,Credit Card,3,2802.57,5,420.39,7987.32,5862.04,2125.29,26.61,0,,1,2
ORD11388,CUST1803,2024-04-14,April,Q2,Electronics,Camera,Chennai,Email,UPI,1,53535.07,0,0.0,53535.07,32153.53,21381.54,39.94,0,,4,4
ORD11389,CUST2662,2024-04-15,April,Q2,Toys,Board Games,Delhi,Referral,Debit Card,1,2610.83,30,783.25,1827.58,1637.82,189.76,10.38,0,,5,3
ORD11390,CUST2210,2024-04-15,April,Q2,Home & Kitchen,Furniture,Hyderabad,Paid Ads,Credit Card,1,10668.5,0,0.0,10668.5,7338.02,3330.48,31.22,0,,3,9
ORD11391,CUST2538,2024-04-15,April,Q2,Fashion,Footwear,Mumbai,Organic Search,Debit Card,2,838.15,30,502.89,1173.41,942.89,230.52,19.65,0,,2,1
ORD11392,CUST3193,2024-04-15,April,Q2,Electronics,Camera,Bangalore,Organic Search,Debit Card,1,42095.43,20,8419.09,33676.34,20383.31,13293.03,39.47,0,,4,7
ORD11393,CUST2904,2024-04-15,April,Q2,Electronics,Laptop,Chennai,Social Media,UPI,3,20935.66,5,3140.35,59666.63,38766.81,20899.83,35.03,0,,1,9
ORD11394,CUST1372,2024-04-15,April,Q2,Home & Kitchen,Appliances,Chennai,Social Media,Credit Card,3,10321.09,15,4644.49,26318.78,21365.45,4953.33,18.82,0,,5,9
ORD11395,CUST3381,2024-04-15,April,Q2,Fashion,Womens Clothing,Ahmedabad,Email,Debit Card,3,2606.68,15,1173.01,6647.03,4882.06,1764.97,26.55,0,,2,6
ORD11396,CUST1472,2024-04-15,April,Q2,Sports,Sportswear,Delhi,Organic Search,UPI,1,4158.07,0,0.0,4158.07,2706.2,1451.87,34.92,0,,4,7
ORD11397,CUST3844,2024-04-15,April,Q2,Fashion,Womens Clothing,Bangalore,Email,UPI,2,2694.41,5,269.44,5119.38,2994.5,2124.88,41.51,0,,5,8
ORD11398,CUST1519,2024-04-15,April,Q2,Fashion,Footwear,Delhi,Social Media,Net Banking,1,2032.03,10,203.2,1828.83,963.42,865.41,47.32,0,,3,3
ORD11399,CUST1220,2024-04-15,April,Q2,Home & Kitchen,Cookware,Bangalore,Paid Ads,Credit Card,3,12358.73,10,3707.62,33368.57,18249.66,15118.91,45.31,0,,2,5
ORD11400,CUST1941,2024-04-15,April,Q2,Beauty,Skincare,Kolkata,Social Media,Net Banking,2,2332.49,10,466.5,4198.48,3245.26,953.22,22.7,0,,3,4
ORD11401,CUST3868,2024-04-15,April,Q2,Electronics,Laptop,Chennai,Organic Search,UPI,1,43544.55,10,4354.46,39190.1,24963.92,14226.18,36.3,0,,5,9
ORD11402,CUST3185,2024-04-15,April,Q2,Electronics,Headphones,Kolkata,Paid Ads,UPI,2,28501.93,5,2850.19,54153.67,25823.04,28330.62,52.32,1,Not as Described,5,9
ORD11403,CUST1463,2024-04-16,April,Q2,Electronics,Laptop,Delhi,Direct,Debit Card,1,75828.6,10,7582.86,68245.74,52233.91,16011.83,23.46,1,Late Delivery,3,4
ORD11404,CUST3294,2024-04-16,April,Q2,Beauty,Skincare,Kolkata,Paid Ads,UPI,1,2183.83,5,109.19,2074.64,1254.49,820.15,39.53,0,,5,2
ORD11405,CUST2963,2024-04-16,April,Q2,Beauty,Makeup,Mumbai,Direct,COD,1,2034.81,10,203.48,1831.33,1341.08,490.25,26.77,1,Size Issue,5,1
ORD11406,CUST2616,2024-04-16,April,Q2,Home & Kitchen,Appliances,Kolkata,Social Media,COD,5,12838.86,20,12838.86,51355.44,37689.41,13666.03,26.61,0,,5,3
ORD11407,CUST3660,2024-04-16,April,Q2,Sports,Outdoor,Delhi,Organic Search,Credit Card,3,1503.77,10,451.13,4060.18,2144.79,1915.39,47.17,0,,4,2
ORD11408,CUST3378,2024-04-16,April,Q2,Sports,Outdoor,Delhi,Social Media,Credit Card,2,1735.57,15,520.67,2950.47,2096.2,854.27,28.95,0,,5,5
ORD11409,CUST3918,2024-04-16,April,Q2,Home & Kitchen,Appliances,Bangalore,Social Media,UPI,4,13817.1,10,5526.84,49741.56,38651.96,11089.6,22.29,0,,4,6
ORD11410,CUST1553,2024-04-16,April,Q2,Books,Academic,Ahmedabad,Paid Ads,COD,1,400.62,10,40.06,360.56,183.76,176.8,49.04,0,,5,9
ORD11411,CUST1216,2024-04-17,April,Q2,Fashion,Womens Clothing,Mumbai,Organic Search,Debit Card,3,2535.94,10,760.78,6847.04,5024.57,1822.46,26.62,0,,2,4
ORD11412,CUST3121,2024-04-17,April,Q2,Electronics,Laptop,Delhi,Paid Ads,UPI,1,51535.85,0,0.0,51535.85,26225.06,25310.79,49.11,0,,3,4
ORD11413,CUST1736,2024-04-17,April,Q2,Fashion,Mens Clothing,Kolkata,Organic Search,UPI,2,1413.59,30,848.15,1979.03,1550.61,428.41,21.65,0,,5,4
ORD11414,CUST3207,2024-04-17,April,Q2,Electronics,Laptop,Bangalore,Organic Search,UPI,2,35015.37,0,0.0,70030.74,38039.11,31991.63,45.68,0,,5,1
ORD11415,CUST1949,2024-04-17,April,Q2,Home & Kitchen,Furniture,Mumbai,Paid Ads,UPI,1,1774.68,5,88.73,1685.95,1197.38,488.57,28.98,0,,4,3
ORD11416,CUST1517,2024-04-17,April,Q2,Toys,Action Figures,Bangalore,Paid Ads,Debit Card,1,1442.35,0,0.0,1442.35,830.97,611.38,42.39,0,,4,4
ORD11417,CUST1985,2024-04-17,April,Q2,Electronics,Camera,Bangalore,Referral,Net Banking,1,56469.95,0,0.0,56469.95,31724.45,24745.5,43.82,1,Size Issue,4,1
ORD11418,CUST1207,2024-04-17,April,Q2,Electronics,Camera,Kolkata,Paid Ads,UPI,5,76362.09,15,57271.57,324538.88,249897.34,74641.55,23.0,0,,1,5
ORD11419,CUST3082,2024-04-17,April,Q2,Home & Kitchen,Decor,Pune,Email,UPI,1,8996.84,5,449.84,8547.0,4158.58,4388.42,51.34,1,Damaged Product,1,10
ORD11420,CUST3485,2024-04-18,April,Q2,Toys,Board Games,Bangalore,Social Media,Debit Card,1,575.57,20,115.11,460.46,271.45,189.01,41.05,0,,2,9
ORD11421,CUST3226,2024-04-18,April,Q2,Fashion,Womens Clothing,Ahmedabad,Email,UPI,2,2574.29,0,0.0,5148.58,2344.78,2803.8,54.46,0,,4,1
ORD11422,CUST1303,2024-04-18,April,Q2,Home & Kitchen,Furniture,Bangalore,Organic Search,Debit Card,1,2321.86,0,0.0,2321.86,1444.19,877.67,37.8,0,,3,7
ORD11423,CUST1989,2024-04-18,April,Q2,Electronics,Mobile,Mumbai,Referral,Credit Card,1,13264.94,0,0.0,13264.94,7712.29,5552.65,41.86,0,,3,2
ORD11424,CUST3207,2024-04-18,April,Q2,Electronics,Headphones,Delhi,Social Media,UPI,2,6244.1,10,1248.82,11239.38,8354.67,2884.71,25.67,0,,5,10
ORD11425,CUST3262,2024-04-18,April,Q2,Toys,Action Figures,Bangalore,Direct,UPI,1,1544.29,20,308.86,1235.43,887.4,348.03,28.17,0,,2,11
ORD11426,CUST1342,2024-04-18,April,Q2,Toys,Dolls,Mumbai,Paid Ads,UPI,2,1020.24,10,204.05,1836.43,1031.37,805.06,43.84,1,Wrong Item,4,9
ORD11427,CUST2389,2024-04-18,April,Q2,Electronics,Laptop,Ahmedabad,Organic Search,Debit Card,1,40718.03,5,2035.9,38682.13,26519.12,12163.01,31.44,0,,5,4
ORD11428,CUST3150,2024-04-18,April,Q2,Toys,Dolls,Pune,Social Media,UPI,1,1733.39,30,520.02,1213.37,907.57,305.8,25.2,0,,3,3
ORD11429,CUST3201,2024-04-18,April,Q2,Beauty,Makeup,Delhi,Organic Search,Debit Card,2,1185.48,0,0.0,2370.96,1621.55,749.41,31.61,1,Wrong Item,3,11
ORD11430,CUST1383,2024-04-18,April,Q2,Books,Non-Fiction,Hyderabad,Paid Ads,UPI,1,226.91,10,22.69,204.22,116.32,87.9,43.04,0,,4,7
ORD11431,CUST2063,2024-04-18,April,Q2,Home & Kitchen,Appliances,Chennai,Organic Search,Debit Card,4,8614.32,5,1722.86,32734.42,16950.58,15783.84,48.22,0,,4,6
ORD11432,CUST2069,2024-04-18,April,Q2,Home & Kitchen,Appliances,Ahmedabad,Social Media,UPI,3,5832.86,0,0.0,17498.58,10032.48,7466.1,42.67,0,,4,11
ORD11433,CUST2360,2024-04-18,April,Q2,Home & Kitchen,Appliances,Kolkata,Referral,COD,1,3811.34,0,0.0,3811.34,1763.24,2048.1,53.74,0,,4,10
ORD11434,CUST3248,2024-04-18,April,Q2,Beauty,Haircare,Bangalore,Paid Ads,Debit Card,1,1311.4,0,0.0,1311.4,602.07,709.33,54.09,0,,5,8
ORD11435,CUST1557,2024-04-19,April,Q2,Electronics,Laptop,Pune,Email,Debit Card,1,37313.63,20,7462.73,29850.9,21418.16,8432.74,28.25,0,,2,9
ORD11436,CUST1730,2024-04-19,April,Q2,Electronics,Laptop,Hyderabad,Social Media,UPI,1,30030.46,10,3003.05,27027.41,15128.65,11898.77,44.02,0,,5,7
ORD11437,CUST1180,2024-04-19,April,Q2,Fashion,Womens Clothing,Hyderabad,Paid Ads,UPI,1,2486.03,20,497.21,1988.82,1124.53,864.3,43.46,0,,3,6
ORD11438,CUST2751,2024-04-19,April,Q2,Beauty,Skincare,Mumbai,Referral,UPI,3,1235.39,10,370.62,3335.55,1942.09,1393.47,41.78,1,Wrong Item,4,8
ORD11439,CUST3009,2024-04-19,April,Q2,Fashion,Accessories,Mumbai,Direct,UPI,1,721.1,10,72.11,648.99,410.55,238.44,36.74,0,,2,9
ORD11440,CUST1840,2024-04-19,April,Q2,Beauty,Skincare,Bangalore,Email,Debit Card,1,1271.06,15,190.66,1080.4,697.27,383.13,35.46,1,Size Issue,4,8
ORD11441,CUST1572,2024-04-19,April,Q2,Toys,Educational,Delhi,Paid Ads,Debit Card,1,2805.65,25,701.41,2104.24,1357.56,746.68,35.48,1,Changed Mind,5,6
ORD11442,CUST1903,2024-04-19,April,Q2,Electronics,Tablet,Mumbai,Social Media,Debit Card,1,19544.87,0,0.0,19544.87,11627.61,7917.26,40.51,1,Changed Mind,2,8
ORD11443,CUST3862,2024-04-19,April,Q2,Beauty,Haircare,Chennai,Organic Search,Credit Card,2,730.46,5,73.05,1387.87,916.85,471.03,33.94,0,,3,9
ORD11444,CUST3606,2024-04-19,April,Q2,Fashion,Womens Clothing,Mumbai,Paid Ads,UPI,1,1294.9,15,194.24,1100.66,801.39,299.27,27.19,1,Wrong Item,4,6
ORD11445,CUST1366,2024-04-19,April,Q2,Books,Non-Fiction,Hyderabad,Paid Ads,Credit Card,1,329.35,25,82.34,247.01,180.63,66.38,26.87,0,,2,6
ORD11446,CUST3121,2024-04-19,April,Q2,Electronics,Mobile,Bangalore,Direct,Net Banking,1,50558.61,30,15167.58,35391.03,24490.54,10900.48,30.8,0,,5,2
ORD11447,CUST1605,2024-04-19,April,Q2,Beauty,Haircare,Ahmedabad,Direct,COD,3,1652.13,10,495.64,4460.75,2849.29,1611.46,36.13,0,,5,9
ORD11448,CUST3559,2024-04-20,April,Q2,Sports,Outdoor,Bangalore,Paid Ads,COD,1,1537.25,0,0.0,1537.25,1033.97,503.28,32.74,0,,5,8
ORD11449,CUST2811,2024-04-20,April,Q2,Toys,Dolls,Mumbai,Organic Search,COD,3,434.65,0,0.0,1303.95,739.58,564.37,43.28,0,,4,5
ORD11450,CUST1292,2024-04-20,April,Q2,Beauty,Makeup,Hyderabad,Direct,Debit Card,1,897.04,25,224.26,672.78,447.55,225.23,33.48,0,,4,10
ORD11451,CUST2729,2024-04-20,April,Q2,Home & Kitchen,Appliances,Pune,Organic Search,COD,3,2377.38,5,356.61,6775.53,3375.38,3400.15,50.18,0,,3,3
ORD11452,CUST3952,2024-04-20,April,Q2,Home & Kitchen,Furniture,Ahmedabad,Social Media,Credit Card,2,2435.67,0,0.0,4871.34,3341.65,1529.69,31.4,0,,4,9
ORD11453,CUST3596,2024-04-20,April,Q2,Books,Children,Bangalore,Organic Search,Credit Card,1,731.79,25,182.95,548.84,465.24,83.61,15.23,1,Not as Described,4,11
ORD11454,CUST3239,2024-04-20,April,Q2,Home & Kitchen,Appliances,Delhi,Paid Ads,UPI,3,8968.27,0,0.0,26904.81,14212.24,12692.57,47.18,0,,5,10
ORD11455,CUST1328,2024-04-20,April,Q2,Electronics,Mobile,Kolkata,Referral,Credit Card,2,22907.53,15,6872.26,38942.8,23999.67,14943.13,38.37,0,,5,7
ORD11456,CUST2318,2024-04-20,April,Q2,Toys,Dolls,Mumbai,Organic Search,Net Banking,1,1736.76,10,173.68,1563.08,1170.24,392.85,25.13,0,,5,9
ORD11457,CUST2887,2024-04-20,April,Q2,Beauty,Makeup,Hyderabad,Paid Ads,UPI,1,971.29,0,0.0,971.29,480.2,491.09,50.56,0,,4,7
ORD11458,CUST1674,2024-04-21,April,Q2,Beauty,Fragrance,Bangalore,Paid Ads,UPI,2,2671.28,5,267.13,5075.43,3118.77,1956.66,38.55,0,,4,8
ORD11459,CUST3790,2024-04-21,April,Q2,Fashion,Mens Clothing,Mumbai,Direct,Credit Card,2,3647.81,0,0.0,7295.62,4584.39,2711.23,37.16,0,,5,10
ORD11460,CUST2131,2024-04-21,April,Q2,Beauty,Skincare,Delhi,Direct,UPI,2,1332.77,10,266.55,2398.99,1463.64,935.34,38.99,0,,5,5
ORD11461,CUST2383,2024-04-21,April,Q2,Fashion,Accessories,Delhi,Organic Search,Credit Card,2,2267.98,10,453.6,4082.36,2086.43,1995.93,48.89,0,,5,10
ORD11462,CUST1122,2024-04-21,April,Q2,Beauty,Fragrance,Chennai,Organic Search,COD,2,815.69,0,0.0,1631.38,827.01,804.37,49.31,1,Damaged Product,3,10
ORD11463,CUST1135,2024-04-21,April,Q2,Electronics,Mobile,Ahmedabad,Social Media,Credit Card,2,66805.15,30,40083.09,93527.21,90247.35,3279.86,3.51,1,Late Delivery,5,6
ORD11464,CUST1047,2024-04-21,April,Q2,Beauty,Haircare,Delhi,Paid Ads,UPI,2,2136.71,5,213.67,4059.75,2481.92,1577.83,38.87,0,,4,8
ORD11465,CUST1111,2024-04-21,April,Q2,Toys,Dolls,Pune,Social Media,Credit Card,1,1636.96,0,0.0,1636.96,1070.34,566.62,34.61,0,,4,7
ORD11466,CUST3723,2024-04-21,April,Q2,Electronics,Mobile,Mumbai,Organic Search,Credit Card,3,17827.18,0,0.0,53481.54,31496.42,21985.12,41.11,0,,5,1
ORD11467,CUST3829,2024-04-21,April,Q2,Toys,Dolls,Bangalore,Organic Search,UPI,1,849.65,0,0.0,849.65,582.78,266.87,31.41,0,,4,10
ORD11468,CUST1099,2024-04-21,April,Q2,Fashion,Mens Clothing,Mumbai,Social Media,Credit Card,1,3366.05,30,1009.82,2356.24,2279.77,76.46,3.25,1,Changed Mind,4,4
ORD11469,CUST3961,2024-04-21,April,Q2,Books,Non-Fiction,Ahmedabad,Organic Search,UPI,2,608.8,0,0.0,1217.6,694.91,522.69,42.93,0,,4,8
ORD11470,CUST1124,2024-04-21,April,Q2,Sports,Outdoor,Pune,Direct,Credit Card,1,3235.8,5,161.79,3074.01,1713.58,1360.43,44.26,0,,4,11
ORD11471,CUST1342,2024-04-22,April,Q2,Home & Kitchen,Appliances,Hyderabad,Organic Search,Debit Card,1,844.12,20,168.82,675.3,506.82,168.47,24.95,0,,1,9
ORD11472,CUST2320,2024-04-22,April,Q2,Beauty,Fragrance,Pune,Organic Search,UPI,1,718.22,10,71.82,646.4,444.38,202.02,31.25,0,,4,6
ORD11473,CUST1675,2024-04-22,April,Q2,Books,Academic,Hyderabad,Referral,Debit Card,2,740.06,5,74.01,1406.11,850.46,555.65,39.52,0,,4,11
ORD11474,CUST3609,2024-04-22,April,Q2,Fashion,Footwear,Ahmedabad,Paid Ads,Debit Card,4,3299.53,20,2639.62,10558.5,8652.3,1906.19,18.05,0,,4,4
ORD11475,CUST3399,2024-04-22,April,Q2,Fashion,Accessories,Chennai,Email,COD,2,3825.91,15,1147.77,6504.05,3794.02,2710.03,41.67,0,,5,2
ORD11476,CUST1332,2024-04-22,April,Q2,Beauty,Haircare,Kolkata,Organic Search,Credit Card,1,2587.18,0,0.0,2587.18,1380.53,1206.65,46.64,0,,4,9
ORD11477,CUST1338,2024-04-22,April,Q2,Sports,Outdoor,Bangalore,Social Media,Credit Card,1,7035.39,10,703.54,6331.85,4373.16,1958.69,30.93,0,,5,1
ORD11478,CUST3817,2024-04-22,April,Q2,Sports,Outdoor,Mumbai,Email,Debit Card,1,2117.21,25,529.3,1587.91,1083.31,504.59,31.78,0,,4,5
ORD11479,CUST1779,2024-04-22,April,Q2,Sports,Sportswear,Bangalore,Paid Ads,Debit Card,1,6973.7,10,697.37,6276.33,3905.0,2371.33,37.78,0,,4,8
ORD11480,CUST2969,2024-04-22,April,Q2,Fashion,Mens Clothing,Mumbai,Direct,UPI,1,1249.9,15,187.48,1062.42,863.6,198.82,18.71,0,,2,4
ORD11481,CUST1402,2024-04-22,April,Q2,Sports,Sportswear,Hyderabad,Social Media,Debit Card,1,3655.48,30,1096.64,2558.84,2216.94,341.9,13.36,0,,3,1
ORD11482,CUST2798,2024-04-22,April,Q2,Electronics,Camera,Bangalore,Paid Ads,UPI,1,39141.22,15,5871.18,33270.04,26900.36,6369.67,19.15,0,,5,4
ORD11483,CUST3207,2024-04-22,April,Q2,Home & Kitchen,Furniture,Hyderabad,Social Media,Credit Card,1,14463.85,0,0.0,14463.85,9121.05,5342.8,36.94,0,,1,5
ORD11484,CUST3652,2024-04-22,April,Q2,Electronics,Tablet,Mumbai,Social Media,Debit Card,2,54952.35,0,0.0,109904.7,69368.19,40536.51,36.88,0,,5,5
ORD11485,CUST2521,2024-04-23,April,Q2,Fashion,Accessories,Mumbai,Organic Search,Debit Card,3,2425.65,10,727.7,6549.26,4351.36,2197.9,33.56,0,,3,1
ORD11486,CUST1234,2024-04-23,April,Q2,Fashion,Mens Clothing,Bangalore,Paid Ads,UPI,4,593.72,0,0.0,2374.88,1153.13,1221.75,51.44,1,Size Issue,5,2
ORD11487,CUST3583,2024-04-23,April,Q2,Fashion,Mens Clothing,Ahmedabad,Paid Ads,Net Banking,2,4884.67,25,2442.34,7327.0,5665.52,1661.49,22.68,0,,4,6
ORD11488,CUST3477,2024-04-23,April,Q2,Beauty,Haircare,Bangalore,Paid Ads,UPI,1,2667.52,5,133.38,2534.14,1368.88,1165.26,45.98,0,,4,10
ORD11489,CUST1105,2024-04-23,April,Q2,Fashion,Womens Clothing,Bangalore,Email,Net Banking,2,1268.26,10,253.65,2282.87,1774.72,508.15,22.26,0,,2,5
ORD11490,CUST3945,2024-04-23,April,Q2,Fashion,Accessories,Chennai,Paid Ads,Debit Card,1,3921.17,15,588.18,3332.99,2026.23,1306.77,39.21,1,Not as Described,4,9
ORD11491,CUST1613,2024-04-23,April,Q2,Fashion,Accessories,Hyderabad,Referral,Credit Card,2,543.8,10,108.76,978.84,552.14,426.7,43.59,0,,3,7
ORD11492,CUST2447,2024-04-23,April,Q2,Fashion,Footwear,Delhi,Paid Ads,Credit Card,2,2084.65,5,208.46,3960.84,2526.47,1434.36,36.21,0,,4,5
ORD11493,CUST2281,2024-04-23,April,Q2,Fashion,Accessories,Bangalore,Paid Ads,Debit Card,2,2632.24,0,0.0,5264.48,3041.49,2222.99,42.23,0,,4,9
ORD11494,CUST2552,2024-04-23,April,Q2,Electronics,Mobile,Delhi,Email,Debit Card,4,5075.49,10,2030.2,18271.76,9244.26,9027.51,49.41,0,,5,1
ORD11495,CUST3753,2024-04-23,April,Q2,Home & Kitchen,Furniture,Ahmedabad,Social Media,Credit Card,2,13199.7,20,5279.88,21119.52,12734.63,8384.89,39.7,0,,5,3
ORD11496,CUST1471,2024-04-23,April,Q2,Beauty,Fragrance,Mumbai,Social Media,Debit Card,2,1523.19,15,456.96,2589.42,1988.56,600.87,23.2,0,,4,2
ORD11497,CUST3064,2024-04-23,April,Q2,Home & Kitchen,Furniture,Delhi,Organic Search,Debit Card,1,1441.51,5,72.08,1369.43,822.99,546.44,39.9,0,,3,7
ORD11498,CUST3644,2024-04-23,April,Q2,Home & Kitchen,Appliances,Mumbai,Paid Ads,Credit Card,4,1046.95,0,0.0,4187.8,2037.38,2150.42,51.35,0,,4,9
ORD11499,CUST2187,2024-04-23,April,Q2,Fashion,Mens Clothing,Delhi,Organic Search,Debit Card,1,3560.21,20,712.04,2848.17,2016.18,831.98,29.21,0,,5,2
ORD11500,CUST2196,2024-04-23,April,Q2,Books,Academic,Pune,Referral,COD,3,338.93,25,254.2,762.59,521.91,240.69,31.56,0,,3,6
ORD11501,CUST2068,2024-04-24,April,Q2,Home & Kitchen,Decor,Delhi,Paid Ads,Debit Card,1,4041.68,5,202.08,3839.6,2044.68,1794.92,46.75,0,,4,2
ORD11502,CUST1652,2024-04-24,April,Q2,Home & Kitchen,Furniture,Mumbai,Direct,UPI,1,7944.68,15,1191.7,6752.98,5477.31,1275.67,18.89,0,,1,3
ORD11503,CUST1348,2024-04-24,April,Q2,Electronics,Mobile,Bangalore,Social Media,UPI,3,61624.44,5,9243.67,175629.65,99925.16,75704.49,43.1,0,,3,1
ORD11504,CUST3235,2024-04-24,April,Q2,Fashion,Mens Clothing,Mumbai,Paid Ads,Debit Card,1,3988.65,10,398.86,3589.78,1841.19,1748.59,48.71,1,Not as Described,4,6
ORD11505,CUST1605,2024-04-24,April,Q2,Fashion,Mens Clothing,Mumbai,Social Media,Credit Card,3,949.97,20,569.98,2279.93,1973.8,306.13,13.43,0,,4,2
ORD11506,CUST3459,2024-04-24,April,Q2,Fashion,Accessories,Pune,Direct,Debit Card,1,4117.52,0,0.0,4117.52,2671.08,1446.44,35.13,1,Late Delivery,4,3
ORD11507,CUST3736,2024-04-24,April,Q2,Home & Kitchen,Decor,Pune,Direct,UPI,3,5566.62,10,1669.99,15029.87,8577.1,6452.77,42.93,0,,4,6
ORD11508,CUST3360,2024-04-24,April,Q2,Home & Kitchen,Cookware,Kolkata,Organic Search,Debit Card,2,7767.4,0,0.0,15534.8,8578.67,6956.13,44.78,0,,3,6
ORD11509,CUST3211,2024-04-24,April,Q2,Home & Kitchen,Appliances,Kolkata,Paid Ads,Credit Card,2,5781.09,5,578.11,10984.07,7695.47,3288.6,29.94,0,,3,4
ORD11510,CUST2952,2024-04-24,April,Q2,Sports,Sportswear,Chennai,Paid Ads,Credit Card,1,5684.29,10,568.43,5115.86,3065.84,2050.02,40.07,0,,4,1
ORD11511,CUST2176,2024-04-24,April,Q2,Sports,Sportswear,Mumbai,Organic Search,COD,1,6802.38,0,0.0,6802.38,4026.0,2776.38,40.81,0,,4,7
ORD11512,CUST3011,2024-04-24,April,Q2,Beauty,Haircare,Pune,Social Media,Debit Card,3,909.9,10,272.97,2456.73,1593.36,863.37,35.14,0,,1,2
ORD11513,CUST3139,2024-04-24,April,Q2,Toys,Dolls,Pune,Direct,UPI,1,1538.63,0,0.0,1538.63,846.74,691.89,44.97,0,,4,6
ORD11514,CUST1313,2024-04-24,April,Q2,Electronics,Camera,Pune,Paid Ads,UPI,1,67081.21,15,10062.18,57019.03,40911.18,16107.84,28.25,0,,4,7
ORD11515,CUST1616,2024-04-25,April,Q2,Electronics,Tablet,Bangalore,Email,COD,2,27585.05,0,0.0,55170.1,31354.42,23815.68,43.17,0,,2,2
ORD11516,CUST1719,2024-04-25,April,Q2,Electronics,Mobile,Delhi,Social Media,UPI,1,30030.42,15,4504.56,25525.86,13673.08,11852.78,46.43,0,,5,6
ORD11517,CUST2183,2024-04-25,April,Q2,Beauty,Haircare,Pune,Paid Ads,UPI,1,1649.93,10,164.99,1484.94,1078.39,406.55,27.38,0,,4,1
ORD11518,CUST3053,2024-04-25,April,Q2,Books,Academic,Chennai,Organic Search,Net Banking,1,581.56,30,174.47,407.09,278.15,128.94,31.67,0,,3,6
ORD11519,CUST3546,2024-04-25,April,Q2,Fashion,Womens Clothing,Ahmedabad,Email,UPI,1,4393.07,25,1098.27,3294.8,2486.58,808.23,24.53,1,Wrong Item,4,8
ORD11520,CUST1173,2024-04-25,April,Q2,Books,Non-Fiction,Mumbai,Direct,Credit Card,3,698.4,0,0.0,2095.2,1246.59,848.61,40.5,0,,4,8
ORD11521,CUST2286,2024-04-25,April,Q2,Electronics,Laptop,Delhi,Social Media,Credit Card,1,41326.61,0,0.0,41326.61,25886.02,15440.59,37.36,0,,5,7
ORD11522,CUST2554,2024-04-25,April,Q2,Toys,Board Games,Delhi,Organic Search,UPI,5,1028.83,15,771.62,4372.53,2843.17,1529.36,34.98,1,Changed Mind,5,4
ORD11523,CUST2920,2024-04-25,April,Q2,Fashion,Mens Clothing,Pune,Organic Search,COD,1,2836.89,10,283.69,2553.2,1798.27,754.93,29.57,0,,4,4
ORD11524,CUST1165,2024-04-25,April,Q2,Electronics,Tablet,Mumbai,Organic Search,UPI,1,52985.02,0,0.0,52985.02,25583.16,27401.86,51.72,0,,2,5
ORD11525,CUST3077,2024-04-25,April,Q2,Home & Kitchen,Decor,Mumbai,Social Media,UPI,2,2900.19,0,0.0,5800.38,3557.73,2242.65,38.66,0,,5,8
ORD11526,CUST2780,2024-04-25,April,Q2,Fashion,Footwear,Ahmedabad,Email,UPI,1,2346.44,10,234.64,2111.8,1540.64,571.16,27.05,0,,5,4
ORD11527,CUST2914,2024-04-25,April,Q2,Fashion,Accessories,Mumbai,Organic Search,Debit Card,2,1491.15,25,745.58,2236.73,2005.18,231.54,10.35,1,Damaged Product,3,9
ORD11528,CUST1107,2024-04-25,April,Q2,Fashion,Footwear,Pune,Direct,UPI,3,4973.39,25,3730.04,11190.13,8875.88,2314.24,20.68,1,Late Delivery,2,3
ORD11529,CUST1180,2024-04-25,April,Q2,Sports,Sportswear,Delhi,Social Media,Credit Card,1,3893.35,0,0.0,3893.35,2056.56,1836.79,47.18,0,,5,9
ORD11530,CUST3454,2024-04-25,April,Q2,Home & Kitchen,Furniture,Pune,Social Media,Net Banking,2,1238.85,5,123.88,2353.81,1216.15,1137.66,48.33,0,,5,2
ORD11531,CUST1200,2024-04-25,April,Q2,Fashion,Mens Clothing,Hyderabad,Referral,UPI,1,3099.13,0,0.0,3099.13,1662.34,1436.79,46.36,0,,3,6
ORD11532,CUST1011,2024-04-25,April,Q2,Home & Kitchen,Furniture,Kolkata,Organic Search,UPI,1,10680.45,10,1068.04,9612.41,6247.99,3364.41,35.0,0,,4,5
ORD11533,CUST3711,2024-04-25,April,Q2,Beauty,Haircare,Kolkata,Direct,Debit Card,1,1406.02,15,210.9,1195.12,701.72,493.4,41.28,1,Changed Mind,3,5
ORD11534,CUST2070,2024-04-26,April,Q2,Fashion,Mens Clothing,Mumbai,Organic Search,Credit Card,3,1428.38,15,642.77,3642.37,2948.73,693.64,19.04,0,,3,11
ORD11535,CUST2006,2024-04-26,April,Q2,Fashion,Footwear,Mumbai,Paid Ads,Debit Card,1,901.73,10,90.17,811.56,608.02,203.54,25.08,0,,4,6
ORD11536,CUST2547,2024-04-26,April,Q2,Electronics,Mobile,Delhi,Direct,UPI,3,74048.54,0,0.0,222145.62,101795.85,120349.77,54.18,0,,4,10
ORD11537,CUST2414,2024-04-26,April,Q2,Electronics,Tablet,Chennai,Direct,UPI,1,33333.37,5,1666.67,31666.7,19683.04,11983.66,37.84,0,,5,7
ORD11538,CUST3607,2024-04-26,April,Q2,Beauty,Fragrance,Kolkata,Social Media,Debit Card,1,502.21,25,125.55,376.66,325.09,51.56,13.69,0,,4,4
ORD11539,CUST2398,2024-04-26,April,Q2,Electronics,Tablet,Bangalore,Social Media,UPI,1,25544.29,0,0.0,25544.29,13062.02,12482.27,48.87,1,Size Issue,3,4
ORD11540,CUST1363,2024-04-26,April,Q2,Home & Kitchen,Cookware,Hyderabad,Email,COD,3,9701.86,5,1455.28,27650.3,16909.59,10740.71,38.84,1,Size Issue,5,9
ORD11541,CUST2480,2024-04-26,April,Q2,Beauty,Fragrance,Mumbai,Direct,Credit Card,2,1725.77,15,517.73,2933.81,1903.52,1030.29,35.12,0,,2,4
ORD11542,CUST3965,2024-04-26,April,Q2,Electronics,Laptop,Pune,Organic Search,UPI,1,73429.28,15,11014.39,62414.89,36651.24,25763.65,41.28,0,,5,8
ORD11543,CUST3113,2024-04-26,April,Q2,Home & Kitchen,Furniture,Ahmedabad,Email,UPI,3,14820.11,25,11115.08,33345.25,26840.01,6505.24,19.51,0,,5,10
ORD11544,CUST2126,2024-04-26,April,Q2,Fashion,Accessories,Delhi,Paid Ads,UPI,1,4442.42,5,222.12,4220.3,3102.69,1117.61,26.48,1,Wrong Item,3,1
ORD11545,CUST3171,2024-04-27,April,Q2,Toys,Dolls,Bangalore,Paid Ads,UPI,3,772.37,10,231.71,2085.4,1254.3,831.1,39.85,1,Damaged Product,3,4
ORD11546,CUST1614,2024-04-27,April,Q2,Home & Kitchen,Appliances,Mumbai,Paid Ads,UPI,3,13726.65,10,4118.0,37061.95,24217.71,12844.24,34.66,0,,5,2
ORD11547,CUST2659,2024-04-27,April,Q2,Sports,Outdoor,Hyderabad,Social Media,Net Banking,2,3814.03,25,1907.02,5721.04,4057.85,1663.19,29.07,0,,4,11
ORD11548,CUST2547,2024-04-27,April,Q2,Home & Kitchen,Cookware,Bangalore,Referral,Credit Card,3,5502.98,15,2476.34,14032.6,11048.4,2984.2,21.27,0,,1,10
ORD11549,CUST3306,2024-04-27,April,Q2,Electronics,Camera,Mumbai,Social Media,UPI,1,49186.09,20,9837.22,39348.87,32765.35,6583.52,16.73,0,,5,5
ORD11550,CUST1503,2024-04-27,April,Q2,Beauty,Skincare,Bangalore,Referral,Credit Card,2,2846.75,0,0.0,5693.5,2816.54,2876.96,50.53,0,,4,2
ORD11551,CUST1965,2024-04-27,April,Q2,Toys,Board Games,Delhi,Organic Search,Credit Card,2,1045.87,15,313.76,1777.98,1411.9,366.08,20.59,0,,4,7
ORD11552,CUST2691,2024-04-27,April,Q2,Home & Kitchen,Decor,Bangalore,Email,Debit Card,1,3506.13,5,175.31,3330.82,1710.56,1620.26,48.64,0,,4,10
ORD11553,CUST1611,2024-04-27,April,Q2,Sports,Sportswear,Hyderabad,Email,Credit Card,2,6005.41,0,0.0,12010.82,5691.45,6319.37,52.61,0,,4,7
ORD11554,CUST2103,2024-04-27,April,Q2,Books,Non-Fiction,Mumbai,Social Media,Net Banking,1,606.19,0,0.0,606.19,371.74,234.45,38.68,0,,4,9
ORD11555,CUST3095,2024-04-28,April,Q2,Fashion,Mens Clothing,Pune,Social Media,Net Banking,1,4253.77,15,638.07,3615.7,2324.58,1291.12,35.71,0,,3,4
ORD11556,CUST1933,2024-04-28,April,Q2,Fashion,Womens Clothing,Chennai,Social Media,Debit Card,1,1053.33,5,52.67,1000.66,613.76,386.9,38.66,0,,4,5
ORD11557,CUST2317,2024-04-28,April,Q2,Home & Kitchen,Furniture,Delhi,Direct,UPI,1,12093.73,20,2418.75,9674.98,7415.18,2259.8,23.36,0,,4,3
ORD11558,CUST2513,2024-04-28,April,Q2,Fashion,Mens Clothing,Mumbai,Direct,UPI,1,3049.98,15,457.5,2592.48,1412.78,1179.7,45.5,0,,5,7
ORD11559,CUST3708,2024-04-28,April,Q2,Sports,Sportswear,Chennai,Organic Search,COD,3,8028.99,0,0.0,24086.97,12603.23,11483.74,47.68,1,Late Delivery,4,5
ORD11560,CUST1200,2024-04-28,April,Q2,Books,Academic,Ahmedabad,Direct,UPI,1,375.55,15,56.33,319.22,212.27,106.95,33.5,0,,4,9
ORD11561,CUST2499,2024-04-28,April,Q2,Fashion,Mens Clothing,Delhi,Paid Ads,Credit Card,2,995.86,0,0.0,1991.72,1029.02,962.7,48.34,0,,2,7
ORD11562,CUST2270,2024-04-28,April,Q2,Fashion,Womens Clothing,Delhi,Organic Search,UPI,1,537.51,5,26.88,510.63,248.46,262.17,51.34,1,Wrong Item,5,4
ORD11563,CUST1697,2024-04-28,April,Q2,Sports,Fitness Equipment,Mumbai,Direct,UPI,1,9308.71,10,930.87,8377.84,4390.63,3987.21,47.59,0,,4,7
ORD11564,CUST3362,2024-04-28,April,Q2,Fashion,Footwear,Hyderabad,Paid Ads,UPI,1,1162.09,20,232.42,929.67,755.87,173.81,18.7,0,,4,1
ORD11565,CUST2537,2024-04-29,April,Q2,Sports,Outdoor,Mumbai,Email,COD,1,6968.77,10,696.88,6271.89,4723.76,1548.14,24.68,1,Size Issue,5,2
ORD11566,CUST3988,2024-04-29,April,Q2,Fashion,Mens Clothing,Delhi,Organic Search,COD,2,2854.34,20,1141.74,4566.94,2786.17,1780.78,38.99,0,,5,3
ORD11567,CUST1171,2024-04-29,April,Q2,Beauty,Skincare,Chennai,Organic Search,UPI,2,1011.39,15,303.42,1719.36,1036.3,683.06,39.73,1,Late Delivery,4,5
ORD11568,CUST3263,2024-04-29,April,Q2,Electronics,Mobile,Hyderabad,Paid Ads,UPI,1,46860.56,5,2343.03,44517.53,28728.45,15789.09,35.47,0,,5,5
ORD11569,CUST3925,2024-04-29,April,Q2,Home & Kitchen,Appliances,Bangalore,Organic Search,Net Banking,1,3109.02,10,310.9,2798.12,2140.77,657.35,23.49,0,,5,7
ORD11570,CUST1161,2024-04-29,April,Q2,Home & Kitchen,Furniture,Bangalore,Email,Debit Card,3,7712.91,15,3470.81,19667.92,12145.46,7522.46,38.25,0,,5,9
ORD11571,CUST3560,2024-04-29,April,Q2,Home & Kitchen,Furniture,Hyderabad,Organic Search,Debit Card,1,1717.55,0,0.0,1717.55,1140.12,577.43,33.62,0,,4,10
ORD11572,CUST2924,2024-04-29,April,Q2,Electronics,Headphones,Mumbai,Paid Ads,Credit Card,1,27104.5,20,5420.9,21683.6,15625.91,6057.69,27.94,0,,4,9
ORD11573,CUST1217,2024-04-29,April,Q2,Beauty,Haircare,Mumbai,Organic Search,COD,2,1470.8,15,441.24,2500.36,2027.17,473.19,18.92,0,,3,6
ORD11574,CUST2665,2024-04-29,April,Q2,Books,Children,Kolkata,Paid Ads,UPI,1,291.26,0,0.0,291.26,140.99,150.27,51.59,0,,4,7
ORD11575,CUST1851,2024-04-29,April,Q2,Fashion,Footwear,Mumbai,Email,Credit Card,5,4214.62,30,6321.93,14751.17,14612.47,138.7,0.94,1,Changed Mind,4,8
ORD11576,CUST1984,2024-04-29,April,Q2,Electronics,Mobile,Chennai,Organic Search,Net Banking,2,14257.68,0,0.0,28515.36,15975.58,12539.78,43.98,0,,4,4
ORD11577,CUST2680,2024-04-29,April,Q2,Electronics,Mobile,Kolkata,Social Media,UPI,1,41627.48,25,10406.87,31220.61,28649.47,2571.14,8.24,0,,4,7
ORD11578,CUST3466,2024-04-29,April,Q2,Beauty,Makeup,Delhi,Direct,COD,1,214.25,5,10.71,203.54,120.98,82.56,40.56,0,,3,6
ORD11579,CUST3515,2024-04-29,April,Q2,Home & Kitchen,Decor,Delhi,Social Media,Credit Card,2,5802.03,15,1740.61,9863.45,6759.6,3103.85,31.47,0,,1,8
ORD11580,CUST3286,2024-04-30,April,Q2,Home & Kitchen,Decor,Hyderabad,Email,UPI,1,12644.36,10,1264.44,11379.92,8233.93,3146.0,27.65,0,,4,1
ORD11581,CUST2884,2024-04-30,April,Q2,Fashion,Accessories,Kolkata,Organic Search,UPI,4,724.56,15,434.74,2463.5,1827.8,635.71,25.81,0,,4,5
ORD11582,CUST3531,2024-04-30,April,Q2,Fashion,Mens Clothing,Ahmedabad,Organic Search,UPI,2,1119.73,0,0.0,2239.46,1354.65,884.81,39.51,0,,4,3
ORD11583,CUST2454,2024-04-30,April,Q2,Home & Kitchen,Appliances,Chennai,Direct,UPI,1,13277.85,0,0.0,13277.85,7359.18,5918.67,44.58,0,,5,9
ORD11584,CUST1069,2024-04-30,April,Q2,Home & Kitchen,Cookware,Mumbai,Email,COD,2,11950.74,0,0.0,23901.48,15490.78,8410.7,35.19,0,,5,9
ORD11585,CUST3557,2024-04-30,April,Q2,Toys,Educational,Chennai,Social Media,Debit Card,1,1655.38,20,331.08,1324.3,1137.34,186.96,14.12,0,,4,3
ORD11586,CUST3606,2024-04-30,April,Q2,Electronics,Tablet,Bangalore,Social Media,COD,1,76889.32,0,0.0,76889.32,34788.78,42100.54,54.75,1,Size Issue,3,10
ORD11587,CUST3153,2024-04-30,April,Q2,Beauty,Haircare,Bangalore,Paid Ads,Credit Card,2,1770.1,15,531.03,3009.17,2113.36,895.81,29.77,0,,4,2
ORD11588,CUST1756,2024-04-30,April,Q2,Fashion,Mens Clothing,Mumbai,Organic Search,Debit Card,2,4791.58,20,1916.63,7666.53,6387.13,1279.4,16.69,0,,4,5
ORD11589,CUST1515,2024-04-30,April,Q2,Fashion,Footwear,Mumbai,Email,Credit Card,2,3709.39,25,1854.7,5564.08,4549.78,1014.31,18.23,0,,4,4
ORD11590,CUST1264,2024-04-30,April,Q2,Beauty,Makeup,Pune,Social Media,Debit Card,1,599.4,0,0.0,599.4,389.73,209.67,34.98,0,,3,7
ORD11591,CUST1248,2024-04-30,April,Q2,Beauty,Fragrance,Bangalore,Paid Ads,Debit Card,2,2252.55,20,901.02,3604.08,3035.38,568.7,15.78,0,,1,8
ORD11592,CUST2096,2024-04-30,April,Q2,Toys,Board Games,Delhi,Direct,COD,1,1466.54,0,0.0,1466.54,935.27,531.27,36.23,0,,3,4
ORD11593,CUST1192,2024-05-01,May,Q2,Electronics,Laptop,Bangalore,Paid Ads,UPI,2,73869.49,15,22160.85,125578.13,92965.4,32612.74,25.97,0,,4,3
ORD11594,CUST1501,2024-05-01,May,Q2,Electronics,Camera,Kolkata,Paid Ads,Debit Card,2,26810.15,15,8043.04,45577.26,37061.63,8515.63,18.68,0,,5,9
ORD11595,CUST2604,2024-05-01,May,Q2,Beauty,Skincare,Chennai,Direct,UPI,2,289.98,0,0.0,579.96,386.21,193.75,33.41,0,,5,8
ORD11596,CUST2035,2024-05-01,May,Q2,Home & Kitchen,Cookware,Delhi,Email,Credit Card,3,14047.67,0,0.0,42143.01,27554.97,14588.04,34.62,0,,4,11
ORD11597,CUST3165,2024-05-01,May,Q2,Fashion,Mens Clothing,Mumbai,Social Media,Credit Card,3,1619.28,10,485.78,4372.06,2290.96,2081.09,47.6,0,,5,11
ORD11598,CUST1508,2024-05-01,May,Q2,Electronics,Tablet,Delhi,Organic Search,UPI,5,55887.52,5,13971.88,265465.72,142445.4,123020.32,46.34,1,Late Delivery,5,7
ORD11599,CUST3276,2024-05-01,May,Q2,Electronics,Camera,Kolkata,Organic Search,UPI,5,33968.06,25,42460.08,127380.22,100068.04,27312.19,21.44,0,,5,11
ORD11600,CUST3167,2024-05-01,May,Q2,Books,Academic,Hyderabad,Social Media,UPI,2,409.42,5,40.94,777.9,513.73,264.17,33.96,0,,5,8
ORD11601,CUST1020,2024-05-01,May,Q2,Electronics,Tablet,Bangalore,Paid Ads,Debit Card,4,72812.21,25,72812.21,218436.63,153139.72,65296.91,29.89,0,,5,8
ORD11602,CUST2071,2024-05-01,May,Q2,Fashion,Footwear,Hyderabad,Direct,UPI,3,4518.65,10,1355.6,12200.36,6416.47,5783.89,47.41,0,,4,10
ORD11603,CUST3562,2024-05-01,May,Q2,Fashion,Footwear,Delhi,Referral,UPI,2,4640.87,30,2784.52,6497.22,4898.67,1598.55,24.6,1,Damaged Product,1,8
ORD11604,CUST2059,2024-05-01,May,Q2,Fashion,Footwear,Pune,Email,Net Banking,1,3186.67,15,478.0,2708.67,2048.26,660.41,24.38,0,,5,11
ORD11605,CUST3636,2024-05-01,May,Q2,Electronics,Laptop,Bangalore,Paid Ads,Credit Card,1,17997.65,20,3599.53,14398.12,12046.73,2351.39,16.33,0,,4,1
ORD11606,CUST1726,2024-05-01,May,Q2,Home & Kitchen,Appliances,Mumbai,Email,UPI,3,6988.59,0,0.0,20965.77,14219.53,6746.24,32.18,0,,5,4
ORD11607,CUST3242,2024-05-01,May,Q2,Electronics,Camera,Mumbai,Paid Ads,UPI,1,70694.93,10,7069.49,63625.44,38508.71,25116.73,39.48,0,,5,10
ORD11608,CUST2940,2024-05-01,May,Q2,Sports,Sportswear,Bangalore,Organic Search,Net Banking,3,8141.61,0,0.0,24424.83,13265.97,11158.86,45.69,1,Changed Mind,4,7
ORD11609,CUST3041,2024-05-02,May,Q2,Fashion,Accessories,Ahmedabad,Organic Search,Credit Card,1,1126.29,0,0.0,1126.29,621.35,504.94,44.83,0,,4,6
ORD11610,CUST2019,2024-05-02,May,Q2,Home & Kitchen,Appliances,Delhi,Paid Ads,UPI,1,11700.78,10,1170.08,10530.7,6364.67,4166.04,39.56,0,,4,3
ORD11611,CUST3112,2024-05-02,May,Q2,Books,Non-Fiction,Kolkata,Direct,Debit Card,2,312.51,15,93.75,531.27,385.36,145.91,27.46,0,,3,3
ORD11612,CUST1794,2024-05-02,May,Q2,Beauty,Haircare,Pune,Organic Search,UPI,3,1365.67,0,0.0,4097.01,2210.67,1886.34,46.04,1,Not as Described,2,4
ORD11613,CUST2548,2024-05-02,May,Q2,Home & Kitchen,Decor,Delhi,Organic Search,Credit Card,1,3633.23,10,363.32,3269.91,1653.43,1616.47,49.43,0,,4,10
ORD11614,CUST3941,2024-05-02,May,Q2,Fashion,Womens Clothing,Mumbai,Referral,Credit Card,3,1872.48,10,561.74,5055.7,3144.4,1911.3,37.8,0,,2,6
ORD11615,CUST1768,2024-05-02,May,Q2,Fashion,Mens Clothing,Mumbai,Organic Search,UPI,2,1838.0,0,0.0,3676.0,1860.2,1815.8,49.4,0,,4,1
ORD11616,CUST3164,2024-05-02,May,Q2,Beauty,Skincare,Chennai,Email,Debit Card,1,2795.93,10,279.59,2516.34,1278.3,1238.03,49.2,0,,3,10
ORD11617,CUST3653,2024-05-02,May,Q2,Toys,Action Figures,Mumbai,Paid Ads,Credit Card,1,1545.12,15,231.77,1313.35,877.18,436.17,33.21,0,,5,4
ORD11618,CUST1262,2024-05-02,May,Q2,Beauty,Fragrance,Delhi,Organic Search,Debit Card,1,713.44,0,0.0,713.44,357.78,355.66,49.85,0,,5,9
ORD11619,CUST2637,2024-05-02,May,Q2,Home & Kitchen,Cookware,Bangalore,Direct,Credit Card,1,11910.16,15,1786.52,10123.64,6707.63,3416.01,33.74,0,,4,7
ORD11620,CUST2096,2024-05-02,May,Q2,Beauty,Haircare,Chennai,Organic Search,Net Banking,1,2534.79,10,253.48,2281.31,1316.66,964.65,42.28,0,,4,11
ORD11621,CUST1992,2024-05-02,May,Q2,Home & Kitchen,Appliances,Mumbai,Social Media,UPI,1,2163.8,20,432.76,1731.04,1300.29,430.75,24.88,0,,5,6
ORD11622,CUST1634,2024-05-02,May,Q2,Electronics,Tablet,Bangalore,Organic Search,COD,1,44492.85,0,0.0,44492.85,31043.52,13449.33,30.23,0,,1,11
ORD11623,CUST3756,2024-05-03,May,Q2,Home & Kitchen,Cookware,Bangalore,Organic Search,Debit Card,3,10656.69,20,6394.01,25576.06,18760.29,6815.76,26.65,0,,4,5
ORD11624,CUST1268,2024-05-03,May,Q2,Toys,Educational,Hyderabad,Organic Search,COD,2,1660.3,0,0.0,3320.6,2031.29,1289.31,38.83,0,,3,2
ORD11625,CUST1579,2024-05-03,May,Q2,Electronics,Headphones,Pune,Organic Search,UPI,2,56387.25,5,5638.72,107135.78,76666.24,30469.53,28.44,0,,4,2
ORD11626,CUST3853,2024-05-03,May,Q2,Beauty,Haircare,Mumbai,Organic Search,UPI,1,1201.17,0,0.0,1201.17,652.84,548.33,45.65,0,,3,6
ORD11627,CUST2638,2024-05-03,May,Q2,Fashion,Mens Clothing,Pune,Email,UPI,3,2093.87,20,1256.32,5025.29,3088.27,1937.02,38.55,0,,3,9
ORD11628,CUST3535,2024-05-03,May,Q2,Home & Kitchen,Furniture,Chennai,Paid Ads,UPI,3,7425.05,15,3341.27,18933.88,11598.66,7335.22,38.74,0,,3,9
ORD11629,CUST3776,2024-05-03,May,Q2,Electronics,Headphones,Hyderabad,Paid Ads,UPI,1,77108.52,0,0.0,77108.52,42463.56,34644.96,44.93,0,,4,1
ORD11630,CUST2208,2024-05-03,May,Q2,Home & Kitchen,Decor,Chennai,Paid Ads,Debit Card,3,7350.23,0,0.0,22050.69,13478.58,8572.11,38.87,0,,4,7
ORD11631,CUST3973,2024-05-03,May,Q2,Sports,Fitness Equipment,Bangalore,Referral,Credit Card,3,9169.3,0,0.0,27507.9,12410.11,15097.79,54.89,1,Wrong Item,4,7
ORD11632,CUST1699,2024-05-03,May,Q2,Fashion,Footwear,Mumbai,Direct,UPI,2,618.9,0,0.0,1237.8,821.09,416.71,33.67,0,,4,10
ORD11633,CUST3136,2024-05-03,May,Q2,Beauty,Makeup,Chennai,Email,UPI,2,2346.96,10,469.39,4224.53,2201.56,2022.97,47.89,0,,3,2
ORD11634,CUST3340,2024-05-03,May,Q2,Sports,Sportswear,Bangalore,Direct,Credit Card,1,1340.08,15,201.01,1139.07,904.77,234.29,20.57,0,,5,10
ORD11635,CUST3642,2024-05-03,May,Q2,Books,Academic,Hyderabad,Paid Ads,Debit Card,1,241.38,25,60.34,181.04,165.91,15.12,8.35,0,,4,4
ORD11636,CUST3742,2024-05-03,May,Q2,Fashion,Mens Clothing,Delhi,Paid Ads,UPI,1,4580.82,25,1145.2,3435.62,3195.24,240.38,7.0,0,,3,8
ORD11637,CUST3731,2024-05-03,May,Q2,Fashion,Mens Clothing,Kolkata,Social Media,COD,1,4039.84,15,605.98,3433.86,2635.5,798.36,23.25,0,,3,6
ORD11638,CUST3992,2024-05-03,May,Q2,Electronics,Headphones,Hyderabad,Social Media,Credit Card,1,48524.18,0,0.0,48524.18,23556.74,24967.44,51.45,0,,5,11
ORD11639,CUST2259,2024-05-03,May,Q2,Toys,Educational,Mumbai,Paid Ads,Debit Card,3,1307.4,5,196.11,3726.09,2457.42,1268.67,34.05,0,,5,7
ORD11640,CUST2669,2024-05-03,May,Q2,Books,Children,Bangalore,Paid Ads,COD,1,553.58,10,55.36,498.22,277.25,220.97,44.35,0,,4,10
ORD11641,CUST2218,2024-05-04,May,Q2,Home & Kitchen,Cookware,Chennai,Referral,UPI,5,13578.76,10,6789.38,61104.42,45779.56,15324.86,25.08,0,,4,11
ORD11642,CUST1649,2024-05-04,May,Q2,Sports,Fitness Equipment,Pune,Direct,Debit Card,2,8839.15,10,1767.83,15910.47,9354.5,6555.97,41.21,0,,4,11
ORD11643,CUST1084,2024-05-04,May,Q2,Home & Kitchen,Furniture,Bangalore,Paid Ads,COD,1,1560.21,30,468.06,1092.15,829.56,262.58,24.04,0,,4,6
ORD11644,CUST1994,2024-05-04,May,Q2,Home & Kitchen,Decor,Kolkata,Email,UPI,1,12800.52,20,2560.1,10240.42,8696.84,1543.57,15.07,1,Late Delivery,5,9
ORD11645,CUST2719,2024-05-04,May,Q2,Electronics,Headphones,Delhi,Organic Search,UPI,1,14445.19,0,0.0,14445.19,6548.12,7897.07,54.67,0,,4,11
ORD11646,CUST3936,2024-05-04,May,Q2,Sports,Sportswear,Bangalore,Organic Search,Net Banking,5,6865.75,0,0.0,34328.75,17112.59,17216.16,50.15,1,Changed Mind,3,10
ORD11647,CUST1534,2024-05-04,May,Q2,Electronics,Tablet,Kolkata,Paid Ads,Net Banking,3,39710.59,20,23826.35,95305.42,66175.68,29129.74,30.56,0,,1,10
ORD11648,CUST2508,2024-05-04,May,Q2,Sports,Outdoor,Kolkata,Paid Ads,Debit Card,1,7748.46,20,1549.69,6198.77,4844.19,1354.58,21.85,1,Late Delivery,3,9
ORD11649,CUST3958,2024-05-04,May,Q2,Sports,Fitness Equipment,Chennai,Organic Search,Credit Card,4,5421.08,0,0.0,21684.32,13268.45,8415.87,38.81,0,,4,6
ORD11650,CUST3970,2024-05-04,May,Q2,Beauty,Haircare,Kolkata,Email,Debit Card,2,2549.75,15,764.92,4334.58,3148.19,1186.38,27.37,1,Wrong Item,3,6
ORD11651,CUST3164,2024-05-04,May,Q2,Electronics,Tablet,Mumbai,Paid Ads,Credit Card,1,11349.43,15,1702.41,9647.02,7604.18,2042.83,21.18,0,,4,9
ORD11652,CUST2764,2024-05-04,May,Q2,Fashion,Womens Clothing,Kolkata,Social Media,Credit Card,2,1715.79,10,343.16,3088.42,1648.04,1440.38,46.64,0,,4,10
ORD11653,CUST1876,2024-05-04,May,Q2,Fashion,Accessories,Delhi,Organic Search,Debit Card,2,4937.78,0,0.0,9875.56,5733.16,4142.4,41.95,0,,4,9
ORD11654,CUST1426,2024-05-04,May,Q2,Fashion,Footwear,Mumbai,Organic Search,Net Banking,1,981.72,20,196.34,785.38,619.83,165.55,21.08,0,,4,3
ORD11655,CUST2268,2024-05-04,May,Q2,Electronics,Tablet,Delhi,Direct,COD,2,49575.48,15,14872.64,84278.32,60385.87,23892.45,28.35,0,,4,7
ORD11656,CUST2031,2024-05-04,May,Q2,Toys,Dolls,Bangalore,Social Media,UPI,1,2519.24,0,0.0,2519.24,1416.01,1103.23,43.79,0,,4,3
ORD11657,CUST1336,2024-05-04,May,Q2,Home & Kitchen,Cookware,Delhi,Referral,UPI,1,8829.3,15,1324.4,7504.9,4010.96,3493.94,46.56,0,,5,4
ORD11658,CUST2892,2024-05-05,May,Q2,Fashion,Footwear,Delhi,Referral,Credit Card,1,3607.67,15,541.15,3066.52,1677.97,1388.55,45.28,0,,4,9
ORD11659,CUST1167,2024-05-05,May,Q2,Fashion,Footwear,Mumbai,Paid Ads,Credit Card,4,4389.41,20,3511.53,14046.11,8423.02,5623.09,40.03,0,,4,10
ORD11660,CUST2598,2024-05-05,May,Q2,Fashion,Mens Clothing,Delhi,Paid Ads,Credit Card,2,1046.49,0,0.0,2092.98,1121.43,971.55,46.42,1,Wrong Item,5,8
ORD11661,CUST2194,2024-05-05,May,Q2,Home & Kitchen,Furniture,Hyderabad,Direct,UPI,1,9101.57,30,2730.47,6371.1,4363.41,2007.68,31.51,0,,5,6
ORD11662,CUST3587,2024-05-05,May,Q2,Home & Kitchen,Decor,Bangalore,Referral,Credit Card,1,8053.66,0,0.0,8053.66,4482.03,3571.63,44.35,0,,5,6
ORD11663,CUST2596,2024-05-05,May,Q2,Books,Academic,Delhi,Social Media,COD,1,616.02,10,61.6,554.42,304.72,249.7,45.04,0,,4,8
ORD11664,CUST1641,2024-05-05,May,Q2,Home & Kitchen,Cookware,Chennai,Email,UPI,2,10762.33,15,3228.7,18295.96,13878.92,4417.04,24.14,0,,4,2
ORD11665,CUST2452,2024-05-05,May,Q2,Toys,Board Games,Kolkata,Email,Credit Card,1,1693.91,5,84.7,1609.21,1131.31,477.9,29.7,0,,4,5
ORD11666,CUST2530,2024-05-05,May,Q2,Books,Academic,Chennai,Paid Ads,Credit Card,3,515.33,10,154.6,1391.39,846.29,545.1,39.18,0,,4,7
ORD11667,CUST2190,2024-05-05,May,Q2,Fashion,Mens Clothing,Delhi,Social Media,UPI,4,4852.75,20,3882.2,15528.8,11216.32,4312.48,27.77,1,Size Issue,3,3
ORD11668,CUST1173,2024-05-05,May,Q2,Toys,Educational,Chennai,Direct,COD,2,668.29,10,133.66,1202.92,920.07,282.85,23.51,0,,5,8
ORD11669,CUST1764,2024-05-05,May,Q2,Electronics,Tablet,Mumbai,Social Media,UPI,1,72128.93,10,7212.89,64916.04,42114.42,22801.62,35.12,0,,4,3
ORD11670,CUST2651,2024-05-05,May,Q2,Sports,Sportswear,Mumbai,Organic Search,Debit Card,1,6576.85,0,0.0,6576.85,4595.69,1981.16,30.12,1,Not as Described,4,4
ORD11671,CUST1938,2024-05-06,May,Q2,Fashion,Womens Clothing,Delhi,Paid Ads,UPI,1,1196.49,0,0.0,1196.49,580.94,615.55,51.45,1,Late Delivery,4,10
ORD11672,CUST3953,2024-05-06,May,Q2,Books,Children,Pune,Organic Search,Debit Card,2,558.36,0,0.0,1116.72,743.24,373.48,33.44,0,,4,10
ORD11673,CUST3767,2024-05-06,May,Q2,Books,Non-Fiction,Delhi,Organic Search,Net Banking,2,617.44,25,308.72,926.16,709.19,216.97,23.43,0,,5,6
ORD11674,CUST2511,2024-05-06,May,Q2,Sports,Sportswear,Mumbai,Direct,UPI,2,9397.05,15,2819.12,15974.98,8564.07,7410.92,46.39,0,,4,6
ORD11675,CUST2392,2024-05-06,May,Q2,Sports,Fitness Equipment,Mumbai,Organic Search,UPI,1,8153.36,30,2446.01,5707.35,5650.73,56.62,0.99,0,,3,2
ORD11676,CUST3226,2024-05-06,May,Q2,Fashion,Footwear,Kolkata,Organic Search,Debit Card,3,3306.49,0,0.0,9919.47,6856.95,3062.52,30.87,0,,2,2
ORD11677,CUST3798,2024-05-06,May,Q2,Electronics,Headphones,Hyderabad,Paid Ads,UPI,1,20052.49,15,3007.87,17044.62,10945.0,6099.61,35.79,1,Size Issue,5,3
ORD11678,CUST1765,2024-05-06,May,Q2,Fashion,Mens Clothing,Delhi,Social Media,Debit Card,1,802.14,0,0.0,802.14,552.3,249.84,31.15,0,,5,3
ORD11679,CUST2203,2024-05-06,May,Q2,Electronics,Headphones,Hyderabad,Social Media,Credit Card,2,16476.66,15,4943.0,28010.32,15990.68,12019.64,42.91,0,,3,4
ORD11680,CUST1785,2024-05-06,May,Q2,Beauty,Fragrance,Bangalore,Organic Search,Debit Card,1,2663.72,5,133.19,2530.53,1651.58,878.95,34.73,0,,4,4
ORD11681,CUST3986,2024-05-06,May,Q2,Fashion,Mens Clothing,Hyderabad,Organic Search,Net Banking,2,2839.2,0,0.0,5678.4,2827.74,2850.66,50.2,0,,3,4
ORD11682,CUST1095,2024-05-06,May,Q2,Toys,Dolls,Delhi,Organic Search,UPI,3,967.46,10,290.24,2612.14,1485.04,1127.1,43.15,0,,5,10
ORD11683,CUST3738,2024-05-06,May,Q2,Beauty,Haircare,Kolkata,Social Media,Credit Card,2,490.1,0,0.0,980.2,632.07,348.13,35.52,0,,3,10
ORD11684,CUST1346,2024-05-06,May,Q2,Sports,Outdoor,Delhi,Organic Search,COD,1,734.24,15,110.14,624.1,399.68,224.43,35.96,0,,3,11
ORD11685,CUST2924,2024-05-06,May,Q2,Electronics,Tablet,Chennai,Referral,Debit Card,1,42935.34,15,6440.3,36495.04,19397.41,17097.63,46.85,0,,3,3
ORD11686,CUST2545,2024-05-06,May,Q2,Books,Academic,Mumbai,Paid Ads,Credit Card,1,403.96,15,60.59,343.37,223.62,119.75,34.88,0,,5,1
ORD11687,CUST2260,2024-05-07,May,Q2,Books,Non-Fiction,Delhi,Organic Search,Debit Card,1,751.93,30,225.58,526.35,381.24,145.11,27.57,0,,5,9
ORD11688,CUST2684,2024-05-07,May,Q2,Home & Kitchen,Decor,Delhi,Email,UPI,4,5058.92,5,1011.78,19223.9,12562.97,6660.93,34.65,0,,4,2
ORD11689,CUST2146,2024-05-07,May,Q2,Home & Kitchen,Furniture,Hyderabad,Paid Ads,UPI,2,7668.82,10,1533.76,13803.88,7647.53,6156.34,44.6,0,,3,3
ORD11690,CUST2190,2024-05-07,May,Q2,Sports,Fitness Equipment,Mumbai,Social Media,UPI,1,2248.42,20,449.68,1798.74,1485.22,313.51,17.43,0,,4,2
ORD11691,CUST3101,2024-05-07,May,Q2,Electronics,Headphones,Pune,Organic Search,UPI,4,22619.59,10,9047.84,81430.52,46756.8,34673.73,42.58,0,,3,6
ORD11692,CUST3358,2024-05-07,May,Q2,Home & Kitchen,Cookware,Delhi,Social Media,Debit Card,2,12837.74,0,0.0,25675.48,14076.76,11598.72,45.17,0,,2,6
ORD11693,CUST3172,2024-05-07,May,Q2,Fashion,Womens Clothing,Chennai,Email,UPI,1,1671.22,20,334.24,1336.98,876.57,460.41,34.44,0,,5,1
ORD11694,CUST3069,2024-05-07,May,Q2,Electronics,Mobile,Pune,Referral,Credit Card,1,50957.0,0,0.0,50957.0,31133.75,19823.25,38.9,0,,5,4
ORD11695,CUST1092,2024-05-07,May,Q2,Fashion,Accessories,Hyderabad,Organic Search,UPI,1,2476.08,0,0.0,2476.08,1176.86,1299.22,52.47,0,,5,10
ORD11696,CUST1925,2024-05-07,May,Q2,Electronics,Camera,Chennai,Paid Ads,UPI,5,54361.95,0,0.0,271809.75,154802.41,117007.34,43.05,1,Wrong Item,4,5
ORD11697,CUST3993,2024-05-07,May,Q2,Electronics,Mobile,Chennai,Paid Ads,UPI,1,14239.74,0,0.0,14239.74,7598.52,6641.22,46.64,1,Late Delivery,3,6
ORD11698,CUST1446,2024-05-07,May,Q2,Electronics,Tablet,Delhi,Referral,UPI,3,15968.48,0,0.0,47905.44,32146.2,15759.24,32.9,0,,5,5
ORD11699,CUST2508,2024-05-07,May,Q2,Toys,Board Games,Pune,Direct,UPI,1,358.48,0,0.0,358.48,167.9,190.58,53.16,1,Changed Mind,3,3
ORD11700,CUST1988,2024-05-07,May,Q2,Home & Kitchen,Furniture,Delhi,Organic Search,Credit Card,3,2811.94,5,421.79,8014.03,5545.91,2468.12,30.8,0,,3,3
ORD11701,CUST3277,2024-05-07,May,Q2,Toys,Educational,Hyderabad,Organic Search,COD,1,2310.42,0,0.0,2310.42,1136.54,1173.88,50.81,0,,3,3
ORD11702,CUST3856,2024-05-07,May,Q2,Fashion,Accessories,Chennai,Paid Ads,Credit Card,5,1583.07,0,0.0,7915.35,3737.19,4178.16,52.79,0,,5,6
ORD11703,CUST3051,2024-05-07,May,Q2,Fashion,Footwear,Delhi,Organic Search,Credit Card,3,2801.82,15,1260.82,7144.64,4207.61,2937.03,41.11,0,,5,4
ORD11704,CUST3124,2024-05-07,May,Q2,Home & Kitchen,Decor,Delhi,Paid Ads,UPI,1,10734.73,0,0.0,10734.73,5106.12,5628.61,52.43,0,,3,4
ORD11705,CUST1730,2024-05-07,May,Q2,Fashion,Womens Clothing,Bangalore,Organic Search,UPI,2,1401.58,0,0.0,2803.16,1626.52,1176.64,41.98,0,,2,3
ORD11706,CUST2128,2024-05-07,May,Q2,Electronics,Mobile,Pune,Social Media,Credit Card,2,41034.98,5,4103.5,77966.46,57207.17,20759.29,26.63,1,Damaged Product,5,4
ORD11707,CUST2358,2024-05-08,May,Q2,Beauty,Haircare,Kolkata,Referral,Net Banking,3,1010.46,5,151.57,2879.81,1390.14,1489.68,51.73,0,,5,8
ORD11708,CUST3971,2024-05-08,May,Q2,Fashion,Womens Clothing,Hyderabad,Referral,Net Banking,1,950.09,5,47.5,902.59,537.07,365.52,40.5,1,Changed Mind,4,3
ORD11709,CUST1549,2024-05-08,May,Q2,Home & Kitchen,Cookware,Chennai,Paid Ads,UPI,1,9160.45,5,458.02,8702.43,5006.35,3696.08,42.47,0,,3,10
ORD11710,CUST2907,2024-05-08,May,Q2,Beauty,Fragrance,Kolkata,Social Media,UPI,3,1228.55,15,552.85,3132.8,1971.46,1161.34,37.07,0,,4,3
ORD11711,CUST3498,2024-05-08,May,Q2,Electronics,Tablet,Mumbai,Direct,UPI,2,25638.6,10,5127.72,46149.48,27329.0,18820.48,40.78,0,,4,6
ORD11712,CUST3855,2024-05-08,May,Q2,Electronics,Camera,Delhi,Organic Search,Debit Card,1,33936.56,25,8484.14,25452.42,22864.87,2587.55,10.17,0,,5,1
ORD11713,CUST1252,2024-05-08,May,Q2,Sports,Fitness Equipment,Chennai,Social Media,UPI,3,8098.62,10,2429.59,21866.27,11048.4,10817.88,49.47,0,,3,10
ORD11714,CUST3759,2024-05-08,May,Q2,Home & Kitchen,Cookware,Pune,Paid Ads,COD,1,7388.28,10,738.83,6649.45,4756.05,1893.4,28.47,1,Not as Described,4,6
ORD11715,CUST3819,2024-05-08,May,Q2,Electronics,Headphones,Kolkata,Organic Search,Net Banking,2,66012.02,0,0.0,132024.04,67759.13,64264.91,48.68,0,,3,11
ORD11716,CUST2392,2024-05-08,May,Q2,Toys,Action Figures,Bangalore,Paid Ads,Net Banking,1,700.05,15,105.01,595.04,382.1,212.94,35.79,0,,4,9
ORD11717,CUST1153,2024-05-08,May,Q2,Electronics,Camera,Mumbai,Organic Search,Debit Card,1,26256.67,0,0.0,26256.67,14573.44,11683.23,44.5,0,,3,3
ORD11718,CUST2186,2024-05-09,May,Q2,Beauty,Skincare,Bangalore,Social Media,Credit Card,1,536.35,10,53.64,482.72,282.22,200.5,41.54,0,,5,2
ORD11719,CUST3813,2024-05-09,May,Q2,Toys,Educational,Delhi,Organic Search,Debit Card,1,1351.46,5,67.57,1283.89,639.77,644.12,50.17,0,,3,3
ORD11720,CUST3617,2024-05-09,May,Q2,Fashion,Accessories,Delhi,Paid Ads,Debit Card,1,3112.42,15,466.86,2645.56,1489.55,1156.01,43.7,0,,4,3
ORD11721,CUST1235,2024-05-09,May,Q2,Electronics,Mobile,Pune,Organic Search,Debit Card,1,7556.27,25,1889.07,5667.2,3963.51,1703.69,30.06,0,,4,2
ORD11722,CUST2193,2024-05-09,May,Q2,Electronics,Mobile,Mumbai,Direct,Debit Card,1,53781.67,25,13445.42,40336.25,35251.32,5084.94,12.61,0,,5,11
ORD11723,CUST1978,2024-05-09,May,Q2,Fashion,Footwear,Pune,Paid Ads,UPI,1,3457.36,0,0.0,3457.36,1672.18,1785.18,51.63,0,,5,4
ORD11724,CUST1838,2024-05-09,May,Q2,Electronics,Mobile,Bangalore,Social Media,UPI,2,38335.95,0,0.0,76671.9,48737.26,27934.64,36.43,0,,2,8
ORD11725,CUST1885,2024-05-09,May,Q2,Beauty,Makeup,Hyderabad,Social Media,UPI,1,2742.7,20,548.54,2194.16,1432.29,761.87,34.72,0,,2,7
ORD11726,CUST1855,2024-05-09,May,Q2,Electronics,Laptop,Mumbai,Paid Ads,COD,1,31604.52,10,3160.45,28444.07,21202.41,7241.66,25.46,1,Damaged Product,4,10
ORD11727,CUST2454,2024-05-09,May,Q2,Home & Kitchen,Decor,Delhi,Organic Search,Credit Card,2,2778.11,10,555.62,5000.6,3095.27,1905.33,38.1,0,,4,9
ORD11728,CUST1795,2024-05-09,May,Q2,Toys,Board Games,Mumbai,Email,Credit Card,3,2682.55,15,1207.15,6840.5,3966.93,2873.57,42.01,0,,3,8
ORD11729,CUST3155,2024-05-10,May,Q2,Sports,Fitness Equipment,Ahmedabad,Organic Search,UPI,2,4854.33,10,970.87,8737.79,6761.7,1976.09,22.62,0,,5,7
ORD11730,CUST2055,2024-05-10,May,Q2,Home & Kitchen,Decor,Pune,Organic Search,UPI,1,929.5,30,278.85,650.65,459.32,191.33,29.41,0,,2,6
ORD11731,CUST3404,2024-05-10,May,Q2,Fashion,Footwear,Bangalore,Email,UPI,3,1212.42,10,363.73,3273.53,2152.91,1120.62,34.23,0,,5,3
ORD11732,CUST2290,2024-05-10,May,Q2,Home & Kitchen,Decor,Delhi,Organic Search,Credit Card,5,7909.06,10,3954.53,35590.77,23423.54,12167.23,34.19,1,Size Issue,1,10
ORD11733,CUST3903,2024-05-10,May,Q2,Home & Kitchen,Appliances,Ahmedabad,Paid Ads,Debit Card,1,13026.51,10,1302.65,11723.86,7076.04,4647.81,39.64,0,,2,4
ORD11734,CUST1500,2024-05-10,May,Q2,Fashion,Mens Clothing,Delhi,Paid Ads,UPI,4,1448.51,20,1158.81,4635.23,3985.56,649.67,14.02,0,,4,8
ORD11735,CUST2616,2024-05-10,May,Q2,Electronics,Headphones,Mumbai,Paid Ads,COD,1,72691.29,10,7269.13,65422.16,48046.66,17375.5,26.56,0,,4,2
ORD11736,CUST3983,2024-05-10,May,Q2,Books,Non-Fiction,Hyderabad,Email,COD,1,491.29,10,49.13,442.16,323.0,119.16,26.95,0,,3,6
ORD11737,CUST1908,2024-05-10,May,Q2,Fashion,Womens Clothing,Ahmedabad,Social Media,UPI,1,2808.7,30,842.61,1966.09,1947.94,18.15,0.92,1,Not as Described,5,1
ORD11738,CUST1579,2024-05-11,May,Q2,Electronics,Headphones,Mumbai,Social Media,UPI,2,18087.27,10,3617.45,32557.09,20412.47,12144.61,37.3,0,,4,7
ORD11739,CUST1418,2024-05-11,May,Q2,Fashion,Mens Clothing,Delhi,Email,COD,1,1181.31,5,59.07,1122.24,560.29,561.95,50.07,0,,1,4
ORD11740,CUST1368,2024-05-11,May,Q2,Fashion,Mens Clothing,Ahmedabad,Paid Ads,UPI,1,3451.7,15,517.76,2933.94,2213.8,720.15,24.55,0,,5,1
ORD11741,CUST1387,2024-05-11,May,Q2,Sports,Sportswear,Mumbai,Paid Ads,UPI,1,5849.9,15,877.48,4972.42,3189.38,1783.03,35.86,0,,5,5
ORD11742,CUST3913,2024-05-11,May,Q2,Beauty,Skincare,Mumbai,Paid Ads,COD,1,1486.55,0,0.0,1486.55,739.69,746.86,50.24,0,,4,5
ORD11743,CUST3457,2024-05-11,May,Q2,Sports,Fitness Equipment,Hyderabad,Paid Ads,UPI,1,8657.31,10,865.73,7791.58,4941.7,2849.88,36.58,1,Late Delivery,5,6
ORD11744,CUST2862,2024-05-11,May,Q2,Electronics,Camera,Kolkata,Referral,COD,2,15502.95,15,4650.88,26355.02,21128.34,5226.67,19.83,0,,2,8
ORD11745,CUST3155,2024-05-11,May,Q2,Fashion,Footwear,Bangalore,Email,Credit Card,1,4032.32,10,403.23,3629.09,1987.29,1641.8,45.24,0,,3,4
ORD11746,CUST2910,2024-05-11,May,Q2,Home & Kitchen,Decor,Ahmedabad,Organic Search,UPI,5,10149.9,15,7612.42,43137.08,33605.04,9532.04,22.1,0,,4,7
ORD11747,CUST3954,2024-05-12,May,Q2,Electronics,Headphones,Chennai,Organic Search,COD,1,74260.77,10,7426.08,66834.69,41181.4,25653.29,38.38,1,Not as Described,5,11
ORD11748,CUST1506,2024-05-12,May,Q2,Fashion,Womens Clothing,Mumbai,Organic Search,Credit Card,1,806.95,30,242.08,564.86,390.73,174.14,30.83,0,,4,4
ORD11749,CUST3229,2024-05-12,May,Q2,Sports,Sportswear,Ahmedabad,Organic Search,UPI,1,8473.59,0,0.0,8473.59,5610.33,2863.26,33.79,0,,1,2
ORD11750,CUST1197,2024-05-12,May,Q2,Electronics,Headphones,Bangalore,Organic Search,Credit Card,1,41280.85,0,0.0,41280.85,28583.07,12697.78,30.76,0,,4,8
ORD11751,CUST3484,2024-05-12,May,Q2,Home & Kitchen,Furniture,Delhi,Social Media,COD,1,14468.28,5,723.41,13744.87,7564.27,6180.59,44.97,1,Changed Mind,1,5
ORD11752,CUST1813,2024-05-12,May,Q2,Fashion,Womens Clothing,Hyderabad,Direct,UPI,2,3226.29,10,645.26,5807.32,3393.31,2414.01,41.57,0,,3,10
ORD11753,CUST1987,2024-05-12,May,Q2,Electronics,Mobile,Delhi,Email,Credit Card,2,18528.09,5,1852.81,35203.37,20293.32,14910.05,42.35,0,,4,4
ORD11754,CUST3430,2024-05-12,May,Q2,Fashion,Footwear,Mumbai,Organic Search,UPI,1,3688.25,0,0.0,3688.25,2410.39,1277.86,34.65,0,,4,2
ORD11755,CUST1374,2024-05-12,May,Q2,Toys,Educational,Mumbai,Paid Ads,UPI,1,1668.85,15,250.33,1418.52,755.33,663.19,46.75,0,,1,7
ORD11756,CUST3584,2024-05-13,May,Q2,Sports,Sportswear,Bangalore,Social Media,UPI,1,6759.6,5,337.98,6421.62,3420.28,3001.34,46.74,0,,2,5
ORD11757,CUST3780,2024-05-13,May,Q2,Toys,Dolls,Pune,Email,Debit Card,3,999.91,10,299.97,2699.76,1879.26,820.5,30.39,0,,4,9
ORD11758,CUST1810,2024-05-13,May,Q2,Home & Kitchen,Cookware,Hyderabad,Direct,COD,2,10708.32,15,3212.5,18204.14,11809.35,6394.8,35.13,0,,4,7
ORD11759,CUST3017,2024-05-13,May,Q2,Electronics,Laptop,Ahmedabad,Direct,UPI,1,49163.91,15,7374.59,41789.32,26183.42,15605.91,37.34,0,,4,9
ORD11760,CUST1887,2024-05-13,May,Q2,Home & Kitchen,Cookware,Delhi,Social Media,UPI,1,9046.29,5,452.31,8593.98,6043.56,2550.41,29.68,1,Size Issue,5,10
ORD11761,CUST1551,2024-05-13,May,Q2,Home & Kitchen,Appliances,Delhi,Social Media,Credit Card,4,9099.8,10,3639.92,32759.28,24727.2,8032.08,24.52,0,,3,10
ORD11762,CUST2658,2024-05-13,May,Q2,Sports,Sportswear,Mumbai,Organic Search,Net Banking,1,8383.92,5,419.2,7964.72,5759.72,2205.0,27.68,0,,2,5
ORD11763,CUST3637,2024-05-13,May,Q2,Electronics,Mobile,Mumbai,Social Media,Credit Card,1,10067.75,20,2013.55,8054.2,5216.48,2837.72,35.23,0,,5,11
ORD11764,CUST2323,2024-05-13,May,Q2,Home & Kitchen,Cookware,Delhi,Organic Search,UPI,1,1219.21,20,243.84,975.37,826.78,148.59,15.23,0,,4,6
ORD11765,CUST1924,2024-05-13,May,Q2,Electronics,Tablet,Pune,Paid Ads,COD,2,59965.81,5,5996.58,113935.04,76065.6,37869.44,33.24,0,,4,8
ORD11766,CUST1160,2024-05-13,May,Q2,Fashion,Mens Clothing,Kolkata,Social Media,Credit Card,5,1542.67,0,0.0,7713.35,3768.39,3944.96,51.14,1,Wrong Item,5,10
ORD11767,CUST2665,2024-05-13,May,Q2,Beauty,Skincare,Ahmedabad,Organic Search,UPI,5,2062.73,0,0.0,10313.65,6214.67,4098.98,39.74,1,Damaged Product,4,6
ORD11768,CUST1142,2024-05-13,May,Q2,Home & Kitchen,Appliances,Delhi,Organic Search,Credit Card,2,7891.96,5,789.2,14994.72,7206.68,7788.04,51.94,0,,1,11
ORD11769,CUST3962,2024-05-13,May,Q2,Fashion,Accessories,Kolkata,Organic Search,UPI,1,3556.95,10,355.7,3201.25,2230.54,970.71,30.32,0,,5,4
ORD11770,CUST1314,2024-05-14,May,Q2,Fashion,Womens Clothing,Delhi,Organic Search,UPI,1,1956.47,15,293.47,1663.0,1239.21,423.79,25.48,1,Size Issue,1,2
ORD11771,CUST1343,2024-05-14,May,Q2,Home & Kitchen,Appliances,Mumbai,Organic Search,COD,1,4087.79,5,204.39,3883.4,2646.17,1237.23,31.86,0,,4,6
ORD11772,CUST3506,2024-05-14,May,Q2,Sports,Sportswear,Kolkata,Organic Search,COD,5,7831.56,15,5873.67,33284.13,19309.94,13974.19,41.98,0,,4,9
ORD11773,CUST3068,2024-05-14,May,Q2,Books,Academic,Hyderabad,Organic Search,UPI,2,746.22,25,373.11,1119.33,906.0,213.33,19.06,0,,4,8
ORD11774,CUST3034,2024-05-14,May,Q2,Toys,Educational,Mumbai,Organic Search,UPI,1,2448.13,15,367.22,2080.91,1211.12,869.79,41.8,0,,4,3
ORD11775,CUST2341,2024-05-14,May,Q2,Sports,Outdoor,Bangalore,Referral,UPI,1,1501.6,0,0.0,1501.6,1031.09,470.51,31.33,0,,4,5
ORD11776,CUST2594,2024-05-14,May,Q2,Fashion,Womens Clothing,Delhi,Paid Ads,Debit Card,1,4463.4,10,446.34,4017.06,2761.74,1255.32,31.25,0,,5,6
ORD11777,CUST1390,2024-05-14,May,Q2,Beauty,Skincare,Chennai,Organic Search,UPI,5,2238.86,10,1119.43,10074.87,5304.21,4770.66,47.35,0,,5,7
ORD11778,CUST2891,2024-05-14,May,Q2,Fashion,Accessories,Bangalore,Social Media,COD,1,2228.38,20,445.68,1782.7,1106.97,675.74,37.91,0,,2,2
ORD11779,CUST3050,2024-05-14,May,Q2,Fashion,Womens Clothing,Ahmedabad,Direct,Debit Card,1,4879.94,5,244.0,4635.94,3005.38,1630.56,35.17,0,,5,6
ORD11780,CUST2667,2024-05-14,May,Q2,Sports,Fitness Equipment,Mumbai,Social Media,Debit Card,1,9262.57,5,463.13,8799.44,5271.95,3527.49,40.09,0,,2,2
ORD11781,CUST3263,2024-05-14,May,Q2,Electronics,Tablet,Delhi,Paid Ads,Debit Card,1,9644.5,10,964.45,8680.05,6115.33,2564.72,29.55,1,Damaged Product,2,8
ORD11782,CUST3950,2024-05-15,May,Q2,Books,Fiction,Bangalore,Social Media,Debit Card,3,312.81,10,93.84,844.59,488.17,356.42,42.2,0,,5,7
ORD11783,CUST3148,2024-05-15,May,Q2,Home & Kitchen,Appliances,Bangalore,Email,Credit Card,5,1331.34,15,998.5,5658.2,4090.4,1567.79,27.71,0,,4,2
ORD11784,CUST1034,2024-05-15,May,Q2,Beauty,Makeup,Delhi,Email,UPI,4,2299.82,0,0.0,9199.28,4546.65,4652.63,50.58,0,,3,4
ORD11785,CUST1043,2024-05-15,May,Q2,Beauty,Fragrance,Chennai,Social Media,UPI,2,1436.28,10,287.26,2585.3,1683.11,902.19,34.9,1,Changed Mind,4,7
ORD11786,CUST1757,2024-05-15,May,Q2,Books,Children,Kolkata,Direct,UPI,2,393.31,0,0.0,786.62,542.34,244.28,31.06,0,,3,9
ORD11787,CUST1854,2024-05-15,May,Q2,Beauty,Haircare,Ahmedabad,Direct,Debit Card,2,1967.62,5,196.76,3738.48,2388.91,1349.57,36.1,0,,4,3
ORD11788,CUST1108,2024-05-15,May,Q2,Home & Kitchen,Furniture,Pune,Social Media,UPI,1,1218.32,15,182.75,1035.57,563.47,472.1,45.59,0,,4,10
ORD11789,CUST1120,2024-05-15,May,Q2,Electronics,Laptop,Kolkata,Paid Ads,COD,2,18055.04,0,0.0,36110.08,25175.61,10934.47,30.28,0,,5,10
ORD11790,CUST3400,2024-05-15,May,Q2,Home & Kitchen,Decor,Hyderabad,Social Media,Net Banking,1,2328.79,5,116.44,2212.35,1139.28,1073.07,48.5,0,,1,8
ORD11791,CUST1437,2024-05-15,May,Q2,Electronics,Headphones,Pune,Email,UPI,2,38713.22,15,11613.97,65812.47,48741.28,17071.19,25.94,0,,3,9
ORD11792,CUST2370,2024-05-15,May,Q2,Beauty,Fragrance,Delhi,Organic Search,Credit Card,1,573.01,15,85.95,487.06,334.14,152.92,31.4,0,,2,8
ORD11793,CUST2699,2024-05-15,May,Q2,Home & Kitchen,Furniture,Bangalore,Referral,Net Banking,1,9851.02,0,0.0,9851.02,5157.9,4693.12,47.64,0,,2,4
ORD11794,CUST1458,2024-05-15,May,Q2,Beauty,Makeup,Delhi,Organic Search,UPI,3,1758.11,10,527.43,4746.9,2607.25,2139.65,45.07,0,,5,4
ORD11795,CUST3251,2024-05-15,May,Q2,Electronics,Headphones,Bangalore,Paid Ads,Debit Card,3,19678.85,0,0.0,59036.55,29189.18,29847.37,50.56,0,,5,11
ORD11796,CUST1523,2024-05-15,May,Q2,Electronics,Tablet,Delhi,Direct,Credit Card,1,41832.73,0,0.0,41832.73,27802.03,14030.7,33.54,0,,5,7
ORD11797,CUST3446,2024-05-15,May,Q2,Beauty,Fragrance,Ahmedabad,Organic Search,Credit Card,1,2100.78,10,210.08,1890.7,1403.8,486.9,25.75,0,,4,4
ORD11798,CUST3145,2024-05-15,May,Q2,Electronics,Mobile,Delhi,Paid Ads,Credit Card,4,21912.24,0,0.0,87648.96,49634.41,38014.55,43.37,0,,5,11
ORD11799,CUST1053,2024-05-15,May,Q2,Electronics,Mobile,Mumbai,Organic Search,Credit Card,2,60661.54,30,36396.92,84926.16,57738.3,27187.85,32.01,1,Changed Mind,2,10
ORD11800,CUST2001,2024-05-15,May,Q2,Electronics,Tablet,Bangalore,Paid Ads,COD,1,37554.73,0,0.0,37554.73,25200.77,12353.96,32.9,1,Damaged Product,2,10
ORD11801,CUST3819,2024-05-15,May,Q2,Toys,Action Figures,Mumbai,Organic Search,UPI,2,1727.03,15,518.11,2935.95,1974.87,961.08,32.73,0,,4,7
ORD11802,CUST2545,2024-05-15,May,Q2,Beauty,Makeup,Mumbai,Paid Ads,UPI,1,2412.01,20,482.4,1929.61,1349.98,579.63,30.04,0,,5,9
ORD11803,CUST2367,2024-05-15,May,Q2,Fashion,Accessories,Delhi,Paid Ads,COD,1,887.08,30,266.12,620.96,489.53,131.43,21.17,0,,4,9
ORD11804,CUST2934,2024-05-15,May,Q2,Fashion,Accessories,Bangalore,Referral,UPI,3,609.09,5,91.36,1735.91,989.02,746.89,43.03,1,Size Issue,4,9
ORD11805,CUST3608,2024-05-15,May,Q2,Fashion,Womens Clothing,Bangalore,Referral,COD,1,4819.25,20,963.85,3855.4,2802.4,1053.0,27.31,0,,3,10
ORD11806,CUST3878,2024-05-16,May,Q2,Sports,Outdoor,Pune,Organic Search,Net Banking,1,1413.96,25,353.49,1060.47,849.98,210.49,19.85,0,,4,10
ORD11807,CUST3037,2024-05-16,May,Q2,Beauty,Makeup,Chennai,Email,Debit Card,1,293.07,0,0.0,293.07,166.06,127.01,43.34,0,,5,6
ORD11808,CUST2080,2024-05-16,May,Q2,Electronics,Camera,Bangalore,Organic Search,Net Banking,1,15542.19,10,1554.22,13987.97,10477.95,3510.02,25.09,0,,4,1
ORD11809,CUST3987,2024-05-16,May,Q2,Electronics,Camera,Delhi,Organic Search,UPI,1,5392.72,0,0.0,5392.72,2854.99,2537.73,47.06,0,,4,8
ORD11810,CUST2161,2024-05-16,May,Q2,Electronics,Laptop,Delhi,Organic Search,Credit Card,1,63078.93,10,6307.89,56771.04,37505.34,19265.7,33.94,0,,4,6
ORD11811,CUST3441,2024-05-16,May,Q2,Beauty,Skincare,Pune,Referral,UPI,1,1791.23,10,179.12,1612.11,940.38,671.73,41.67,0,,5,7
ORD11812,CUST1490,2024-05-16,May,Q2,Sports,Outdoor,Mumbai,Referral,UPI,1,8712.67,0,0.0,8712.67,5561.62,3151.05,36.17,0,,4,2
ORD11813,CUST3968,2024-05-16,May,Q2,Fashion,Mens Clothing,Mumbai,Organic Search,COD,1,2033.2,15,304.98,1728.22,966.85,761.37,44.06,0,,4,3
ORD11814,CUST2701,2024-05-16,May,Q2,Electronics,Headphones,Pune,Organic Search,Debit Card,1,56177.09,0,0.0,56177.09,27929.83,28247.26,50.28,0,,4,6
ORD11815,CUST1012,2024-05-16,May,Q2,Electronics,Camera,Bangalore,Organic Search,UPI,2,76830.77,20,30732.31,122929.23,99926.15,23003.08,18.71,0,,2,3
ORD11816,CUST3543,2024-05-16,May,Q2,Toys,Action Figures,Mumbai,Social Media,Credit Card,2,2266.37,0,0.0,4532.74,2247.33,2285.41,50.42,0,,5,5
ORD11817,CUST3785,2024-05-16,May,Q2,Fashion,Footwear,Delhi,Social Media,Debit Card,1,2876.7,15,431.5,2445.19,1744.54,700.66,28.65,0,,5,4
ORD11818,CUST1875,2024-05-16,May,Q2,Sports,Sportswear,Ahmedabad,Organic Search,Credit Card,2,2306.3,0,0.0,4612.6,3194.51,1418.09,30.74,0,,4,5
ORD11819,CUST2604,2024-05-17,May,Q2,Home & Kitchen,Appliances,Kolkata,Email,UPI,5,3746.14,0,0.0,18730.7,10877.34,7853.36,41.93,1,Changed Mind,3,8
ORD11820,CUST2506,2024-05-17,May,Q2,Fashion,Accessories,Chennai,Paid Ads,COD,4,4224.09,15,2534.45,14361.91,8394.94,5966.96,41.55,0,,4,4
ORD11821,CUST3497,2024-05-17,May,Q2,Fashion,Accessories,Bangalore,Referral,Credit Card,1,2753.83,0,0.0,2753.83,1460.01,1293.82,46.98,1,Wrong Item,4,9
ORD11822,CUST2416,2024-05-17,May,Q2,Electronics,Laptop,Bangalore,Social Media,UPI,2,31736.39,10,6347.28,57125.5,41629.54,15495.96,27.13,0,,3,3
ORD11823,CUST1548,2024-05-17,May,Q2,Home & Kitchen,Furniture,Ahmedabad,Paid Ads,Credit Card,1,13576.53,25,3394.13,10182.4,7303.02,2879.38,28.28,0,,1,7
ORD11824,CUST1237,2024-05-17,May,Q2,Sports,Sportswear,Ahmedabad,Email,Credit Card,1,8607.51,0,0.0,8607.51,5430.29,3177.22,36.91,0,,5,7
ORD11825,CUST1312,2024-05-17,May,Q2,Beauty,Haircare,Delhi,Email,UPI,1,2444.47,20,488.89,1955.58,1575.06,380.51,19.46,1,Wrong Item,5,1
ORD11826,CUST2274,2024-05-17,May,Q2,Home & Kitchen,Appliances,Pune,Paid Ads,Credit Card,1,7032.07,0,0.0,7032.07,4045.52,2986.55,42.47,0,,5,3
ORD11827,CUST3472,2024-05-17,May,Q2,Electronics,Tablet,Mumbai,Paid Ads,UPI,1,51910.3,0,0.0,51910.3,33523.85,18386.45,35.42,0,,4,10
ORD11828,CUST1290,2024-05-17,May,Q2,Toys,Action Figures,Delhi,Referral,Credit Card,2,2659.74,0,0.0,5319.48,2815.21,2504.27,47.08,1,Damaged Product,5,1
ORD11829,CUST1504,2024-05-17,May,Q2,Sports,Outdoor,Chennai,Organic Search,Credit Card,2,5906.95,30,3544.17,8269.73,6840.72,1429.01,17.28,0,,4,8
ORD11830,CUST3154,2024-05-17,May,Q2,Fashion,Womens Clothing,Bangalore,Organic Search,UPI,1,1072.37,0,0.0,1072.37,666.63,405.74,37.84,0,,4,10
ORD11831,CUST3618,2024-05-17,May,Q2,Toys,Dolls,Ahmedabad,Paid Ads,UPI,1,1696.57,20,339.31,1357.26,834.74,522.51,38.5,0,,5,5
ORD11832,CUST3355,2024-05-17,May,Q2,Home & Kitchen,Appliances,Mumbai,Email,Credit Card,1,2232.96,30,669.89,1563.07,1157.58,405.49,25.94,0,,5,4
ORD11833,CUST2174,2024-05-17,May,Q2,Home & Kitchen,Decor,Bangalore,Email,UPI,1,7881.71,5,394.09,7487.62,4831.56,2656.06,35.47,0,,5,3
ORD11834,CUST1445,2024-05-17,May,Q2,Beauty,Haircare,Kolkata,Direct,COD,5,344.14,10,172.07,1548.63,1056.23,492.4,31.8,0,,5,7
ORD11835,CUST3208,2024-05-18,May,Q2,Sports,Fitness Equipment,Kolkata,Social Media,UPI,2,5635.11,15,1690.53,9579.69,6461.51,3118.18,32.55,0,,5,8
ORD11836,CUST2197,2024-05-18,May,Q2,Beauty,Skincare,Mumbai,Organic Search,Credit Card,5,263.12,5,65.78,1249.82,853.69,396.13,31.7,0,,4,8
ORD11837,CUST1925,2024-05-18,May,Q2,Electronics,Camera,Delhi,Social Media,UPI,2,66599.59,0,0.0,133199.18,75991.96,57207.22,42.95,0,,5,1
ORD11838,CUST1947,2024-05-18,May,Q2,Fashion,Accessories,Hyderabad,Email,UPI,1,1804.53,5,90.23,1714.3,1209.63,504.67,29.44,0,,4,7
ORD11839,CUST2626,2024-05-18,May,Q2,Books,Fiction,Mumbai,Organic Search,Credit Card,1,688.3,15,103.24,585.05,436.37,148.69,25.41,0,,3,5
ORD11840,CUST3170,2024-05-18,May,Q2,Fashion,Accessories,Ahmedabad,Organic Search,COD,1,2256.92,15,338.54,1918.38,1193.17,725.21,37.8,0,,5,2
ORD11841,CUST2955,2024-05-18,May,Q2,Fashion,Footwear,Kolkata,Organic Search,COD,1,2110.57,0,0.0,2110.57,1158.31,952.26,45.12,0,,5,8
ORD11842,CUST2404,2024-05-18,May,Q2,Fashion,Mens Clothing,Mumbai,Social Media,COD,3,4425.99,0,0.0,13277.97,8191.47,5086.5,38.31,1,Changed Mind,4,2
ORD11843,CUST1108,2024-05-18,May,Q2,Fashion,Accessories,Mumbai,Direct,COD,1,1210.38,25,302.6,907.79,815.33,92.46,10.18,0,,5,6
ORD11844,CUST3402,2024-05-19,May,Q2,Home & Kitchen,Furniture,Mumbai,Social Media,UPI,1,4890.58,0,0.0,4890.58,2419.26,2471.32,50.53,0,,3,5
ORD11845,CUST1570,2024-05-19,May,Q2,Toys,Educational,Kolkata,Referral,UPI,2,1742.94,15,522.88,2963.0,2017.16,945.84,31.92,1,Size Issue,5,6
ORD11846,CUST2668,2024-05-19,May,Q2,Fashion,Accessories,Mumbai,Organic Search,UPI,3,1586.29,0,0.0,4758.87,2282.81,2476.06,52.03,0,,4,11
ORD11847,CUST1797,2024-05-19,May,Q2,Electronics,Mobile,Bangalore,Direct,COD,1,43831.98,20,8766.4,35065.58,22786.66,12278.92,35.02,0,,4,10
ORD11848,CUST1698,2024-05-19,May,Q2,Electronics,Camera,Bangalore,Email,UPI,2,50843.55,25,25421.78,76265.33,63198.06,13067.27,17.13,1,Not as Described,5,8
ORD11849,CUST3961,2024-05-19,May,Q2,Books,Fiction,Hyderabad,Paid Ads,Debit Card,1,352.96,0,0.0,352.96,165.69,187.27,53.06,0,,5,9
ORD11850,CUST1645,2024-05-19,May,Q2,Beauty,Fragrance,Mumbai,Referral,Debit Card,1,1932.21,0,0.0,1932.21,1189.45,742.76,38.44,0,,5,3
ORD11851,CUST1883,2024-05-19,May,Q2,Fashion,Footwear,Delhi,Paid Ads,COD,1,2956.74,10,295.67,2661.07,1996.4,664.67,24.98,0,,5,3
ORD11852,CUST3484,2024-05-19,May,Q2,Sports,Outdoor,Ahmedabad,Direct,Credit Card,1,8972.18,0,0.0,8972.18,6211.82,2760.36,30.77,0,,2,7
ORD11853,CUST3465,2024-05-19,May,Q2,Books,Fiction,Kolkata,Direct,UPI,2,528.8,5,52.88,1004.72,533.2,471.52,46.93,0,,2,3
ORD11854,CUST3071,2024-05-19,May,Q2,Sports,Fitness Equipment,Pune,Email,Net Banking,1,9400.81,15,1410.12,7990.69,5990.43,2000.26,25.03,0,,5,11
ORD11855,CUST1605,2024-05-19,May,Q2,Books,Non-Fiction,Mumbai,Social Media,UPI,2,790.21,0,0.0,1580.42,1077.2,503.22,31.84,0,,5,10
ORD11856,CUST1301,2024-05-19,May,Q2,Fashion,Womens Clothing,Delhi,Organic Search,Net Banking,3,3439.54,5,515.93,9802.69,4879.08,4923.61,50.23,0,,4,5
ORD11857,CUST1983,2024-05-19,May,Q2,Sports,Sportswear,Hyderabad,Social Media,UPI,1,806.61,15,120.99,685.62,446.46,239.16,34.88,0,,1,10
ORD11858,CUST2848,2024-05-19,May,Q2,Home & Kitchen,Cookware,Delhi,Paid Ads,Credit Card,2,6783.96,10,1356.79,12211.13,9224.18,2986.94,24.46,0,,4,4
ORD11859,CUST2126,2024-05-19,May,Q2,Sports,Fitness Equipment,Kolkata,Email,COD,1,2404.86,5,120.24,2284.62,1204.11,1080.51,47.3,0,,4,11
ORD11860,CUST2372,2024-05-19,May,Q2,Beauty,Haircare,Hyderabad,Email,Debit Card,1,2686.48,15,402.97,2283.51,1836.05,447.46,19.6,0,,5,9
ORD11861,CUST2383,2024-05-20,May,Q2,Sports,Outdoor,Mumbai,Direct,Debit Card,2,1064.22,15,319.27,1809.17,1238.32,570.85,31.55,0,,1,11
ORD11862,CUST2713,2024-05-20,May,Q2,Beauty,Makeup,Kolkata,Organic Search,Debit Card,2,771.85,10,154.37,1389.33,733.22,656.11,47.23,0,,3,8
ORD11863,CUST1314,2024-05-20,May,Q2,Electronics,Tablet,Ahmedabad,Email,Debit Card,1,66257.18,0,0.0,66257.18,37267.63,28989.55,43.75,0,,5,9
ORD11864,CUST1377,2024-05-20,May,Q2,Home & Kitchen,Appliances,Mumbai,Referral,Debit Card,4,5480.45,0,0.0,21921.8,11652.87,10268.93,46.84,1,Damaged Product,3,6
ORD11865,CUST2045,2024-05-20,May,Q2,Toys,Board Games,Bangalore,Email,Debit Card,1,2344.83,20,468.97,1875.86,1220.6,655.26,34.93,0,,5,2
ORD11866,CUST1149,2024-05-20,May,Q2,Toys,Board Games,Delhi,Organic Search,UPI,5,2763.26,20,2763.26,11053.04,8087.63,2965.41,26.83,1,Damaged Product,4,8
ORD11867,CUST3848,2024-05-20,May,Q2,Electronics,Headphones,Bangalore,Organic Search,COD,1,9674.64,15,1451.2,8223.44,5523.23,2700.21,32.84,0,,4,1
ORD11868,CUST3993,2024-05-20,May,Q2,Electronics,Headphones,Mumbai,Organic Search,Debit Card,1,42016.63,0,0.0,42016.63,23970.14,18046.49,42.95,0,,2,11
ORD11869,CUST2204,2024-05-20,May,Q2,Electronics,Camera,Hyderabad,Social Media,Credit Card,1,65424.66,10,6542.47,58882.19,30882.76,27999.44,47.55,1,Not as Described,3,5
ORD11870,CUST1532,2024-05-20,May,Q2,Beauty,Makeup,Ahmedabad,Social Media,UPI,1,1778.8,20,355.76,1423.04,1157.25,265.79,18.68,0,,4,2
ORD11871,CUST3128,2024-05-20,May,Q2,Sports,Outdoor,Bangalore,Referral,UPI,2,6295.02,5,629.5,11960.54,7180.85,4779.68,39.96,0,,5,7
ORD11872,CUST3195,2024-05-20,May,Q2,Fashion,Footwear,Mumbai,Paid Ads,COD,2,4257.52,0,0.0,8515.04,5579.28,2935.76,34.48,0,,4,5
ORD11873,CUST2668,2024-05-20,May,Q2,Home & Kitchen,Cookware,Hyderabad,Paid Ads,Credit Card,1,12266.32,10,1226.63,11039.69,8048.53,2991.16,27.09,0,,1,10
ORD11874,CUST1175,2024-05-20,May,Q2,Sports,Sportswear,Delhi,Social Media,COD,1,3785.53,20,757.11,3028.42,2003.62,1024.8,33.84,0,,5,3
ORD11875,CUST2502,2024-05-20,May,Q2,Beauty,Skincare,Kolkata,Direct,UPI,1,398.14,0,0.0,398.14,179.6,218.54,54.89,1,Wrong Item,2,7
ORD11876,CUST3582,2024-05-20,May,Q2,Home & Kitchen,Appliances,Bangalore,Referral,UPI,1,6710.61,10,671.06,6039.55,4548.53,1491.02,24.69,0,,5,3
ORD11877,CUST1087,2024-05-20,May,Q2,Home & Kitchen,Furniture,Mumbai,Email,Credit Card,2,11297.91,10,2259.58,20336.24,14465.25,5870.99,28.87,0,,3,6
ORD11878,CUST2382,2024-05-21,May,Q2,Home & Kitchen,Decor,Mumbai,Paid Ads,Debit Card,2,13996.96,10,2799.39,25194.53,13347.86,11846.66,47.02,0,,4,4
ORD11879,CUST1973,2024-05-21,May,Q2,Fashion,Mens Clothing,Pune,Social Media,Credit Card,4,4493.83,15,2696.3,15279.02,11242.34,4036.69,26.42,0,,2,10
ORD11880,CUST3016,2024-05-21,May,Q2,Home & Kitchen,Decor,Delhi,Direct,Debit Card,1,7598.56,10,759.86,6838.7,3457.39,3381.31,49.44,0,,4,2
ORD11881,CUST2619,2024-05-21,May,Q2,Beauty,Skincare,Pune,Paid Ads,UPI,1,562.5,0,0.0,562.5,257.03,305.47,54.31,1,Late Delivery,4,9
ORD11882,CUST2755,2024-05-21,May,Q2,Books,Fiction,Delhi,Organic Search,COD,2,620.16,0,0.0,1240.32,721.19,519.13,41.85,0,,4,6
ORD11883,CUST2783,2024-05-21,May,Q2,Beauty,Makeup,Delhi,Organic Search,UPI,4,491.37,10,196.55,1768.93,931.66,837.28,47.33,0,,1,5
ORD11884,CUST1189,2024-05-21,May,Q2,Sports,Fitness Equipment,Bangalore,Organic Search,UPI,2,5217.67,0,0.0,10435.34,7211.7,3223.64,30.89,0,,5,5
ORD11885,CUST3127,2024-05-21,May,Q2,Electronics,Headphones,Ahmedabad,Email,UPI,1,21893.38,10,2189.34,19704.04,14744.27,4959.77,25.17,0,,5,8
ORD11886,CUST3841,2024-05-21,May,Q2,Home & Kitchen,Cookware,Ahmedabad,Organic Search,Debit Card,1,5773.66,15,866.05,4907.61,3536.1,1371.52,27.95,0,,4,5
ORD11887,CUST1393,2024-05-21,May,Q2,Electronics,Laptop,Delhi,Organic Search,Net Banking,2,40819.44,0,0.0,81638.88,38037.78,43601.1,53.41,0,,4,8
ORD11888,CUST1477,2024-05-21,May,Q2,Fashion,Accessories,Delhi,Paid Ads,UPI,2,4016.94,10,803.39,7230.49,4267.67,2962.82,40.98,0,,4,8
ORD11889,CUST1527,2024-05-21,May,Q2,Beauty,Fragrance,Mumbai,Social Media,Debit Card,3,2654.06,10,796.22,7165.96,4322.91,2843.05,39.67,0,,3,1
ORD11890,CUST2747,2024-05-21,May,Q2,Toys,Educational,Bangalore,Paid Ads,Credit Card,1,914.94,0,0.0,914.94,521.72,393.22,42.98,0,,5,4
ORD11891,CUST1073,2024-05-21,May,Q2,Electronics,Tablet,Bangalore,Social Media,UPI,4,74843.49,10,29937.4,269436.56,147359.56,122077.0,45.31,0,,3,9
ORD11892,CUST1172,2024-05-21,May,Q2,Fashion,Accessories,Kolkata,Organic Search,UPI,1,618.59,25,154.65,463.94,367.68,96.27,20.75,1,Changed Mind,4,2
ORD11893,CUST1790,2024-05-22,May,Q2,Sports,Outdoor,Ahmedabad,Organic Search,Credit Card,5,7927.31,5,1981.83,37654.72,22154.56,15500.16,41.16,0,,4,11
ORD11894,CUST1226,2024-05-22,May,Q2,Fashion,Accessories,Bangalore,Paid Ads,COD,3,1382.78,10,414.83,3733.51,2849.18,884.33,23.69,1,Damaged Product,4,4
ORD11895,CUST3130,2024-05-22,May,Q2,Home & Kitchen,Furniture,Bangalore,Paid Ads,UPI,2,9435.57,0,0.0,18871.14,12908.78,5962.36,31.6,0,,5,4
ORD11896,CUST1832,2024-05-22,May,Q2,Beauty,Haircare,Kolkata,Paid Ads,UPI,2,1262.29,0,0.0,2524.58,1492.96,1031.62,40.86,0,,3,1
ORD11897,CUST2479,2024-05-22,May,Q2,Home & Kitchen,Appliances,Pune,Organic Search,Credit Card,1,10507.05,0,0.0,10507.05,6420.73,4086.32,38.89,0,,5,10
ORD11898,CUST2599,2024-05-22,May,Q2,Electronics,Laptop,Mumbai,Direct,Debit Card,1,6357.11,15,953.57,5403.54,3079.7,2323.85,43.01,0,,4,10
ORD11899,CUST2629,2024-05-22,May,Q2,Fashion,Womens Clothing,Delhi,Social Media,Net Banking,1,2669.78,5,133.49,2536.29,1350.46,1185.83,46.75,0,,2,7
ORD11900,CUST3488,2024-05-22,May,Q2,Sports,Sportswear,Bangalore,Organic Search,COD,1,4177.69,0,0.0,4177.69,2820.69,1357.0,32.48,0,,4,1
ORD11901,CUST1362,2024-05-22,May,Q2,Home & Kitchen,Appliances,Delhi,Organic Search,Debit Card,1,6156.63,15,923.49,5233.14,3846.61,1386.53,26.5,0,,5,5
ORD11902,CUST1111,2024-05-22,May,Q2,Electronics,Headphones,Mumbai,Referral,Credit Card,1,14392.8,0,0.0,14392.8,7158.37,7234.43,50.26,0,,4,8
ORD11903,CUST2582,2024-05-22,May,Q2,Sports,Outdoor,Mumbai,Social Media,Debit Card,3,7162.71,0,0.0,21488.13,12732.85,8755.28,40.74,0,,4,4
ORD11904,CUST1630,2024-05-22,May,Q2,Electronics,Laptop,Hyderabad,Paid Ads,Debit Card,1,46215.87,5,2310.79,43905.08,31597.34,12307.73,28.03,0,,4,5
ORD11905,CUST3805,2024-05-22,May,Q2,Beauty,Makeup,Delhi,Email,UPI,2,523.63,5,52.36,994.9,561.64,433.26,43.55,0,,4,11
ORD11906,CUST2866,2024-05-22,May,Q2,Fashion,Womens Clothing,Mumbai,Email,Net Banking,2,1030.97,10,206.19,1855.75,1023.66,832.09,44.84,0,,5,10
ORD11907,CUST1297,2024-05-22,May,Q2,Toys,Board Games,Delhi,Email,Debit Card,1,1962.26,5,98.11,1864.15,1345.14,519.01,27.84,0,,3,3
ORD11908,CUST2312,2024-05-22,May,Q2,Fashion,Mens Clothing,Pune,Paid Ads,Credit Card,1,4565.98,5,228.3,4337.68,2581.22,1756.46,40.49,0,,4,5
ORD11909,CUST1871,2024-05-23,May,Q2,Fashion,Mens Clothing,Kolkata,Paid Ads,COD,1,2083.05,20,416.61,1666.44,1154.66,511.78,30.71,0,,4,3
ORD11910,CUST1409,2024-05-23,May,Q2,Electronics,Mobile,Bangalore,Organic Search,Credit Card,2,30734.42,20,12293.77,49175.07,31772.74,17402.33,35.39,0,,3,4
ORD11911,CUST1718,2024-05-23,May,Q2,Fashion,Womens Clothing,Bangalore,Referral,Net Banking,2,4631.31,20,1852.52,7410.1,6232.78,1177.31,15.89,0,,5,11
ORD11912,CUST1895,2024-05-23,May,Q2,Books,Children,Ahmedabad,Social Media,UPI,1,304.81,20,60.96,243.85,201.6,42.25,17.32,0,,1,3
ORD11913,CUST2040,2024-05-23,May,Q2,Toys,Dolls,Delhi,Organic Search,Net Banking,3,548.38,10,164.51,1480.63,906.06,574.57,38.81,0,,2,5
ORD11914,CUST2394,2024-05-23,May,Q2,Fashion,Womens Clothing,Delhi,Direct,Credit Card,1,545.22,10,54.52,490.7,249.52,241.18,49.15,0,,5,2
ORD11915,CUST2457,2024-05-23,May,Q2,Fashion,Mens Clothing,Delhi,Direct,Credit Card,2,2358.79,10,471.76,4245.82,2649.69,1596.13,37.59,0,,3,9
ORD11916,CUST1213,2024-05-23,May,Q2,Beauty,Haircare,Mumbai,Referral,UPI,1,2307.19,15,346.08,1961.11,1142.55,818.56,41.74,0,,5,3
ORD11917,CUST2760,2024-05-23,May,Q2,Books,Children,Delhi,Direct,UPI,2,675.03,10,135.01,1215.05,655.7,559.35,46.04,0,,5,10
ORD11918,CUST3085,2024-05-23,May,Q2,Home & Kitchen,Appliances,Kolkata,Referral,Debit Card,4,8414.29,0,0.0,33657.16,18453.33,15203.83,45.17,0,,3,1
ORD11919,CUST3253,2024-05-23,May,Q2,Fashion,Accessories,Hyderabad,Organic Search,Net Banking,2,706.01,20,282.4,1129.62,670.38,459.23,40.65,1,Wrong Item,3,5
ORD11920,CUST1751,2024-05-24,May,Q2,Fashion,Womens Clothing,Bangalore,Direct,COD,1,4107.95,15,616.19,3491.76,2831.88,659.88,18.9,0,,3,4
ORD11921,CUST2786,2024-05-24,May,Q2,Beauty,Fragrance,Ahmedabad,Direct,UPI,1,2645.12,20,529.02,2116.1,1221.74,894.36,42.26,0,,3,2
ORD11922,CUST3343,2024-05-24,May,Q2,Electronics,Camera,Mumbai,Organic Search,Credit Card,3,23744.18,0,0.0,71232.54,39202.29,32030.25,44.97,0,,3,8
ORD11923,CUST1445,2024-05-24,May,Q2,Home & Kitchen,Appliances,Delhi,Organic Search,UPI,1,1607.75,0,0.0,1607.75,788.88,818.87,50.93,0,,5,9
ORD11924,CUST2988,2024-05-24,May,Q2,Fashion,Accessories,Hyderabad,Referral,UPI,1,754.95,0,0.0,754.95,469.73,285.22,37.78,0,,5,6
ORD11925,CUST3565,2024-05-24,May,Q2,Sports,Outdoor,Hyderabad,Paid Ads,Debit Card,2,4666.28,10,933.26,8399.3,4383.53,4015.77,47.81,0,,1,8
ORD11926,CUST2987,2024-05-24,May,Q2,Electronics,Headphones,Mumbai,Direct,Net Banking,1,26194.7,0,0.0,26194.7,15368.47,10826.23,41.33,0,,5,2
ORD11927,CUST2738,2024-05-24,May,Q2,Home & Kitchen,Furniture,Bangalore,Organic Search,Credit Card,1,5260.59,5,263.03,4997.56,3384.01,1613.55,32.29,0,,2,11
ORD11928,CUST3299,2024-05-24,May,Q2,Home & Kitchen,Furniture,Hyderabad,Organic Search,Debit Card,3,9354.31,0,0.0,28062.93,19293.68,8769.25,31.25,0,,4,6
ORD11929,CUST3638,2024-05-24,May,Q2,Beauty,Fragrance,Chennai,Paid Ads,Credit Card,1,2693.19,0,0.0,2693.19,1682.25,1010.94,37.54,0,,3,1
ORD11930,CUST1584,2024-05-24,May,Q2,Electronics,Camera,Hyderabad,Organic Search,UPI,1,79856.66,15,11978.5,67878.16,37921.77,29956.39,44.13,1,Changed Mind,2,10
ORD11931,CUST3544,2024-05-24,May,Q2,Home & Kitchen,Cookware,Delhi,Social Media,UPI,2,2641.97,20,1056.79,4227.15,2494.71,1732.44,40.98,0,,5,3
ORD11932,CUST1863,2024-05-25,May,Q2,Home & Kitchen,Appliances,Mumbai,Social Media,Debit Card,3,6449.02,0,0.0,19347.06,12244.74,7102.32,36.71,0,,4,7
ORD11933,CUST3148,2024-05-25,May,Q2,Home & Kitchen,Furniture,Bangalore,Organic Search,Credit Card,1,10137.68,10,1013.77,9123.91,5107.69,4016.22,44.02,0,,4,1
ORD11934,CUST2080,2024-05-25,May,Q2,Home & Kitchen,Decor,Mumbai,Organic Search,Credit Card,2,10123.58,0,0.0,20247.16,11375.05,8872.11,43.82,0,,4,6
ORD11935,CUST2189,2024-05-25,May,Q2,Beauty,Fragrance,Ahmedabad,Paid Ads,Credit Card,2,413.86,0,0.0,827.72,574.57,253.15,30.58,0,,2,7
ORD11936,CUST1165,2024-05-25,May,Q2,Sports,Sportswear,Bangalore,Organic Search,UPI,1,9414.52,15,1412.18,8002.34,6166.29,1836.05,22.94,0,,5,3
ORD11937,CUST1474,2024-05-25,May,Q2,Fashion,Footwear,Delhi,Email,Credit Card,1,1426.37,15,213.96,1212.41,943.76,268.66,22.16,0,,5,11
ORD11938,CUST1991,2024-05-25,May,Q2,Sports,Fitness Equipment,Pune,Paid Ads,Debit Card,1,7199.92,20,1439.98,5759.94,4789.33,970.6,16.85,0,,1,8
ORD11939,CUST2245,2024-05-25,May,Q2,Home & Kitchen,Cookware,Bangalore,Organic Search,COD,2,12350.63,10,2470.13,22231.13,14941.45,7289.68,32.79,0,,4,8
ORD11940,CUST3271,2024-05-25,May,Q2,Electronics,Camera,Delhi,Paid Ads,UPI,3,72323.01,20,43393.81,173575.22,137988.72,35586.51,20.5,0,,4,5
ORD11941,CUST1020,2024-05-25,May,Q2,Electronics,Tablet,Pune,Organic Search,UPI,1,69407.01,0,0.0,69407.01,37461.76,31945.25,46.03,0,,4,11
ORD11942,CUST3161,2024-05-25,May,Q2,Fashion,Footwear,Kolkata,Organic Search,Credit Card,3,2495.94,0,0.0,7487.82,5238.57,2249.25,30.04,0,,4,2
ORD11943,CUST2832,2024-05-25,May,Q2,Sports,Fitness Equipment,Chennai,Organic Search,Debit Card,2,3375.83,0,0.0,6751.66,3510.23,3241.43,48.01,0,,4,2
ORD11944,CUST1794,2024-05-26,May,Q2,Beauty,Fragrance,Mumbai,Direct,UPI,1,1227.41,15,184.11,1043.3,733.38,309.92,29.71,0,,5,5
ORD11945,CUST2403,2024-05-26,May,Q2,Sports,Sportswear,Hyderabad,Referral,Credit Card,2,5738.36,0,0.0,11476.72,5973.81,5502.91,47.95,1,Wrong Item,4,4
ORD11946,CUST2222,2024-05-26,May,Q2,Home & Kitchen,Cookware,Pune,Direct,Credit Card,1,13139.39,0,0.0,13139.39,6280.86,6858.53,52.2,0,,4,4
ORD11947,CUST1972,2024-05-26,May,Q2,Fashion,Womens Clothing,Mumbai,Paid Ads,COD,4,1598.93,10,639.57,5756.15,3785.6,1970.54,34.23,0,,4,5
ORD11948,CUST2953,2024-05-26,May,Q2,Electronics,Camera,Delhi,Organic Search,Net Banking,2,71973.39,0,0.0,143946.78,77491.9,66454.88,46.17,1,Size Issue,4,1
ORD11949,CUST3732,2024-05-26,May,Q2,Fashion,Footwear,Kolkata,Social Media,Credit Card,2,1934.87,0,0.0,3869.74,2305.61,1564.13,40.42,0,,4,7
ORD11950,CUST3253,2024-05-26,May,Q2,Fashion,Accessories,Mumbai,Email,Debit Card,2,2936.39,0,0.0,5872.78,3463.0,2409.78,41.03,0,,4,3
ORD11951,CUST3165,2024-05-26,May,Q2,Electronics,Camera,Chennai,Referral,Net Banking,2,12828.36,0,0.0,25656.72,15023.66,10633.06,41.44,0,,4,10
ORD11952,CUST1559,2024-05-26,May,Q2,Fashion,Mens Clothing,Bangalore,Organic Search,Credit Card,3,2059.86,15,926.94,5252.64,2971.3,2281.34,43.43,0,,4,10
ORD11953,CUST2668,2024-05-26,May,Q2,Home & Kitchen,Cookware,Bangalore,Organic Search,UPI,2,6633.84,10,1326.77,11940.91,7430.5,4510.41,37.77,0,,3,8
ORD11954,CUST1188,2024-05-26,May,Q2,Beauty,Haircare,Mumbai,Social Media,Net Banking,3,2861.58,0,0.0,8584.74,5605.84,2978.9,34.7,0,,4,9
ORD11955,CUST1868,2024-05-26,May,Q2,Toys,Dolls,Pune,Direct,Net Banking,2,1612.76,0,0.0,3225.52,1705.61,1519.91,47.12,0,,5,8
ORD11956,CUST1957,2024-05-26,May,Q2,Toys,Action Figures,Delhi,Direct,UPI,1,511.8,20,102.36,409.44,287.1,122.34,29.88,0,,5,11
ORD11957,CUST3642,2024-05-26,May,Q2,Beauty,Makeup,Hyderabad,Social Media,Credit Card,3,2753.74,10,826.12,7435.1,4737.46,2697.64,36.28,0,,5,2
ORD11958,CUST2533,2024-05-27,May,Q2,Fashion,Mens Clothing,Chennai,Referral,Credit Card,2,4286.41,15,1285.92,7286.9,5706.78,1580.12,21.68,1,Size Issue,4,7
ORD11959,CUST3517,2024-05-27,May,Q2,Beauty,Makeup,Chennai,Social Media,COD,2,1658.79,10,331.76,2985.82,2036.66,949.16,31.79,0,,3,4
ORD11960,CUST3964,2024-05-27,May,Q2,Sports,Sportswear,Ahmedabad,Direct,COD,5,3396.92,0,0.0,16984.6,8068.54,8916.06,52.49,0,,4,5
ORD11961,CUST1508,2024-05-27,May,Q2,Electronics,Mobile,Bangalore,Referral,UPI,1,46472.42,30,13941.73,32530.69,30964.24,1566.46,4.82,0,,2,11
ORD11962,CUST1218,2024-05-27,May,Q2,Fashion,Accessories,Bangalore,Direct,UPI,1,1052.37,10,105.24,947.13,692.48,254.66,26.89,0,,5,10
ORD11963,CUST1419,2024-05-27,May,Q2,Sports,Outdoor,Ahmedabad,Paid Ads,UPI,1,7386.65,0,0.0,7386.65,4715.72,2670.93,36.16,0,,3,5
ORD11964,CUST3732,2024-05-27,May,Q2,Fashion,Accessories,Hyderabad,Organic Search,UPI,2,4045.73,5,404.57,7686.89,4583.93,3102.96,40.37,0,,5,11
ORD11965,CUST2517,2024-05-27,May,Q2,Home & Kitchen,Decor,Delhi,Social Media,COD,3,1309.32,5,196.4,3731.56,2511.48,1220.08,32.7,0,,5,9
ORD11966,CUST2849,2024-05-27,May,Q2,Home & Kitchen,Appliances,Mumbai,Paid Ads,UPI,4,4138.49,0,0.0,16553.96,9430.55,7123.41,43.03,0,,5,2
ORD11967,CUST3830,2024-05-27,May,Q2,Electronics,Headphones,Pune,Direct,UPI,1,38020.81,25,9505.2,28515.61,24111.12,4404.49,15.45,0,,5,2
ORD11968,CUST3842,2024-05-27,May,Q2,Fashion,Footwear,Delhi,Organic Search,Credit Card,2,3938.86,20,1575.54,6302.18,5278.29,1023.89,16.25,0,,4,3
ORD11969,CUST1073,2024-05-27,May,Q2,Fashion,Footwear,Chennai,Organic Search,UPI,3,4788.7,0,0.0,14366.1,9663.15,4702.95,32.74,0,,4,5
ORD11970,CUST3480,2024-05-27,May,Q2,Electronics,Laptop,Bangalore,Email,UPI,2,6596.72,5,659.67,12533.77,7436.41,5097.36,40.67,0,,4,4
ORD11971,CUST1194,2024-05-27,May,Q2,Electronics,Mobile,Mumbai,Organic Search,Debit Card,1,67724.39,15,10158.66,57565.73,45025.59,12540.14,21.78,0,,3,10
ORD11972,CUST3078,2024-05-27,May,Q2,Sports,Sportswear,Hyderabad,Paid Ads,COD,2,3067.84,0,0.0,6135.68,2916.68,3219.0,52.46,0,,3,10
ORD11973,CUST2508,2024-05-28,May,Q2,Fashion,Footwear,Mumbai,Paid Ads,UPI,4,3147.08,10,1258.83,11329.49,5985.18,5344.31,47.17,0,,3,9
ORD11974,CUST3312,2024-05-28,May,Q2,Home & Kitchen,Decor,Bangalore,Social Media,Net Banking,5,5065.86,15,3799.4,21529.9,14869.99,6659.92,30.93,0,,5,3
ORD11975,CUST3379,2024-05-28,May,Q2,Fashion,Mens Clothing,Hyderabad,Organic Search,Credit Card,2,4842.93,15,1452.88,8232.98,5937.06,2295.93,27.89,0,,3,1
ORD11976,CUST3898,2024-05-28,May,Q2,Toys,Dolls,Bangalore,Direct,UPI,3,461.24,15,207.56,1176.16,675.6,500.56,42.56,0,,5,5
ORD11977,CUST1265,2024-05-28,May,Q2,Fashion,Womens Clothing,Chennai,Paid Ads,Credit Card,1,4345.58,15,651.84,3693.74,2468.49,1225.26,33.17,0,,3,8
ORD11978,CUST2185,2024-05-28,May,Q2,Fashion,Mens Clothing,Pune,Direct,COD,1,2227.71,30,668.31,1559.4,1055.02,504.37,32.34,1,Damaged Product,5,1
ORD11979,CUST2170,2024-05-28,May,Q2,Books,Academic,Pune,Paid Ads,Credit Card,4,162.25,5,32.45,616.55,389.74,226.81,36.79,0,,4,1
ORD11980,CUST3351,2024-05-28,May,Q2,Sports,Sportswear,Mumbai,Organic Search,UPI,1,4134.59,20,826.92,3307.67,2744.43,563.24,17.03,0,,4,6
ORD11981,CUST1744,2024-05-28,May,Q2,Electronics,Camera,Mumbai,Organic Search,UPI,1,38301.48,0,0.0,38301.48,24298.83,14002.65,36.56,0,,4,7
ORD11982,CUST1064,2024-05-28,May,Q2,Sports,Fitness Equipment,Bangalore,Organic Search,Debit Card,1,2632.26,0,0.0,2632.26,1433.46,1198.8,45.54,0,,5,8
ORD11983,CUST3927,2024-05-28,May,Q2,Home & Kitchen,Decor,Ahmedabad,Social Media,Net Banking,2,6186.44,0,0.0,12372.88,8641.82,3731.06,30.16,0,,3,8
ORD11984,CUST2855,2024-05-28,May,Q2,Home & Kitchen,Appliances,Pune,Organic Search,COD,2,10170.94,15,3051.28,17290.6,12525.18,4765.42,27.56,0,,5,3
ORD11985,CUST2045,2024-05-29,May,Q2,Electronics,Mobile,Pune,Paid Ads,Debit Card,1,44936.9,0,0.0,44936.9,29380.29,15556.61,34.62,0,,4,4
ORD11986,CUST3387,2024-05-29,May,Q2,Electronics,Laptop,Delhi,Social Media,Credit Card,4,54530.18,20,43624.14,174496.58,134673.04,39823.53,22.82,0,,3,9
ORD11987,CUST1678,2024-05-29,May,Q2,Beauty,Skincare,Bangalore,Organic Search,Debit Card,3,287.66,10,86.3,776.68,601.8,174.88,22.52,0,,2,11
ORD11988,CUST2650,2024-05-29,May,Q2,Home & Kitchen,Decor,Bangalore,Organic Search,Debit Card,1,11634.55,0,0.0,11634.55,7624.59,4009.96,34.47,0,,5,5
ORD11989,CUST3448,2024-05-29,May,Q2,Fashion,Footwear,Mumbai,Email,COD,1,4717.51,15,707.63,4009.88,2735.48,1274.41,31.78,1,Damaged Product,3,11
ORD11990,CUST3892,2024-05-29,May,Q2,Beauty,Haircare,Mumbai,Referral,Net Banking,2,2748.15,20,1099.26,4397.04,2977.46,1419.58,32.29,0,,5,9
ORD11991,CUST3346,2024-05-29,May,Q2,Sports,Sportswear,Ahmedabad,Organic Search,Credit Card,2,7667.54,15,2300.26,13034.82,9516.01,3518.81,27.0,0,,2,5
ORD11992,CUST3554,2024-05-29,May,Q2,Electronics,Headphones,Delhi,Organic Search,UPI,1,30216.37,0,0.0,30216.37,18055.96,12160.41,40.24,0,,4,5
ORD11993,CUST3563,2024-05-29,May,Q2,Home & Kitchen,Decor,Delhi,Referral,UPI,1,12559.84,20,2511.97,10047.87,7628.06,2419.81,24.08,0,,4,9
ORD11994,CUST2723,2024-05-29,May,Q2,Electronics,Headphones,Mumbai,Organic Search,Credit Card,1,24689.96,15,3703.49,20986.47,13227.72,7758.75,36.97,0,,4,6
ORD11995,CUST3557,2024-05-29,May,Q2,Sports,Fitness Equipment,Kolkata,Referral,Debit Card,1,7656.52,5,382.83,7273.69,4266.08,3007.62,41.35,0,,4,3
ORD11996,CUST3345,2024-05-29,May,Q2,Beauty,Skincare,Hyderabad,Organic Search,Debit Card,1,806.32,5,40.32,766.0,475.35,290.66,37.94,0,,5,5
ORD11997,CUST2539,2024-05-30,May,Q2,Toys,Board Games,Chennai,Direct,UPI,2,373.83,10,74.77,672.89,493.32,179.57,26.69,0,,5,1
ORD11998,CUST3690,2024-05-30,May,Q2,Electronics,Camera,Kolkata,Paid Ads,UPI,2,59433.97,20,23773.59,95094.35,76161.93,18932.43,19.91,0,,4,9
ORD11999,CUST2214,2024-05-30,May,Q2,Electronics,Laptop,Delhi,Referral,UPI,2,51614.79,0,0.0,103229.58,49515.51,53714.07,52.03,0,,4,10
ORD12000,CUST3263,2024-05-30,May,Q2,Fashion,Accessories,Hyderabad,Paid Ads,Credit Card,1,4395.84,0,0.0,4395.84,2247.98,2147.86,48.86,1,Damaged Product,4,10
ORD12001,CUST3628,2024-05-30,May,Q2,Fashion,Footwear,Mumbai,Social Media,COD,2,4021.76,20,1608.7,6434.82,3673.19,2761.63,42.92,1,Wrong Item,5,11
ORD12002,CUST3476,2024-05-30,May,Q2,Fashion,Womens Clothing,Mumbai,Organic Search,UPI,1,4678.55,0,0.0,4678.55,2114.66,2563.89,54.8,0,,5,7
ORD12003,CUST3458,2024-05-30,May,Q2,Books,Academic,Pune,Organic Search,COD,1,639.06,25,159.76,479.29,323.42,155.87,32.52,0,,3,1
ORD12004,CUST3989,2024-05-30,May,Q2,Fashion,Womens Clothing,Pune,Email,Debit Card,2,4133.29,5,413.33,7853.25,5371.87,2481.38,31.6,0,,3,11
ORD12005,CUST3768,2024-05-30,May,Q2,Fashion,Accessories,Delhi,Social Media,COD,2,2989.82,10,597.96,5381.68,4043.35,1338.32,24.87,0,,5,11
ORD12006,CUST3778,2024-05-30,May,Q2,Sports,Fitness Equipment,Delhi,Referral,COD,1,9548.5,0,0.0,9548.5,5232.03,4316.47,45.21,1,Late Delivery,3,4
ORD12007,CUST2868,2024-05-30,May,Q2,Fashion,Mens Clothing,Bangalore,Paid Ads,Debit Card,2,4696.13,25,2348.06,7044.2,5548.94,1495.25,21.23,0,,5,2
ORD12008,CUST1367,2024-05-30,May,Q2,Sports,Outdoor,Mumbai,Direct,Debit Card,3,3230.48,15,1453.72,8237.72,6071.81,2165.91,26.29,0,,4,3
ORD12009,CUST3138,2024-05-31,May,Q2,Electronics,Mobile,Delhi,Paid Ads,Net Banking,2,79316.84,25,39658.42,118975.26,109177.12,9798.14,8.24,0,,2,4
ORD12010,CUST2210,2024-05-31,May,Q2,Home & Kitchen,Furniture,Delhi,Referral,UPI,2,8393.61,15,2518.08,14269.14,11385.65,2883.49,20.21,0,,4,2
ORD12011,CUST1594,2024-05-31,May,Q2,Electronics,Camera,Delhi,Referral,Net Banking,5,36787.63,0,0.0,183938.15,85402.13,98536.02,53.57,0,,4,10
ORD12012,CUST3192,2024-05-31,May,Q2,Electronics,Laptop,Pune,Paid Ads,UPI,2,58941.51,5,5894.15,111988.87,60360.99,51627.88,46.1,0,,5,1
ORD12013,CUST2499,2024-05-31,May,Q2,Books,Children,Delhi,Direct,UPI,2,649.86,10,129.97,1169.75,600.84,568.91,48.63,0,,4,11
ORD12014,CUST3372,2024-05-31,May,Q2,Electronics,Tablet,Mumbai,Direct,Credit Card,1,24507.55,10,2450.76,22056.8,14805.88,7250.91,32.87,0,,4,4
ORD12015,CUST2573,2024-05-31,May,Q2,Home & Kitchen,Appliances,Bangalore,Organic Search,Debit Card,1,14436.33,25,3609.08,10827.25,9060.58,1766.67,16.32,0,,5,9
ORD12016,CUST3608,2024-05-31,May,Q2,Fashion,Womens Clothing,Kolkata,Social Media,Net Banking,2,2603.0,5,260.3,4945.7,2743.93,2201.77,44.52,0,,2,11
ORD12017,CUST3329,2024-05-31,May,Q2,Fashion,Accessories,Delhi,Organic Search,Debit Card,2,4966.76,15,1490.03,8443.49,6590.52,1852.97,21.95,0,,4,11
ORD12018,CUST2016,2024-05-31,May,Q2,Books,Non-Fiction,Mumbai,Direct,Credit Card,1,304.85,30,91.46,213.4,171.69,41.7,19.54,0,,4,9
ORD12019,CUST1601,2024-05-31,May,Q2,Electronics,Laptop,Delhi,Organic Search,UPI,4,73078.44,0,0.0,292313.76,204501.36,87812.4,30.04,0,,2,9
ORD12020,CUST2353,2024-05-31,May,Q2,Beauty,Makeup,Chennai,Organic Search,UPI,1,985.96,20,197.19,788.77,443.78,344.99,43.74,0,,2,3
ORD12021,CUST3315,2024-05-31,May,Q2,Toys,Action Figures,Hyderabad,Paid Ads,Debit Card,2,2143.02,5,214.3,4071.74,2046.04,2025.7,49.75,0,,4,1
ORD12022,CUST1421,2024-05-31,May,Q2,Home & Kitchen,Decor,Pune,Social Media,Debit Card,1,4696.38,15,704.46,3991.92,2467.7,1524.22,38.18,0,,3,1
ORD12023,CUST2205,2024-05-31,May,Q2,Toys,Action Figures,Ahmedabad,Direct,UPI,1,2996.78,0,0.0,2996.78,1367.66,1629.12,54.36,0,,4,3
ORD12024,CUST1087,2024-05-31,May,Q2,Electronics,Mobile,Pune,Referral,Credit Card,3,62850.44,5,9427.57,179123.75,121725.88,57397.88,32.04,0,,4,10
ORD12025,CUST3049,2024-05-31,May,Q2,Fashion,Womens Clothing,Hyderabad,Paid Ads,UPI,1,1831.21,0,0.0,1831.21,848.2,983.01,53.68,0,,4,8
ORD12026,CUST2268,2024-05-31,May,Q2,Fashion,Accessories,Bangalore,Organic Search,Debit Card,1,3069.87,30,920.96,2148.91,1956.26,192.65,8.97,0,,4,4
ORD12027,CUST3332,2024-05-31,May,Q2,Beauty,Fragrance,Mumbai,Email,COD,1,308.1,20,61.62,246.48,142.69,103.79,42.11,0,,4,11
ORD12028,CUST3534,2024-06-01,June,Q2,Toys,Dolls,Ahmedabad,Social Media,COD,1,1040.53,0,0.0,1040.53,533.98,506.55,48.68,1,Late Delivery,2,8
ORD12029,CUST1796,2024-06-01,June,Q2,Fashion,Footwear,Bangalore,Paid Ads,UPI,2,1709.36,30,1025.62,2393.1,2257.45,135.66,5.67,0,,3,7
ORD12030,CUST1717,2024-06-01,June,Q2,Beauty,Fragrance,Mumbai,Paid Ads,Debit Card,4,901.44,10,360.58,3245.18,2479.95,765.24,23.58,1,Size Issue,4,8
ORD12031,CUST1779,2024-06-01,June,Q2,Electronics,Camera,Chennai,Social Media,UPI,1,53977.33,20,10795.47,43181.86,29883.55,13298.31,30.8,0,,5,2
ORD12032,CUST1443,2024-06-01,June,Q2,Home & Kitchen,Furniture,Delhi,Paid Ads,Debit Card,2,11756.21,0,0.0,23512.42,16281.99,7230.43,30.75,0,,3,8
ORD12033,CUST1757,2024-06-01,June,Q2,Home & Kitchen,Appliances,Hyderabad,Email,Debit Card,2,975.22,5,97.52,1852.92,1183.37,669.55,36.13,0,,4,9
ORD12034,CUST1913,2024-06-01,June,Q2,Toys,Dolls,Hyderabad,Social Media,COD,5,1128.62,15,846.46,4796.63,3126.04,1670.59,34.83,0,,5,10
ORD12035,CUST2205,2024-06-01,June,Q2,Home & Kitchen,Appliances,Bangalore,Direct,UPI,4,10183.03,0,0.0,40732.12,26504.4,14227.72,34.93,0,,5,11
ORD12036,CUST1578,2024-06-01,June,Q2,Fashion,Footwear,Pune,Social Media,COD,2,4262.0,10,852.4,7671.6,4465.15,3206.45,41.8,0,,5,6
ORD12037,CUST2760,2024-06-01,June,Q2,Electronics,Laptop,Delhi,Organic Search,Credit Card,1,68569.45,5,3428.47,65140.98,35412.63,29728.35,45.64,0,,3,3
ORD12038,CUST2655,2024-06-01,June,Q2,Electronics,Camera,Bangalore,Direct,Credit Card,1,38285.65,0,0.0,38285.65,23512.63,14773.02,38.59,0,,1,7
ORD12039,CUST3309,2024-06-01,June,Q2,Fashion,Accessories,Bangalore,Social Media,Net Banking,1,577.7,5,28.88,548.82,316.36,232.45,42.36,1,Changed Mind,4,9
ORD12040,CUST3293,2024-06-01,June,Q2,Fashion,Mens Clothing,Chennai,Organic Search,UPI,2,539.92,30,323.95,755.89,522.62,233.27,30.86,0,,3,8
ORD12041,CUST1224,2024-06-01,June,Q2,Books,Academic,Pune,Social Media,UPI,2,174.05,0,0.0,348.1,162.47,185.63,53.33,0,,4,8
ORD12042,CUST2670,2024-06-01,June,Q2,Home & Kitchen,Appliances,Bangalore,Paid Ads,UPI,2,5893.88,0,0.0,11787.76,7626.22,4161.54,35.3,0,,5,11
ORD12043,CUST3548,2024-06-01,June,Q2,Home & Kitchen,Appliances,Hyderabad,Direct,Credit Card,2,9855.95,10,1971.19,17740.71,12201.23,5539.48,31.22,0,,4,7
ORD12044,CUST3865,2024-06-02,June,Q2,Electronics,Headphones,Mumbai,Paid Ads,UPI,1,46745.63,15,7011.84,39733.79,25847.98,13885.81,34.95,0,,3,5
ORD12045,CUST1094,2024-06-02,June,Q2,Books,Fiction,Ahmedabad,Email,Credit Card,2,415.6,15,124.68,706.52,560.28,146.24,20.7,0,,2,2
ORD12046,CUST3285,2024-06-02,June,Q2,Beauty,Skincare,Bangalore,Organic Search,UPI,1,1822.8,15,273.42,1549.38,1007.49,541.89,34.97,0,,5,5
ORD12047,CUST2937,2024-06-02,June,Q2,Electronics,Camera,Chennai,Paid Ads,UPI,1,10966.02,0,0.0,10966.02,6881.99,4084.03,37.24,0,,4,5
ORD12048,CUST1634,2024-06-02,June,Q2,Beauty,Makeup,Mumbai,Referral,COD,1,2711.72,5,135.59,2576.13,1836.59,739.54,28.71,1,Changed Mind,5,2
ORD12049,CUST2630,2024-06-02,June,Q2,Home & Kitchen,Appliances,Delhi,Email,UPI,3,8630.56,15,3883.75,22007.93,17093.14,4914.79,22.33,0,,5,11
ORD12050,CUST3622,2024-06-02,June,Q2,Electronics,Camera,Bangalore,Organic Search,Credit Card,1,76497.0,25,19124.25,57372.75,44198.15,13174.6,22.96,1,Not as Described,5,10
ORD12051,CUST1482,2024-06-02,June,Q2,Home & Kitchen,Decor,Kolkata,Organic Search,UPI,3,7054.24,10,2116.27,19046.45,13124.25,5922.19,31.09,1,Wrong Item,5,1
ORD12052,CUST2872,2024-06-02,June,Q2,Home & Kitchen,Decor,Bangalore,Paid Ads,Credit Card,1,4463.7,0,0.0,4463.7,2470.28,1993.42,44.66,0,,4,5
ORD12053,CUST2710,2024-06-02,June,Q2,Electronics,Headphones,Kolkata,Social Media,Credit Card,1,64005.18,5,3200.26,60804.92,39158.32,21646.6,35.6,0,,5,6
ORD12054,CUST1125,2024-06-02,June,Q2,Toys,Educational,Bangalore,Email,Credit Card,3,1000.76,0,0.0,3002.28,1544.34,1457.94,48.56,0,,4,7
ORD12055,CUST3629,2024-06-02,June,Q2,Sports,Fitness Equipment,Bangalore,Email,UPI,2,5201.82,15,1560.55,8843.09,5812.36,3030.73,34.27,0,,3,11
ORD12056,CUST2810,2024-06-02,June,Q2,Beauty,Makeup,Mumbai,Social Media,Credit Card,1,836.77,0,0.0,836.77,420.38,416.39,49.76,0,,3,2
ORD12057,CUST1712,2024-06-02,June,Q2,Home & Kitchen,Appliances,Pune,Email,UPI,1,3277.83,0,0.0,3277.83,1506.31,1771.52,54.05,0,,4,6
ORD12058,CUST1884,2024-06-02,June,Q2,Fashion,Accessories,Delhi,Paid Ads,Net Banking,4,4420.58,5,884.12,16798.2,10558.73,6239.47,37.14,0,,2,8
ORD12059,CUST2267,2024-06-02,June,Q2,Beauty,Haircare,Kolkata,Organic Search,UPI,1,2036.74,10,203.67,1833.07,1356.69,476.38,25.99,0,,3,6
ORD12060,CUST3300,2024-06-02,June,Q2,Home & Kitchen,Furniture,Kolkata,Social Media,Credit Card,2,4103.95,5,410.4,7797.5,3746.04,4051.46,51.96,0,,4,3
ORD12061,CUST3967,2024-06-02,June,Q2,Electronics,Camera,Ahmedabad,Referral,Credit Card,1,54095.06,10,5409.51,48685.55,26993.84,21691.72,44.55,0,,5,3
ORD12062,CUST1934,2024-06-02,June,Q2,Home & Kitchen,Decor,Bangalore,Email,UPI,1,3416.43,15,512.46,2903.97,1930.44,973.52,33.52,0,,4,11
ORD12063,CUST3129,2024-06-02,June,Q2,Sports,Sportswear,Chennai,Social Media,COD,1,5313.83,5,265.69,5048.14,3275.84,1772.3,35.11,0,,4,7
ORD12064,CUST3485,2024-06-02,June,Q2,Home & Kitchen,Furniture,Pune,Social Media,Credit Card,2,7052.39,10,1410.48,12694.3,6950.94,5743.36,45.24,0,,3,2
ORD12065,CUST1902,2024-06-03,June,Q2,Electronics,Headphones,Mumbai,Referral,COD,2,28800.08,5,2880.01,54720.15,26736.48,27983.67,51.14,0,,3,3
ORD12066,CUST2334,2024-06-03,June,Q2,Sports,Sportswear,Hyderabad,Paid Ads,UPI,1,5757.37,5,287.87,5469.5,3337.91,2131.6,38.97,0,,4,7
ORD12067,CUST3744,2024-06-03,June,Q2,Fashion,Mens Clothing,Mumbai,Paid Ads,UPI,2,1525.79,10,305.16,2746.42,1997.8,748.62,27.26,1,Changed Mind,5,9
ORD12068,CUST3713,2024-06-03,June,Q2,Fashion,Mens Clothing,Bangalore,Referral,Net Banking,3,4782.67,10,1434.8,12913.21,6582.99,6330.22,49.02,1,Size Issue,4,1
ORD12069,CUST3467,2024-06-03,June,Q2,Electronics,Mobile,Mumbai,Direct,UPI,4,79397.84,15,47638.7,269952.66,170655.29,99297.36,36.78,1,Wrong Item,4,5
ORD12070,CUST2481,2024-06-03,June,Q2,Fashion,Mens Clothing,Mumbai,Paid Ads,COD,1,4888.77,10,488.88,4399.89,3010.89,1389.0,31.57,1,Late Delivery,5,2
ORD12071,CUST3663,2024-06-03,June,Q2,Sports,Outdoor,Delhi,Paid Ads,Debit Card,1,653.12,20,130.62,522.5,315.25,207.24,39.66,0,,2,5
ORD12072,CUST1999,2024-06-03,June,Q2,Home & Kitchen,Cookware,Bangalore,Paid Ads,UPI,3,12798.02,5,1919.7,36474.36,19542.07,16932.29,46.42,0,,4,6
ORD12073,CUST3130,2024-06-03,June,Q2,Fashion,Mens Clothing,Hyderabad,Organic Search,UPI,1,4322.33,10,432.23,3890.1,2523.69,1366.4,35.13,0,,5,8
ORD12074,CUST1567,2024-06-03,June,Q2,Books,Children,Mumbai,Referral,Debit Card,1,501.29,15,75.19,426.1,345.04,81.05,19.02,0,,4,7
ORD12075,CUST3692,2024-06-03,June,Q2,Books,Academic,Bangalore,Paid Ads,UPI,3,179.08,0,0.0,537.24,280.35,256.89,47.82,0,,2,5
ORD12076,CUST3298,2024-06-03,June,Q2,Books,Non-Fiction,Mumbai,Direct,Credit Card,1,302.55,5,15.13,287.42,173.02,114.4,39.8,0,,3,11
ORD12077,CUST1071,2024-06-03,June,Q2,Fashion,Footwear,Hyderabad,Organic Search,Credit Card,1,991.24,10,99.12,892.12,545.16,346.95,38.89,1,Wrong Item,4,5
ORD12078,CUST2166,2024-06-03,June,Q2,Home & Kitchen,Decor,Hyderabad,Social Media,Debit Card,1,7998.52,0,0.0,7998.52,5393.8,2604.72,32.57,0,,3,2
ORD12079,CUST1012,2024-06-03,June,Q2,Toys,Board Games,Hyderabad,Organic Search,UPI,3,605.59,5,90.84,1725.93,850.2,875.73,50.74,0,,5,6
ORD12080,CUST2411,2024-06-03,June,Q2,Sports,Fitness Equipment,Chennai,Email,COD,1,1235.78,10,123.58,1112.2,731.01,381.19,34.27,0,,1,3
ORD12081,CUST2669,2024-06-03,June,Q2,Electronics,Mobile,Delhi,Social Media,UPI,3,20303.14,30,18272.83,42636.59,40293.4,2343.19,5.5,0,,3,6
ORD12082,CUST3718,2024-06-03,June,Q2,Electronics,Camera,Pune,Social Media,UPI,2,47777.44,20,19110.98,76443.9,66604.56,9839.34,12.87,0,,3,3
ORD12083,CUST1482,2024-06-04,June,Q2,Home & Kitchen,Cookware,Bangalore,Organic Search,Credit Card,1,12573.76,0,0.0,12573.76,7854.59,4719.17,37.53,0,,5,2
ORD12084,CUST1583,2024-06-04,June,Q2,Books,Fiction,Bangalore,Organic Search,COD,1,592.66,10,59.27,533.39,322.99,210.4,39.45,0,,5,8
ORD12085,CUST3847,2024-06-04,June,Q2,Home & Kitchen,Furniture,Hyderabad,Organic Search,UPI,1,1813.78,0,0.0,1813.78,1002.94,810.84,44.7,0,,5,4
ORD12086,CUST3319,2024-06-04,June,Q2,Home & Kitchen,Cookware,Mumbai,Paid Ads,UPI,2,6855.95,0,0.0,13711.9,7375.91,6335.99,46.21,0,,4,5
ORD12087,CUST3498,2024-06-04,June,Q2,Electronics,Mobile,Hyderabad,Social Media,UPI,1,26231.33,15,3934.7,22296.63,15762.49,6534.14,29.31,0,,5,9
ORD12088,CUST2778,2024-06-04,June,Q2,Beauty,Skincare,Hyderabad,Social Media,Debit Card,3,269.14,0,0.0,807.42,512.59,294.83,36.51,1,Not as Described,5,4
ORD12089,CUST2398,2024-06-04,June,Q2,Sports,Sportswear,Delhi,Social Media,UPI,1,6266.18,0,0.0,6266.18,4103.51,2162.67,34.51,1,Wrong Item,4,1
ORD12090,CUST1122,2024-06-04,June,Q2,Fashion,Womens Clothing,Mumbai,Social Media,Net Banking,1,2121.29,25,530.32,1590.97,1175.51,415.46,26.11,1,Late Delivery,5,11
ORD12091,CUST3249,2024-06-04,June,Q2,Sports,Outdoor,Mumbai,Organic Search,Credit Card,1,9763.44,20,1952.69,7810.75,6142.93,1667.82,21.35,0,,5,6
ORD12092,CUST1603,2024-06-04,June,Q2,Toys,Board Games,Kolkata,Organic Search,UPI,2,2722.96,15,816.89,4629.03,3698.08,930.95,20.11,0,,5,11
ORD12093,CUST2663,2024-06-04,June,Q2,Fashion,Mens Clothing,Chennai,Organic Search,Net Banking,1,2186.22,20,437.24,1748.98,1487.08,261.9,14.97,0,,5,11
ORD12094,CUST3418,2024-06-04,June,Q2,Home & Kitchen,Furniture,Mumbai,Direct,Debit Card,1,14183.21,15,2127.48,12055.73,8878.79,3176.94,26.35,0,,5,5
ORD12095,CUST2469,2024-06-04,June,Q2,Fashion,Footwear,Delhi,Social Media,COD,3,1823.28,0,0.0,5469.84,3332.37,2137.47,39.08,0,,5,10
ORD12096,CUST3230,2024-06-05,June,Q2,Sports,Outdoor,Hyderabad,Organic Search,Net Banking,2,796.0,10,159.2,1432.8,927.95,504.85,35.24,0,,4,3
ORD12097,CUST3771,2024-06-05,June,Q2,Home & Kitchen,Appliances,Pune,Organic Search,UPI,2,6029.89,5,602.99,11456.79,5979.23,5477.56,47.81,0,,5,11
ORD12098,CUST1600,2024-06-05,June,Q2,Beauty,Skincare,Mumbai,Direct,Credit Card,2,1014.44,5,101.44,1927.44,975.7,951.73,49.38,0,,3,11
ORD12099,CUST2778,2024-06-05,June,Q2,Sports,Sportswear,Delhi,Email,Debit Card,2,1925.6,20,770.24,3080.96,2200.68,880.28,28.57,0,,5,5
ORD12100,CUST3707,2024-06-05,June,Q2,Fashion,Accessories,Kolkata,Social Media,Credit Card,1,3160.52,10,316.05,2844.47,1548.22,1296.25,45.57,0,,5,8
ORD12101,CUST2089,2024-06-05,June,Q2,Books,Academic,Mumbai,Paid Ads,COD,1,219.05,0,0.0,219.05,130.17,88.88,40.58,0,,5,1
ORD12102,CUST1382,2024-06-05,June,Q2,Home & Kitchen,Appliances,Delhi,Organic Search,COD,3,3803.01,0,0.0,11409.03,6975.77,4433.26,38.86,1,Size Issue,5,4
ORD12103,CUST3255,2024-06-05,June,Q2,Electronics,Headphones,Ahmedabad,Referral,UPI,1,28482.93,0,0.0,28482.93,16560.09,11922.84,41.86,0,,4,3
ORD12104,CUST2566,2024-06-05,June,Q2,Beauty,Makeup,Hyderabad,Email,Debit Card,2,2204.15,20,881.66,3526.64,2023.88,1502.76,42.61,0,,4,4
ORD12105,CUST3346,2024-06-06,June,Q2,Sports,Fitness Equipment,Delhi,Paid Ads,Credit Card,1,7549.41,10,754.94,6794.47,3506.19,3288.28,48.4,1,Changed Mind,1,2
ORD12106,CUST2549,2024-06-06,June,Q2,Fashion,Mens Clothing,Mumbai,Direct,UPI,1,4025.6,10,402.56,3623.04,1925.59,1697.45,46.85,1,Changed Mind,3,2
ORD12107,CUST2411,2024-06-06,June,Q2,Books,Academic,Mumbai,Email,UPI,1,613.35,10,61.34,552.02,299.57,252.45,45.73,0,,4,2
ORD12108,CUST2666,2024-06-06,June,Q2,Books,Fiction,Delhi,Paid Ads,COD,1,760.96,15,114.14,646.82,530.75,116.07,17.94,0,,4,3
ORD12109,CUST3581,2024-06-06,June,Q2,Fashion,Accessories,Kolkata,Paid Ads,UPI,2,2204.78,15,661.43,3748.13,2364.07,1384.06,36.93,0,,3,9
ORD12110,CUST1298,2024-06-06,June,Q2,Toys,Dolls,Bangalore,Organic Search,COD,1,1873.25,10,187.32,1685.92,979.7,706.23,41.89,0,,3,5
ORD12111,CUST1887,2024-06-06,June,Q2,Electronics,Headphones,Chennai,Organic Search,UPI,1,54279.45,25,13569.86,40709.59,25135.0,15574.58,38.26,0,,4,4
ORD12112,CUST1061,2024-06-06,June,Q2,Fashion,Mens Clothing,Kolkata,Email,UPI,4,1175.34,30,1410.41,3290.95,2862.33,428.62,13.02,1,Size Issue,5,4
ORD12113,CUST3301,2024-06-06,June,Q2,Electronics,Headphones,Bangalore,Organic Search,Debit Card,1,62195.89,30,18658.77,43537.12,38129.05,5408.08,12.42,0,,4,3
ORD12114,CUST2973,2024-06-06,June,Q2,Books,Academic,Mumbai,Direct,COD,3,571.99,15,257.4,1458.57,847.45,611.12,41.9,0,,2,9
ORD12115,CUST2744,2024-06-06,June,Q2,Beauty,Haircare,Bangalore,Referral,UPI,4,2874.5,25,2874.5,8623.5,7816.46,807.04,9.36,0,,5,11
ORD12116,CUST1402,2024-06-06,June,Q2,Electronics,Tablet,Kolkata,Organic Search,Debit Card,5,76896.89,5,19224.22,365260.23,249962.33,115297.89,31.57,1,Not as Described,3,10
ORD12117,CUST3752,2024-06-06,June,Q2,Fashion,Mens Clothing,Pune,Paid Ads,Credit Card,3,4965.44,20,2979.26,11917.06,7561.07,4355.98,36.55,0,,4,1
ORD12118,CUST3808,2024-06-06,June,Q2,Home & Kitchen,Appliances,Mumbai,Email,Debit Card,1,8828.71,25,2207.18,6621.53,5045.28,1576.26,23.81,1,Changed Mind,2,6
ORD12119,CUST1596,2024-06-06,June,Q2,Electronics,Laptop,Chennai,Email,UPI,4,79835.97,25,79835.97,239507.91,180300.82,59207.09,24.72,1,Late Delivery,5,4
ORD12120,CUST1779,2024-06-07,June,Q2,Books,Children,Hyderabad,Email,Debit Card,3,559.71,20,335.83,1343.3,901.91,441.39,32.86,0,,2,8
ORD12121,CUST3164,2024-06-07,June,Q2,Sports,Fitness Equipment,Kolkata,Paid Ads,Credit Card,3,7472.54,5,1120.88,21296.74,14670.29,6626.45,31.11,0,,5,7
ORD12122,CUST2284,2024-06-07,June,Q2,Home & Kitchen,Appliances,Mumbai,Paid Ads,UPI,1,8453.34,0,0.0,8453.34,4034.92,4418.42,52.27,0,,4,3
ORD12123,CUST3340,2024-06-07,June,Q2,Toys,Action Figures,Bangalore,Social Media,Credit Card,4,627.35,5,125.47,2383.93,1389.78,994.15,41.7,0,,2,5
ORD12124,CUST2379,2024-06-07,June,Q2,Fashion,Womens Clothing,Kolkata,Referral,COD,2,4453.16,15,1335.95,7570.37,4960.89,2609.48,34.47,0,,1,11
ORD12125,CUST1492,2024-06-07,June,Q2,Toys,Dolls,Bangalore,Paid Ads,UPI,2,2455.15,0,0.0,4910.3,2785.03,2125.27,43.28,0,,4,11
ORD12126,CUST2031,2024-06-07,June,Q2,Beauty,Haircare,Bangalore,Referral,UPI,1,1899.89,10,189.99,1709.9,1264.07,445.83,26.07,0,,5,4
ORD12127,CUST1786,2024-06-07,June,Q2,Beauty,Skincare,Mumbai,Organic Search,Credit Card,1,2045.75,10,204.58,1841.18,1032.17,809.01,43.94,0,,1,4
ORD12128,CUST2093,2024-06-07,June,Q2,Electronics,Tablet,Delhi,Referral,Debit Card,4,44025.2,10,17610.08,158490.72,83776.57,74714.15,47.14,0,,5,10
ORD12129,CUST2632,2024-06-07,June,Q2,Books,Academic,Delhi,Social Media,Debit Card,1,356.01,25,89.0,267.01,215.19,51.82,19.41,0,,4,8
ORD12130,CUST3217,2024-06-07,June,Q2,Fashion,Mens Clothing,Ahmedabad,Paid Ads,COD,1,1377.61,15,206.64,1170.97,679.79,491.17,41.95,0,,3,9
ORD12131,CUST1610,2024-06-07,June,Q2,Electronics,Mobile,Delhi,Social Media,UPI,3,48143.28,15,21664.48,122765.36,67699.04,55066.33,44.85,0,,2,11
ORD12132,CUST1985,2024-06-07,June,Q2,Electronics,Mobile,Bangalore,Organic Search,Credit Card,1,73330.21,10,7333.02,65997.19,40820.16,25177.03,38.15,0,,5,4
ORD12133,CUST3406,2024-06-07,June,Q2,Home & Kitchen,Cookware,Chennai,Organic Search,UPI,1,5467.32,20,1093.46,4373.86,2760.51,1613.34,36.89,0,,4,2
ORD12134,CUST2272,2024-06-07,June,Q2,Home & Kitchen,Decor,Mumbai,Organic Search,Credit Card,1,12145.88,0,0.0,12145.88,6562.47,5583.41,45.97,0,,2,1
ORD12135,CUST3084,2024-06-07,June,Q2,Beauty,Fragrance,Bangalore,Organic Search,Net Banking,1,2936.93,0,0.0,2936.93,1512.31,1424.62,48.51,1,Wrong Item,4,10
ORD12136,CUST2113,2024-06-08,June,Q2,Books,Fiction,Chennai,Paid Ads,Net Banking,1,300.08,25,75.02,225.06,141.99,83.07,36.91,0,,3,4
ORD12137,CUST3564,2024-06-08,June,Q2,Electronics,Tablet,Kolkata,Email,UPI,1,28611.23,15,4291.68,24319.55,16883.11,7436.44,30.58,0,,4,8
ORD12138,CUST1166,2024-06-08,June,Q2,Beauty,Haircare,Hyderabad,Social Media,UPI,1,2922.71,15,438.41,2484.3,1334.96,1149.34,46.26,0,,2,5
ORD12139,CUST1120,2024-06-08,June,Q2,Electronics,Mobile,Chennai,Organic Search,COD,2,56980.48,10,11396.1,102564.86,78814.7,23750.17,23.16,0,,5,2
ORD12140,CUST1672,2024-06-08,June,Q2,Books,Fiction,Mumbai,Direct,UPI,3,439.25,5,65.89,1251.86,705.43,546.43,43.65,0,,4,11
ORD12141,CUST2959,2024-06-08,June,Q2,Sports,Sportswear,Ahmedabad,Social Media,UPI,1,9597.28,10,959.73,8637.55,5986.68,2650.87,30.69,0,,5,4
ORD12142,CUST1916,2024-06-08,June,Q2,Home & Kitchen,Appliances,Mumbai,Referral,Net Banking,1,6620.95,0,0.0,6620.95,4320.77,2300.18,34.74,0,,4,4
ORD12143,CUST1004,2024-06-08,June,Q2,Beauty,Makeup,Pune,Social Media,UPI,1,423.13,10,42.31,380.82,219.93,160.88,42.25,0,,4,10
ORD12144,CUST1026,2024-06-08,June,Q2,Fashion,Womens Clothing,Delhi,Organic Search,UPI,3,3022.06,10,906.62,8159.56,5776.83,2382.73,29.2,0,,5,5
ORD12145,CUST3734,2024-06-08,June,Q2,Home & Kitchen,Decor,Ahmedabad,Paid Ads,COD,5,1885.5,10,942.75,8484.75,6204.29,2280.46,26.88,0,,4,2
ORD12146,CUST3104,2024-06-08,June,Q2,Sports,Outdoor,Chennai,Social Media,UPI,1,3941.82,10,394.18,3547.64,2011.63,1536.01,43.3,0,,4,7
ORD12147,CUST2778,2024-06-08,June,Q2,Home & Kitchen,Cookware,Chennai,Organic Search,UPI,1,7674.99,25,1918.75,5756.24,5358.09,398.15,6.92,0,,2,5
ORD12148,CUST3459,2024-06-09,June,Q2,Fashion,Accessories,Delhi,Organic Search,Credit Card,2,1536.57,15,460.97,2612.17,1398.81,1213.36,46.45,0,,5,4
ORD12149,CUST2600,2024-06-09,June,Q2,Home & Kitchen,Appliances,Bangalore,Organic Search,Debit Card,2,11965.52,20,4786.21,19144.83,12067.23,7077.6,36.97,0,,2,8
ORD12150,CUST2594,2024-06-09,June,Q2,Sports,Outdoor,Hyderabad,Organic Search,Credit Card,1,2682.75,10,268.27,2414.48,1730.39,684.09,28.33,0,,5,2
ORD12151,CUST1256,2024-06-09,June,Q2,Fashion,Accessories,Pune,Paid Ads,UPI,2,4225.19,10,845.04,7605.34,4212.79,3392.55,44.61,0,,4,1
ORD12152,CUST1225,2024-06-09,June,Q2,Electronics,Mobile,Mumbai,Paid Ads,UPI,2,79005.87,0,0.0,158011.74,98688.6,59323.14,37.54,0,,2,6
ORD12153,CUST1478,2024-06-09,June,Q2,Beauty,Haircare,Ahmedabad,Organic Search,Net Banking,4,2792.01,0,0.0,11168.04,7414.27,3753.77,33.61,0,,1,10
ORD12154,CUST2585,2024-06-09,June,Q2,Sports,Fitness Equipment,Kolkata,Social Media,UPI,1,2826.97,10,282.7,2544.27,1950.05,594.22,23.36,0,,5,10
ORD12155,CUST3063,2024-06-09,June,Q2,Electronics,Tablet,Delhi,Social Media,UPI,5,73194.93,5,18298.73,347675.92,208079.23,139596.68,40.15,0,,5,8
ORD12156,CUST1827,2024-06-09,June,Q2,Fashion,Accessories,Pune,Paid Ads,Debit Card,1,3533.47,15,530.02,3003.45,2447.91,555.54,18.5,0,,4,7
ORD12157,CUST1307,2024-06-09,June,Q2,Electronics,Mobile,Bangalore,Organic Search,COD,2,54942.7,10,10988.54,98896.86,60756.25,38140.61,38.57,0,,4,9
ORD12158,CUST1332,2024-06-09,June,Q2,Fashion,Footwear,Bangalore,Organic Search,UPI,2,3224.96,20,1289.98,5159.94,3254.19,1905.74,36.93,1,Changed Mind,3,1
ORD12159,CUST3737,2024-06-09,June,Q2,Home & Kitchen,Decor,Delhi,Paid Ads,UPI,1,12101.15,30,3630.34,8470.8,7000.28,1470.53,17.36,1,Size Issue,4,3
ORD12160,CUST1791,2024-06-09,June,Q2,Beauty,Makeup,Hyderabad,Organic Search,Debit Card,2,1156.4,0,0.0,2312.8,1416.49,896.31,38.75,0,,4,9
ORD12161,CUST3506,2024-06-09,June,Q2,Beauty,Fragrance,Chennai,Paid Ads,UPI,1,530.3,5,26.52,503.78,299.35,204.44,40.58,0,,5,5
ORD12162,CUST2371,2024-06-09,June,Q2,Home & Kitchen,Cookware,Bangalore,Social Media,UPI,1,6600.74,15,990.11,5610.63,3905.94,1704.69,30.38,0,,4,6
ORD12163,CUST1104,2024-06-09,June,Q2,Fashion,Mens Clothing,Hyderabad,Social Media,UPI,1,2772.62,5,138.63,2633.99,1536.32,1097.67,41.67,0,,5,11
ORD12164,CUST1196,2024-06-09,June,Q2,Sports,Outdoor,Chennai,Organic Search,COD,1,1909.79,0,0.0,1909.79,1109.95,799.84,41.88,0,,2,7
ORD12165,CUST1271,2024-06-09,June,Q2,Home & Kitchen,Decor,Chennai,Paid Ads,COD,1,7817.64,20,1563.53,6254.11,5379.7,874.41,13.98,1,Size Issue,2,3
ORD12166,CUST2536,2024-06-09,June,Q2,Toys,Action Figures,Mumbai,Social Media,Net Banking,4,2679.89,30,3215.87,7503.69,6163.29,1340.4,17.86,0,,5,7
ORD12167,CUST3161,2024-06-09,June,Q2,Beauty,Fragrance,Kolkata,Direct,UPI,1,754.69,15,113.2,641.49,387.38,254.11,39.61,0,,4,3
ORD12168,CUST1229,2024-06-09,June,Q2,Electronics,Headphones,Bangalore,Email,Net Banking,1,18493.68,10,1849.37,16644.31,11830.16,4814.15,28.92,0,,4,6
ORD12169,CUST3507,2024-06-10,June,Q2,Beauty,Haircare,Delhi,Social Media,COD,1,1471.39,5,73.57,1397.82,786.31,611.52,43.75,0,,5,8
ORD12170,CUST3655,2024-06-10,June,Q2,Fashion,Womens Clothing,Delhi,Paid Ads,Debit Card,1,1250.47,10,125.05,1125.42,817.87,307.55,27.33,1,Size Issue,4,7
ORD12171,CUST2143,2024-06-10,June,Q2,Beauty,Skincare,Bangalore,Paid Ads,Debit Card,1,1372.15,10,137.22,1234.94,636.97,597.97,48.42,0,,1,5
ORD12172,CUST1328,2024-06-10,June,Q2,Electronics,Tablet,Kolkata,Direct,Credit Card,1,62413.22,10,6241.32,56171.9,33269.02,22902.87,40.77,0,,4,6
ORD12173,CUST2200,2024-06-10,June,Q2,Electronics,Laptop,Delhi,Organic Search,Credit Card,1,58353.64,0,0.0,58353.64,27635.7,30717.94,52.64,0,,3,4
ORD12174,CUST3579,2024-06-10,June,Q2,Books,Academic,Chennai,Referral,Credit Card,1,455.41,25,113.85,341.56,214.65,126.91,37.16,0,,2,2
ORD12175,CUST3484,2024-06-10,June,Q2,Fashion,Accessories,Mumbai,Social Media,Credit Card,2,954.48,15,286.34,1622.62,1173.24,449.37,27.69,0,,3,7
ORD12176,CUST1299,2024-06-10,June,Q2,Sports,Fitness Equipment,Bangalore,Social Media,UPI,2,8759.86,15,2627.96,14891.76,9571.61,5320.15,35.73,0,,4,4
ORD12177,CUST2316,2024-06-10,June,Q2,Fashion,Footwear,Ahmedabad,Organic Search,Debit Card,1,4252.36,25,1063.09,3189.27,2840.02,349.25,10.95,0,,1,6
ORD12178,CUST1222,2024-06-10,June,Q2,Beauty,Fragrance,Pune,Social Media,Debit Card,1,267.01,0,0.0,267.01,154.63,112.38,42.09,0,,5,10
ORD12179,CUST2856,2024-06-10,June,Q2,Beauty,Skincare,Delhi,Paid Ads,UPI,3,667.42,0,0.0,2002.26,1048.86,953.4,47.62,0,,4,2
ORD12180,CUST2670,2024-06-10,June,Q2,Home & Kitchen,Appliances,Bangalore,Organic Search,COD,1,1836.81,20,367.36,1469.45,1157.6,311.85,21.22,0,,3,2
ORD12181,CUST1725,2024-06-10,June,Q2,Fashion,Womens Clothing,Delhi,Organic Search,Net Banking,4,2817.04,30,3380.45,7887.71,6828.55,1059.16,13.43,1,Not as Described,4,6
ORD12182,CUST3578,2024-06-11,June,Q2,Fashion,Womens Clothing,Bangalore,Direct,UPI,1,2881.89,10,288.19,2593.7,1872.94,720.76,27.79,0,,5,8
ORD12183,CUST3137,2024-06-11,June,Q2,Electronics,Mobile,Pune,Social Media,UPI,1,34108.56,0,0.0,34108.56,20836.82,13271.74,38.91,0,,4,1
ORD12184,CUST1802,2024-06-11,June,Q2,Fashion,Womens Clothing,Pune,Paid Ads,Debit Card,2,2400.61,15,720.18,4081.04,2361.02,1720.02,42.15,1,Wrong Item,3,10
ORD12185,CUST3385,2024-06-11,June,Q2,Beauty,Skincare,Delhi,Organic Search,Credit Card,3,556.87,0,0.0,1670.61,1031.73,638.88,38.24,0,,2,7
ORD12186,CUST2815,2024-06-11,June,Q2,Toys,Board Games,Kolkata,Email,Credit Card,1,2181.71,10,218.17,1963.54,1195.33,768.21,39.12,0,,5,6
ORD12187,CUST3629,2024-06-11,June,Q2,Books,Children,Hyderabad,Email,Debit Card,1,306.93,0,0.0,306.93,173.66,133.27,43.42,0,,3,5
ORD12188,CUST2684,2024-06-11,June,Q2,Sports,Outdoor,Delhi,Social Media,Net Banking,1,3287.22,25,821.8,2465.42,2236.6,228.82,9.28,0,,1,10
ORD12189,CUST3568,2024-06-11,June,Q2,Sports,Fitness Equipment,Bangalore,Social Media,Credit Card,4,3699.68,10,1479.87,13318.85,7991.18,5327.67,40.0,0,,4,8
ORD12190,CUST1588,2024-06-11,June,Q2,Beauty,Makeup,Hyderabad,Paid Ads,Credit Card,2,2509.2,20,1003.68,4014.72,3026.04,988.68,24.63,0,,3,1
ORD12191,CUST1206,2024-06-11,June,Q2,Fashion,Accessories,Hyderabad,Social Media,Credit Card,1,2014.88,0,0.0,2014.88,1089.79,925.09,45.91,1,Not as Described,5,5
ORD12192,CUST3989,2024-06-11,June,Q2,Books,Children,Bangalore,Organic Search,UPI,1,545.69,5,27.28,518.41,258.48,259.92,50.14,0,,5,6
ORD12193,CUST2508,2024-06-12,June,Q2,Beauty,Skincare,Bangalore,Referral,Debit Card,1,501.76,25,125.44,376.32,282.68,93.64,24.88,0,,4,4
ORD12194,CUST1903,2024-06-12,June,Q2,Home & Kitchen,Cookware,Mumbai,Social Media,UPI,1,11054.95,0,0.0,11054.95,6624.85,4430.1,40.07,0,,5,10
ORD12195,CUST3611,2024-06-12,June,Q2,Electronics,Headphones,Pune,Paid Ads,Credit Card,1,10531.44,10,1053.14,9478.3,5812.05,3666.25,38.68,0,,4,11
ORD12196,CUST2146,2024-06-12,June,Q2,Fashion,Mens Clothing,Hyderabad,Paid Ads,Debit Card,2,4643.26,5,464.33,8822.19,5085.92,3736.28,42.35,1,Changed Mind,5,10
ORD12197,CUST2106,2024-06-12,June,Q2,Home & Kitchen,Decor,Mumbai,Email,Credit Card,1,14288.85,15,2143.33,12145.52,9360.55,2784.97,22.93,0,,4,2
ORD12198,CUST1068,2024-06-12,June,Q2,Books,Fiction,Pune,Organic Search,UPI,1,741.94,0,0.0,741.94,339.38,402.56,54.26,0,,1,8
ORD12199,CUST3028,2024-06-12,June,Q2,Home & Kitchen,Appliances,Ahmedabad,Paid Ads,Credit Card,2,9757.81,5,975.78,18539.84,10224.16,8315.68,44.85,0,,5,5
ORD12200,CUST2804,2024-06-12,June,Q2,Fashion,Mens Clothing,Ahmedabad,Social Media,UPI,1,3833.14,15,574.97,3258.17,2502.81,755.36,23.18,0,,5,10
ORD12201,CUST2813,2024-06-12,June,Q2,Toys,Board Games,Delhi,Paid Ads,UPI,1,1476.36,5,73.82,1402.54,1004.12,398.42,28.41,0,,5,6
ORD12202,CUST3452,2024-06-12,June,Q2,Electronics,Camera,Mumbai,Email,UPI,1,61824.5,0,0.0,61824.5,34193.58,27630.92,44.69,1,Changed Mind,5,9
ORD12203,CUST2153,2024-06-12,June,Q2,Fashion,Accessories,Bangalore,Organic Search,Debit Card,1,3650.51,15,547.58,3102.93,2453.87,649.07,20.92,0,,4,2
ORD12204,CUST2600,2024-06-12,June,Q2,Electronics,Camera,Mumbai,Email,Debit Card,3,60008.24,10,18002.47,162022.25,89964.21,72058.04,44.47,0,,3,5
ORD12205,CUST1664,2024-06-12,June,Q2,Beauty,Haircare,Ahmedabad,Organic Search,Credit Card,2,2226.38,0,0.0,4452.76,2250.23,2202.53,49.46,0,,3,1
ORD12206,CUST1238,2024-06-12,June,Q2,Books,Non-Fiction,Mumbai,Organic Search,UPI,1,533.21,10,53.32,479.89,352.74,127.15,26.49,0,,3,3
ORD12207,CUST3925,2024-06-12,June,Q2,Fashion,Mens Clothing,Delhi,Direct,UPI,1,4190.48,25,1047.62,3142.86,2831.99,310.87,9.89,0,,3,6
ORD12208,CUST2839,2024-06-12,June,Q2,Books,Fiction,Bangalore,Social Media,UPI,1,481.09,0,0.0,481.09,243.29,237.8,49.43,0,,4,8
ORD12209,CUST1572,2024-06-12,June,Q2,Fashion,Womens Clothing,Bangalore,Paid Ads,UPI,2,1185.15,10,237.03,2133.27,1101.79,1031.48,48.35,0,,4,5
ORD12210,CUST3973,2024-06-13,June,Q2,Books,Children,Pune,Organic Search,COD,1,155.06,15,23.26,131.8,73.28,58.52,44.4,1,Late Delivery,4,4
ORD12211,CUST2651,2024-06-13,June,Q2,Sports,Sportswear,Bangalore,Social Media,UPI,1,6133.96,0,0.0,6133.96,3161.11,2972.85,48.47,0,,4,5
ORD12212,CUST2686,2024-06-13,June,Q2,Sports,Fitness Equipment,Mumbai,Social Media,Credit Card,1,6902.12,0,0.0,6902.12,4419.86,2482.26,35.96,0,,4,4
ORD12213,CUST3750,2024-06-13,June,Q2,Electronics,Tablet,Delhi,Referral,UPI,1,39014.54,10,3901.45,35113.09,22530.82,12582.27,35.83,0,,4,2
ORD12214,CUST1532,2024-06-13,June,Q2,Toys,Action Figures,Bangalore,Referral,Credit Card,2,1165.18,15,349.55,1980.81,1314.08,666.72,33.66,0,,5,1
ORD12215,CUST3442,2024-06-13,June,Q2,Beauty,Haircare,Mumbai,Social Media,UPI,3,694.82,0,0.0,2084.46,1242.41,842.05,40.4,0,,4,8
ORD12216,CUST1561,2024-06-13,June,Q2,Fashion,Womens Clothing,Hyderabad,Paid Ads,Debit Card,4,3751.4,20,3001.12,12004.48,10092.1,1912.38,15.93,0,,2,1
ORD12217,CUST2411,2024-06-13,June,Q2,Sports,Fitness Equipment,Hyderabad,Paid Ads,Credit Card,1,3153.35,15,473.0,2680.35,1490.3,1190.05,44.4,0,,4,2
ORD12218,CUST1079,2024-06-13,June,Q2,Fashion,Womens Clothing,Chennai,Social Media,COD,2,3978.53,5,397.85,7559.21,4962.67,2596.54,34.35,0,,5,5
ORD12219,CUST3275,2024-06-13,June,Q2,Books,Fiction,Ahmedabad,Organic Search,UPI,2,300.97,10,60.19,541.75,410.34,131.4,24.26,0,,4,8
ORD12220,CUST1377,2024-06-13,June,Q2,Electronics,Headphones,Kolkata,Paid Ads,Debit Card,4,41997.01,30,50396.41,117591.63,84554.68,33036.95,28.09,0,,5,10
ORD12221,CUST3015,2024-06-13,June,Q2,Beauty,Skincare,Ahmedabad,Organic Search,Credit Card,1,335.21,0,0.0,335.21,221.05,114.16,34.06,0,,2,3
ORD12222,CUST3969,2024-06-13,June,Q2,Home & Kitchen,Appliances,Delhi,Organic Search,UPI,2,8151.02,10,1630.2,14671.84,10180.72,4491.11,30.61,0,,3,11
ORD12223,CUST3561,2024-06-13,June,Q2,Electronics,Camera,Mumbai,Organic Search,Net Banking,1,44389.52,10,4438.95,39950.57,20135.85,19814.72,49.6,0,,3,11
ORD12224,CUST2942,2024-06-13,June,Q2,Fashion,Womens Clothing,Delhi,Paid Ads,UPI,2,2787.03,0,0.0,5574.06,2831.08,2742.98,49.21,0,,5,9
ORD12225,CUST2574,2024-06-14,June,Q2,Electronics,Camera,Kolkata,Email,Net Banking,1,74603.27,0,0.0,74603.27,44870.97,29732.3,39.85,0,,4,6
ORD12226,CUST1195,2024-06-14,June,Q2,Home & Kitchen,Cookware,Ahmedabad,Paid Ads,Credit Card,2,4850.65,0,0.0,9701.3,5584.07,4117.23,42.44,0,,3,11
ORD12227,CUST1659,2024-06-14,June,Q2,Fashion,Mens Clothing,Kolkata,Paid Ads,UPI,3,2228.3,5,334.24,6350.66,3890.51,2460.15,38.74,0,,3,3
ORD12228,CUST3315,2024-06-14,June,Q2,Home & Kitchen,Cookware,Mumbai,Organic Search,UPI,1,11553.66,0,0.0,11553.66,5869.06,5684.6,49.2,0,,4,10
ORD12229,CUST3864,2024-06-14,June,Q2,Fashion,Accessories,Ahmedabad,Social Media,UPI,1,4790.81,20,958.16,3832.65,2964.32,868.33,22.66,0,,5,7
ORD12230,CUST3464,2024-06-14,June,Q2,Fashion,Womens Clothing,Bangalore,Organic Search,Credit Card,1,688.7,30,206.61,482.09,355.79,126.3,26.2,0,,4,7
ORD12231,CUST1273,2024-06-14,June,Q2,Beauty,Skincare,Mumbai,Social Media,UPI,1,2846.15,0,0.0,2846.15,1557.87,1288.28,45.26,0,,3,7
ORD12232,CUST2079,2024-06-14,June,Q2,Electronics,Laptop,Bangalore,Referral,UPI,1,71178.81,5,3558.94,67619.87,38595.21,29024.66,42.92,0,,4,4
ORD12233,CUST1093,2024-06-14,June,Q2,Books,Children,Mumbai,Organic Search,UPI,1,625.14,0,0.0,625.14,386.34,238.8,38.2,0,,4,6
ORD12234,CUST2627,2024-06-14,June,Q2,Books,Academic,Hyderabad,Organic Search,UPI,3,429.85,0,0.0,1289.55,609.39,680.16,52.74,0,,4,3
ORD12235,CUST3146,2024-06-14,June,Q2,Beauty,Fragrance,Delhi,Paid Ads,UPI,1,979.12,5,48.96,930.16,490.92,439.25,47.22,0,,4,4
ORD12236,CUST3763,2024-06-14,June,Q2,Home & Kitchen,Decor,Bangalore,Referral,UPI,2,13290.09,5,1329.01,25251.17,13293.39,11957.78,47.36,0,,4,3
ORD12237,CUST3185,2024-06-15,June,Q2,Books,Fiction,Hyderabad,Email,Credit Card,3,354.34,25,265.76,797.26,507.17,290.09,36.39,0,,5,3
ORD12238,CUST2076,2024-06-15,June,Q2,Electronics,Camera,Kolkata,Direct,Debit Card,3,31050.92,5,4657.64,88495.12,46753.25,41741.87,47.17,0,,3,1
ORD12239,CUST1275,2024-06-15,June,Q2,Electronics,Camera,Chennai,Paid Ads,UPI,2,17419.44,10,3483.89,31354.99,20964.82,10390.17,33.14,0,,5,5
ORD12240,CUST1799,2024-06-15,June,Q2,Fashion,Womens Clothing,Bangalore,Referral,Net Banking,1,1795.29,0,0.0,1795.29,1136.49,658.8,36.7,0,,5,3
ORD12241,CUST1812,2024-06-15,June,Q2,Sports,Outdoor,Pune,Organic Search,Credit Card,3,5123.04,0,0.0,15369.12,9453.17,5915.95,38.49,0,,4,1
ORD12242,CUST1830,2024-06-15,June,Q2,Electronics,Laptop,Kolkata,Organic Search,UPI,1,21772.5,20,4354.5,17418.0,12384.13,5033.87,28.9,1,Damaged Product,2,9
ORD12243,CUST2859,2024-06-15,June,Q2,Home & Kitchen,Cookware,Mumbai,Direct,Debit Card,4,3204.35,0,0.0,12817.4,5935.85,6881.55,53.69,0,,5,11
ORD12244,CUST1950,2024-06-15,June,Q2,Toys,Board Games,Bangalore,Referral,Credit Card,2,2835.85,30,1701.51,3970.19,3912.07,58.12,1.46,0,,5,4
ORD12245,CUST1365,2024-06-15,June,Q2,Books,Academic,Delhi,Organic Search,UPI,2,318.63,0,0.0,637.26,313.54,323.72,50.8,0,,3,9
ORD12246,CUST1543,2024-06-15,June,Q2,Home & Kitchen,Cookware,Mumbai,Organic Search,UPI,1,9407.62,10,940.76,8466.86,5805.49,2661.37,31.43,0,,4,2
ORD12247,CUST2286,2024-06-15,June,Q2,Electronics,Mobile,Chennai,Organic Search,Credit Card,2,12958.96,30,7775.38,18142.54,17578.12,564.42,3.11,0,,4,2
ORD12248,CUST2465,2024-06-15,June,Q2,Sports,Outdoor,Kolkata,Organic Search,UPI,3,2700.91,0,0.0,8102.73,5059.7,3043.03,37.56,0,,3,4
ORD12249,CUST3928,2024-06-16,June,Q2,Home & Kitchen,Furniture,Mumbai,Organic Search,COD,3,4756.53,5,713.48,13556.11,7199.19,6356.93,46.89,0,,5,4
ORD12250,CUST1701,2024-06-16,June,Q2,Electronics,Tablet,Pune,Referral,Net Banking,1,12198.2,15,1829.73,10368.47,6452.23,3916.24,37.77,0,,4,5
ORD12251,CUST1829,2024-06-16,June,Q2,Electronics,Laptop,Kolkata,Social Media,Credit Card,4,46412.26,0,0.0,185649.04,84943.99,100705.05,54.24,0,,5,11
ORD12252,CUST2412,2024-06-16,June,Q2,Books,Academic,Kolkata,Email,UPI,1,480.65,15,72.1,408.55,289.92,118.63,29.04,0,,4,1
ORD12253,CUST2643,2024-06-16,June,Q2,Beauty,Haircare,Delhi,Email,Debit Card,2,672.79,0,0.0,1345.58,811.72,533.86,39.68,0,,4,5
ORD12254,CUST1445,2024-06-16,June,Q2,Sports,Outdoor,Kolkata,Social Media,Debit Card,2,6184.72,0,0.0,12369.44,7809.76,4559.68,36.86,0,,4,10
ORD12255,CUST2913,2024-06-16,June,Q2,Books,Non-Fiction,Delhi,Email,UPI,1,175.83,0,0.0,175.83,79.61,96.22,54.73,0,,3,2
ORD12256,CUST3231,2024-06-16,June,Q2,Home & Kitchen,Cookware,Hyderabad,Social Media,UPI,1,13447.15,25,3361.79,10085.36,8800.63,1284.74,12.74,0,,5,5
ORD12257,CUST1324,2024-06-16,June,Q2,Home & Kitchen,Furniture,Mumbai,Paid Ads,Credit Card,2,8438.41,0,0.0,16876.82,10711.34,6165.48,36.53,1,Damaged Product,4,10
ORD12258,CUST2901,2024-06-16,June,Q2,Fashion,Mens Clothing,Mumbai,Social Media,Net Banking,1,1378.1,0,0.0,1378.1,668.68,709.42,51.48,0,,5,10
ORD12259,CUST1043,2024-06-16,June,Q2,Fashion,Accessories,Chennai,Social Media,COD,1,2697.65,10,269.76,2427.89,1448.39,979.5,40.34,0,,5,6
ORD12260,CUST1839,2024-06-16,June,Q2,Fashion,Womens Clothing,Bangalore,Direct,UPI,2,4200.79,5,420.08,7981.5,5121.87,2859.64,35.83,0,,4,3
ORD12261,CUST1672,2024-06-16,June,Q2,Sports,Fitness Equipment,Delhi,Referral,UPI,3,4010.64,5,601.6,11430.32,6905.71,4524.61,39.58,0,,3,4
ORD12262,CUST3777,2024-06-16,June,Q2,Home & Kitchen,Appliances,Mumbai,Paid Ads,Debit Card,2,4802.09,0,0.0,9604.18,4598.23,5005.95,52.12,0,,5,5
ORD12263,CUST1416,2024-06-16,June,Q2,Books,Fiction,Chennai,Email,UPI,1,766.12,15,114.92,651.2,361.48,289.72,44.49,0,,4,6
ORD12264,CUST1321,2024-06-16,June,Q2,Fashion,Mens Clothing,Mumbai,Organic Search,Debit Card,1,2419.26,10,241.93,2177.33,1561.3,616.03,28.29,0,,5,9
ORD12265,CUST3469,2024-06-16,June,Q2,Home & Kitchen,Cookware,Pune,Email,COD,2,7116.51,5,711.65,13521.37,6959.83,6561.54,48.53,0,,4,9
ORD12266,CUST1669,2024-06-17,June,Q2,Beauty,Haircare,Mumbai,Paid Ads,Credit Card,2,553.3,0,0.0,1106.6,545.58,561.02,50.7,0,,3,6
ORD12267,CUST1001,2024-06-17,June,Q2,Home & Kitchen,Cookware,Mumbai,Organic Search,Debit Card,2,7244.66,10,1448.93,13040.39,9530.07,3510.32,26.92,0,,5,1
ORD12268,CUST2555,2024-06-17,June,Q2,Beauty,Makeup,Bangalore,Paid Ads,UPI,3,2770.39,15,1246.68,7064.49,5011.93,2052.57,29.05,0,,5,6
ORD12269,CUST1461,2024-06-17,June,Q2,Fashion,Accessories,Bangalore,Social Media,Debit Card,1,3723.13,5,186.16,3536.97,2238.27,1298.71,36.72,0,,5,10
ORD12270,CUST1896,2024-06-17,June,Q2,Home & Kitchen,Appliances,Delhi,Organic Search,Debit Card,1,13852.41,0,0.0,13852.41,7893.61,5958.8,43.02,0,,2,3
ORD12271,CUST2728,2024-06-17,June,Q2,Electronics,Laptop,Delhi,Referral,UPI,4,13995.54,0,0.0,55982.16,33155.36,22826.8,40.78,1,Size Issue,5,5
ORD12272,CUST1974,2024-06-17,June,Q2,Fashion,Womens Clothing,Ahmedabad,Organic Search,COD,1,4499.96,15,674.99,3824.97,2701.97,1123.0,29.36,1,Size Issue,4,5
ORD12273,CUST3102,2024-06-17,June,Q2,Home & Kitchen,Furniture,Hyderabad,Referral,UPI,2,7804.23,30,4682.54,10925.92,10800.38,125.55,1.15,0,,4,10
ORD12274,CUST3742,2024-06-17,June,Q2,Beauty,Makeup,Mumbai,Email,Debit Card,4,443.22,0,0.0,1772.88,896.62,876.26,49.43,0,,5,4
ORD12275,CUST2301,2024-06-17,June,Q2,Toys,Dolls,Bangalore,Paid Ads,Credit Card,4,669.41,5,133.88,2543.76,1348.57,1195.19,46.99,0,,4,3
ORD12276,CUST1542,2024-06-17,June,Q2,Home & Kitchen,Appliances,Kolkata,Paid Ads,Debit Card,2,4754.04,0,0.0,9508.08,4414.65,5093.43,53.57,0,,3,1
ORD12277,CUST2915,2024-06-18,June,Q2,Beauty,Haircare,Delhi,Email,UPI,1,2072.4,5,103.62,1968.78,1273.59,695.19,35.31,0,,4,7
ORD12278,CUST3030,2024-06-18,June,Q2,Home & Kitchen,Furniture,Mumbai,Social Media,UPI,5,14551.84,5,3637.96,69121.24,42728.61,26392.63,38.18,1,Damaged Product,4,8
ORD12279,CUST3236,2024-06-18,June,Q2,Beauty,Skincare,Chennai,Social Media,Credit Card,2,2450.2,25,1225.1,3675.3,2341.46,1333.84,36.29,0,,5,5
ORD12280,CUST3348,2024-06-18,June,Q2,Electronics,Camera,Hyderabad,Paid Ads,Credit Card,1,60820.82,0,0.0,60820.82,32912.26,27908.56,45.89,0,,3,8
ORD12281,CUST2412,2024-06-18,June,Q2,Fashion,Womens Clothing,Hyderabad,Paid Ads,Debit Card,2,1500.99,15,450.3,2551.68,1484.98,1066.71,41.8,0,,5,4
ORD12282,CUST2540,2024-06-18,June,Q2,Fashion,Accessories,Mumbai,Referral,Debit Card,1,834.58,5,41.73,792.85,444.72,348.13,43.91,0,,5,8
ORD12283,CUST1496,2024-06-18,June,Q2,Home & Kitchen,Cookware,Mumbai,Organic Search,Debit Card,3,3025.53,20,1815.32,7261.27,6243.02,1018.25,14.02,0,,2,3
ORD12284,CUST1779,2024-06-18,June,Q2,Electronics,Headphones,Hyderabad,Paid Ads,UPI,1,30150.29,10,3015.03,27135.26,18718.2,8417.07,31.02,0,,1,8
ORD12285,CUST1893,2024-06-18,June,Q2,Electronics,Headphones,Delhi,Paid Ads,Debit Card,3,39009.8,0,0.0,117029.4,52884.68,64144.72,54.81,0,,4,6
ORD12286,CUST2832,2024-06-18,June,Q2,Fashion,Accessories,Bangalore,Email,UPI,3,3809.85,25,2857.39,8572.16,5864.81,2707.35,31.58,0,,5,9
ORD12287,CUST1304,2024-06-18,June,Q2,Toys,Action Figures,Hyderabad,Email,UPI,3,2114.62,0,0.0,6343.86,2871.17,3472.69,54.74,0,,4,5
ORD12288,CUST3735,2024-06-18,June,Q2,Fashion,Womens Clothing,Delhi,Paid Ads,Credit Card,2,833.4,10,166.68,1500.12,1047.95,452.17,30.14,0,,5,1
ORD12289,CUST3233,2024-06-18,June,Q2,Home & Kitchen,Furniture,Ahmedabad,Organic Search,UPI,3,10568.71,20,6341.23,25364.9,17988.65,7376.26,29.08,0,,4,8
ORD12290,CUST2215,2024-06-18,June,Q2,Electronics,Mobile,Pune,Organic Search,UPI,1,71920.44,0,0.0,71920.44,50236.76,21683.68,30.15,1,Size Issue,4,11
ORD12291,CUST2257,2024-06-18,June,Q2,Home & Kitchen,Cookware,Chennai,Paid Ads,Debit Card,1,1344.67,10,134.47,1210.2,851.71,358.49,29.62,0,,1,3
ORD12292,CUST2083,2024-06-18,June,Q2,Fashion,Footwear,Mumbai,Paid Ads,COD,3,951.97,20,571.18,2284.73,1654.94,629.79,27.57,1,Late Delivery,2,11
ORD12293,CUST3427,2024-06-18,June,Q2,Fashion,Womens Clothing,Mumbai,Referral,Credit Card,1,3672.97,30,1101.89,2571.08,2391.75,179.33,6.97,1,Damaged Product,5,5
ORD12294,CUST1201,2024-06-18,June,Q2,Home & Kitchen,Appliances,Bangalore,Paid Ads,COD,1,8202.41,15,1230.36,6972.05,5136.36,1835.69,26.33,0,,5,2
ORD12295,CUST3973,2024-06-18,June,Q2,Electronics,Laptop,Mumbai,Organic Search,UPI,1,19279.9,0,0.0,19279.9,9850.95,9428.95,48.91,0,,4,7
ORD12296,CUST1690,2024-06-18,June,Q2,Electronics,Headphones,Ahmedabad,Direct,UPI,1,46862.77,15,7029.42,39833.35,27300.59,12532.77,31.46,0,,4,5
ORD12297,CUST3370,2024-06-18,June,Q2,Fashion,Mens Clothing,Mumbai,Paid Ads,COD,2,4269.36,15,1280.81,7257.91,5029.3,2228.61,30.71,0,,4,7
ORD12298,CUST2323,2024-06-18,June,Q2,Electronics,Laptop,Bangalore,Social Media,COD,2,51956.06,15,15586.82,88325.3,58482.56,29842.74,33.79,1,Wrong Item,2,7
ORD12299,CUST1195,2024-06-19,June,Q2,Electronics,Mobile,Delhi,Organic Search,UPI,1,76188.69,20,15237.74,60950.95,37698.02,23252.93,38.15,0,,4,5
ORD12300,CUST1576,2024-06-19,June,Q2,Fashion,Womens Clothing,Hyderabad,Paid Ads,UPI,3,3322.78,0,0.0,9968.34,5042.41,4925.93,49.42,0,,4,5
ORD12301,CUST2620,2024-06-19,June,Q2,Sports,Sportswear,Mumbai,Referral,Debit Card,1,2836.18,0,0.0,2836.18,1475.56,1360.62,47.97,0,,4,9
ORD12302,CUST2204,2024-06-19,June,Q2,Home & Kitchen,Appliances,Bangalore,Social Media,UPI,2,9126.08,10,1825.22,16426.94,8260.27,8166.68,49.72,0,,4,3
ORD12303,CUST3090,2024-06-19,June,Q2,Home & Kitchen,Appliances,Delhi,Paid Ads,Credit Card,1,13184.03,25,3296.01,9888.02,8955.07,932.96,9.44,0,,5,8
ORD12304,CUST1176,2024-06-19,June,Q2,Fashion,Womens Clothing,Kolkata,Social Media,Credit Card,2,1490.94,10,298.19,2683.69,1853.31,830.38,30.94,0,,4,1
ORD12305,CUST1387,2024-06-19,June,Q2,Toys,Board Games,Mumbai,Direct,COD,1,828.33,30,248.5,579.83,515.56,64.27,11.09,0,,4,4
ORD12306,CUST2766,2024-06-19,June,Q2,Fashion,Mens Clothing,Kolkata,Organic Search,Credit Card,1,2615.52,25,653.88,1961.64,1551.22,410.42,20.92,1,Damaged Product,4,2
ORD12307,CUST2128,2024-06-19,June,Q2,Electronics,Mobile,Pune,Social Media,Credit Card,3,41338.04,25,31003.53,93010.59,77177.42,15833.17,17.02,0,,5,3
ORD12308,CUST2166,2024-06-19,June,Q2,Home & Kitchen,Decor,Delhi,Referral,UPI,1,3456.89,25,864.22,2592.67,2404.15,188.52,7.27,0,,4,11
ORD12309,CUST1216,2024-06-19,June,Q2,Electronics,Headphones,Pune,Organic Search,Credit Card,5,42254.48,20,42254.48,169017.92,115416.02,53601.9,31.71,0,,3,6
ORD12310,CUST1968,2024-06-19,June,Q2,Fashion,Womens Clothing,Mumbai,Email,Debit Card,2,1093.06,20,437.22,1748.9,1373.17,375.73,21.48,0,,5,4
ORD12311,CUST2850,2024-06-20,June,Q2,Home & Kitchen,Appliances,Ahmedabad,Social Media,UPI,1,9813.77,15,1472.07,8341.7,5298.28,3043.42,36.48,0,,4,1
ORD12312,CUST1839,2024-06-20,June,Q2,Books,Academic,Bangalore,Social Media,UPI,2,207.66,0,0.0,415.32,275.59,139.73,33.64,0,,2,5
ORD12313,CUST3793,2024-06-20,June,Q2,Home & Kitchen,Decor,Delhi,Paid Ads,UPI,1,8131.55,0,0.0,8131.55,5403.47,2728.08,33.55,0,,4,3
ORD12314,CUST2024,2024-06-20,June,Q2,Beauty,Fragrance,Delhi,Paid Ads,UPI,1,2225.19,0,0.0,2225.19,1503.26,721.93,32.44,0,,5,2
ORD12315,CUST1416,2024-06-20,June,Q2,Toys,Action Figures,Mumbai,Social Media,UPI,5,878.31,0,0.0,4391.55,1982.2,2409.35,54.86,0,,4,4
ORD12316,CUST2631,2024-06-20,June,Q2,Electronics,Mobile,Ahmedabad,Organic Search,UPI,1,37573.91,0,0.0,37573.91,19709.31,17864.6,47.55,0,,4,4
ORD12317,CUST2926,2024-06-20,June,Q2,Fashion,Mens Clothing,Mumbai,Paid Ads,UPI,2,2708.11,25,1354.06,4062.16,2618.64,1443.53,35.54,0,,3,3
ORD12318,CUST3188,2024-06-20,June,Q2,Fashion,Womens Clothing,Hyderabad,Organic Search,UPI,1,3250.48,15,487.57,2762.91,1831.63,931.27,33.71,1,Changed Mind,4,5
ORD12319,CUST1443,2024-06-20,June,Q2,Fashion,Womens Clothing,Bangalore,Organic Search,COD,2,3694.96,5,369.5,7020.42,4240.8,2779.63,39.59,1,Wrong Item,3,5
ORD12320,CUST1580,2024-06-20,June,Q2,Fashion,Mens Clothing,Ahmedabad,Referral,Debit Card,1,674.66,15,101.2,573.46,346.76,226.7,39.53,0,,4,8
ORD12321,CUST2897,2024-06-21,June,Q2,Books,Children,Delhi,Paid Ads,Debit Card,1,597.19,10,59.72,537.47,376.74,160.73,29.9,0,,4,10
ORD12322,CUST3046,2024-06-21,June,Q2,Beauty,Skincare,Bangalore,Referral,Credit Card,5,1917.46,0,0.0,9587.3,4960.88,4626.42,48.26,0,,4,7
ORD12323,CUST3733,2024-06-21,June,Q2,Home & Kitchen,Cookware,Bangalore,Organic Search,UPI,1,9760.57,20,1952.11,7808.46,6475.87,1332.58,17.07,0,,4,11
ORD12324,CUST3102,2024-06-21,June,Q2,Fashion,Womens Clothing,Chennai,Social Media,Credit Card,2,1556.22,5,155.62,2956.82,1538.84,1417.98,47.96,0,,4,9
ORD12325,CUST1697,2024-06-21,June,Q2,Sports,Sportswear,Mumbai,Organic Search,UPI,2,3812.69,15,1143.81,6481.57,4131.5,2350.07,36.26,0,,4,7
ORD12326,CUST1764,2024-06-21,June,Q2,Toys,Dolls,Mumbai,Email,COD,2,1732.25,0,0.0,3464.5,2097.96,1366.54,39.44,0,,3,2
ORD12327,CUST1307,2024-06-21,June,Q2,Sports,Sportswear,Delhi,Email,UPI,2,9566.18,10,1913.24,17219.12,11504.93,5714.19,33.19,0,,3,3
ORD12328,CUST1057,2024-06-21,June,Q2,Electronics,Camera,Chennai,Organic Search,Debit Card,1,70841.72,20,14168.34,56673.38,33260.7,23412.67,41.31,0,,3,6
ORD12329,CUST1661,2024-06-21,June,Q2,Beauty,Makeup,Mumbai,Direct,UPI,1,2553.94,0,0.0,2553.94,1689.6,864.34,33.84,0,,5,1
ORD12330,CUST3617,2024-06-21,June,Q2,Electronics,Tablet,Hyderabad,Organic Search,Debit Card,3,70627.93,30,63565.14,148318.65,127027.77,21290.88,14.35,0,,5,8
ORD12331,CUST1377,2024-06-21,June,Q2,Fashion,Womens Clothing,Delhi,Social Media,UPI,3,3505.89,0,0.0,10517.67,7020.18,3497.49,33.25,0,,5,7
ORD12332,CUST3013,2024-06-21,June,Q2,Electronics,Headphones,Kolkata,Referral,UPI,1,41766.65,10,4176.66,37589.98,27854.55,9735.43,25.9,0,,4,6
ORD12333,CUST3412,2024-06-21,June,Q2,Home & Kitchen,Furniture,Ahmedabad,Direct,Credit Card,1,9746.39,25,2436.6,7309.79,5716.06,1593.73,21.8,0,,4,5
ORD12334,CUST3196,2024-06-21,June,Q2,Beauty,Skincare,Bangalore,Referral,COD,2,1873.96,25,936.98,2810.94,2539.95,270.99,9.64,0,,5,10
ORD12335,CUST1747,2024-06-22,June,Q2,Electronics,Headphones,Delhi,Paid Ads,Credit Card,5,45756.0,0,0.0,228780.0,151475.68,77304.32,33.79,0,,4,5
ORD12336,CUST1419,2024-06-22,June,Q2,Fashion,Womens Clothing,Delhi,Organic Search,Net Banking,4,1829.38,0,0.0,7317.52,5045.65,2271.87,31.05,0,,1,8
ORD12337,CUST3573,2024-06-22,June,Q2,Home & Kitchen,Cookware,Mumbai,Organic Search,Credit Card,3,3908.81,15,1758.96,9967.47,7770.22,2197.24,22.04,0,,5,8
ORD12338,CUST1792,2024-06-22,June,Q2,Fashion,Womens Clothing,Delhi,Social Media,Debit Card,1,4833.14,0,0.0,4833.14,3167.16,1665.98,34.47,0,,2,3
ORD12339,CUST2069,2024-06-22,June,Q2,Electronics,Tablet,Hyderabad,Email,Credit Card,3,72261.38,10,21678.41,195105.73,122990.34,72115.39,36.96,0,,4,9
ORD12340,CUST3127,2024-06-22,June,Q2,Fashion,Womens Clothing,Bangalore,Organic Search,Credit Card,3,3937.71,15,1771.97,10041.16,5942.1,4099.06,40.82,0,,4,3
ORD12341,CUST2719,2024-06-22,June,Q2,Sports,Outdoor,Ahmedabad,Social Media,UPI,1,4486.14,10,448.61,4037.53,3040.15,997.37,24.7,1,Late Delivery,5,10
ORD12342,CUST1702,2024-06-22,June,Q2,Electronics,Laptop,Bangalore,Paid Ads,UPI,1,38537.97,0,0.0,38537.97,24303.48,14234.49,36.94,0,,5,8
ORD12343,CUST3345,2024-06-22,June,Q2,Electronics,Mobile,Chennai,Paid Ads,UPI,1,23554.72,10,2355.47,21199.25,12258.75,8940.5,42.17,0,,5,7
ORD12344,CUST3236,2024-06-22,June,Q2,Fashion,Accessories,Bangalore,Social Media,Debit Card,2,2411.89,25,1205.94,3617.84,2581.92,1035.91,28.63,0,,4,9
ORD12345,CUST2393,2024-06-22,June,Q2,Toys,Dolls,Bangalore,Paid Ads,Debit Card,1,775.72,10,77.57,698.15,482.13,216.02,30.94,0,,4,11
ORD12346,CUST3012,2024-06-22,June,Q2,Beauty,Skincare,Delhi,Email,UPI,1,2877.68,15,431.65,2446.03,1638.71,807.32,33.01,0,,2,9
ORD12347,CUST3995,2024-06-22,June,Q2,Beauty,Fragrance,Bangalore,Organic Search,Debit Card,1,2049.72,5,102.49,1947.23,964.13,983.11,50.49,0,,4,11
ORD12348,CUST3813,2024-06-23,June,Q2,Fashion,Womens Clothing,Bangalore,Email,UPI,1,2064.1,0,0.0,2064.1,1001.84,1062.26,51.46,0,,5,1
ORD12349,CUST3484,2024-06-23,June,Q2,Home & Kitchen,Furniture,Chennai,Organic Search,UPI,1,6452.87,0,0.0,6452.87,4106.69,2346.18,36.36,0,,4,1
ORD12350,CUST2793,2024-06-23,June,Q2,Electronics,Camera,Ahmedabad,Organic Search,Credit Card,2,14604.34,10,2920.87,26287.81,15543.18,10744.64,40.87,0,,2,3
ORD12351,CUST1957,2024-06-23,June,Q2,Beauty,Fragrance,Delhi,Social Media,UPI,1,2670.08,0,0.0,2670.08,1540.4,1129.68,42.31,0,,3,7
ORD12352,CUST2744,2024-06-23,June,Q2,Books,Non-Fiction,Mumbai,Direct,UPI,3,696.08,10,208.82,1879.42,1339.93,539.49,28.7,0,,4,3
ORD12353,CUST1948,2024-06-23,June,Q2,Home & Kitchen,Appliances,Bangalore,Organic Search,UPI,3,13068.93,15,5881.02,33325.77,25005.85,8319.92,24.97,0,,3,3
ORD12354,CUST3209,2024-06-23,June,Q2,Books,Academic,Hyderabad,Paid Ads,Credit Card,3,540.69,15,243.31,1378.76,797.66,581.1,42.15,0,,4,4
ORD12355,CUST1995,2024-06-23,June,Q2,Beauty,Haircare,Mumbai,Social Media,Debit Card,2,2124.22,0,0.0,4248.44,2016.3,2232.14,52.54,0,,4,8
ORD12356,CUST1470,2024-06-23,June,Q2,Electronics,Tablet,Pune,Organic Search,Debit Card,1,7172.19,15,1075.83,6096.36,4287.45,1808.91,29.67,0,,4,1
ORD12357,CUST3110,2024-06-23,June,Q2,Books,Non-Fiction,Ahmedabad,Email,Debit Card,1,324.15,15,48.62,275.53,205.97,69.56,25.25,0,,2,4
ORD12358,CUST1725,2024-06-23,June,Q2,Electronics,Headphones,Ahmedabad,Email,Credit Card,1,21132.96,0,0.0,21132.96,10297.25,10835.71,51.27,0,,5,4
ORD12359,CUST3226,2024-06-24,June,Q2,Home & Kitchen,Decor,Mumbai,Organic Search,COD,5,12884.03,0,0.0,64420.15,34979.42,29440.73,45.7,1,Not as Described,4,8
ORD12360,CUST3791,2024-06-24,June,Q2,Electronics,Laptop,Kolkata,Paid Ads,UPI,1,35675.44,10,3567.54,32107.9,23815.84,8292.06,25.83,0,,4,7
ORD12361,CUST2304,2024-06-24,June,Q2,Electronics,Headphones,Chennai,Email,UPI,2,47169.3,5,4716.93,89621.67,64721.54,24900.13,27.78,0,,4,4
ORD12362,CUST2672,2024-06-24,June,Q2,Fashion,Womens Clothing,Bangalore,Paid Ads,Credit Card,2,1954.36,0,0.0,3908.72,2202.63,1706.09,43.65,0,,4,8
ORD12363,CUST1119,2024-06-24,June,Q2,Fashion,Mens Clothing,Hyderabad,Social Media,COD,4,3537.45,0,0.0,14149.8,6648.69,7501.11,53.01,0,,5,11
ORD12364,CUST2386,2024-06-24,June,Q2,Home & Kitchen,Cookware,Pune,Organic Search,Credit Card,2,6639.45,0,0.0,13278.9,6830.99,6447.91,48.56,1,Late Delivery,5,3
ORD12365,CUST1937,2024-06-24,June,Q2,Home & Kitchen,Decor,Bangalore,Social Media,UPI,2,12288.23,25,6144.12,18432.34,12490.8,5941.54,32.23,0,,1,10
ORD12366,CUST3344,2024-06-24,June,Q2,Electronics,Laptop,Delhi,Organic Search,Net Banking,1,36889.95,15,5533.49,31356.46,18804.32,12552.14,40.03,1,Not as Described,2,7
ORD12367,CUST2841,2024-06-24,June,Q2,Electronics,Mobile,Bangalore,Direct,UPI,2,24552.45,10,4910.49,44194.41,28160.21,16034.2,36.28,0,,4,9
ORD12368,CUST1093,2024-06-24,June,Q2,Home & Kitchen,Appliances,Hyderabad,Paid Ads,Net Banking,1,1575.79,25,393.95,1181.84,938.87,242.98,20.56,0,,3,6
ORD12369,CUST3018,2024-06-24,June,Q2,Fashion,Accessories,Mumbai,Paid Ads,UPI,3,2684.77,10,805.43,7248.88,3871.12,3377.76,46.6,1,Changed Mind,5,4
ORD12370,CUST3878,2024-06-24,June,Q2,Beauty,Fragrance,Kolkata,Direct,Credit Card,1,813.05,15,121.96,691.09,546.65,144.45,20.9,0,,4,4
ORD12371,CUST3410,2024-06-25,June,Q2,Beauty,Haircare,Chennai,Organic Search,Credit Card,1,1981.55,0,0.0,1981.55,1198.82,782.73,39.5,0,,4,1
ORD12372,CUST3230,2024-06-25,June,Q2,Sports,Outdoor,Hyderabad,Paid Ads,Debit Card,3,933.47,10,280.04,2520.37,1678.32,842.05,33.41,0,,4,6
ORD12373,CUST3945,2024-06-25,June,Q2,Beauty,Haircare,Mumbai,Paid Ads,Credit Card,1,1453.38,0,0.0,1453.38,1012.74,440.64,30.32,0,,4,3
ORD12374,CUST3607,2024-06-25,June,Q2,Fashion,Footwear,Hyderabad,Paid Ads,UPI,3,1495.9,5,224.39,4263.32,2724.2,1539.12,36.1,0,,3,3
ORD12375,CUST2755,2024-06-25,June,Q2,Beauty,Haircare,Mumbai,Direct,Debit Card,3,2651.74,0,0.0,7955.22,5427.37,2527.85,31.78,0,,5,1
ORD12376,CUST2649,2024-06-25,June,Q2,Fashion,Womens Clothing,Mumbai,Email,COD,3,2912.06,0,0.0,8736.18,4556.48,4179.7,47.84,0,,1,7
ORD12377,CUST3788,2024-06-25,June,Q2,Fashion,Womens Clothing,Bangalore,Organic Search,Debit Card,1,4007.98,0,0.0,4007.98,2044.2,1963.78,49.0,0,,5,9
ORD12378,CUST1487,2024-06-25,June,Q2,Sports,Fitness Equipment,Bangalore,Email,UPI,1,1548.0,5,77.4,1470.6,896.49,574.11,39.04,0,,3,3
ORD12379,CUST2857,2024-06-25,June,Q2,Fashion,Accessories,Hyderabad,Social Media,Net Banking,3,4857.15,20,2914.29,11657.16,8409.94,3247.22,27.86,0,,5,7
ORD12380,CUST2959,2024-06-25,June,Q2,Sports,Sportswear,Mumbai,Direct,Credit Card,3,6302.14,5,945.32,17961.1,9578.39,8382.71,46.67,0,,1,9
ORD12381,CUST3867,2024-06-25,June,Q2,Sports,Outdoor,Bangalore,Paid Ads,UPI,1,1727.55,20,345.51,1382.04,1079.57,302.47,21.89,1,Size Issue,4,3
ORD12382,CUST1250,2024-06-25,June,Q2,Books,Non-Fiction,Mumbai,Social Media,UPI,1,500.85,15,75.13,425.72,229.09,196.63,46.19,0,,4,9
ORD12383,CUST2649,2024-06-25,June,Q2,Books,Children,Ahmedabad,Social Media,Credit Card,1,767.68,10,76.77,690.91,478.0,212.91,30.82,0,,2,11
ORD12384,CUST3033,2024-06-25,June,Q2,Fashion,Accessories,Hyderabad,Paid Ads,UPI,4,595.03,0,0.0,2380.12,1343.09,1037.03,43.57,0,,4,2
ORD12385,CUST1966,2024-06-25,June,Q2,Fashion,Footwear,Chennai,Paid Ads,Debit Card,1,2206.35,25,551.59,1654.76,1372.91,281.86,17.03,0,,4,3
ORD12386,CUST2659,2024-06-25,June,Q2,Home & Kitchen,Cookware,Delhi,Organic Search,UPI,1,11882.16,0,0.0,11882.16,6764.16,5118.0,43.07,0,,4,11
ORD12387,CUST3122,2024-06-25,June,Q2,Fashion,Accessories,Mumbai,Email,UPI,2,1999.8,15,599.94,3399.66,2777.06,622.6,18.31,0,,4,4
ORD12388,CUST1600,2024-06-25,June,Q2,Home & Kitchen,Furniture,Ahmedabad,Paid Ads,UPI,1,5808.35,10,580.84,5227.52,3099.75,2127.77,40.7,0,,5,7
ORD12389,CUST1063,2024-06-26,June,Q2,Beauty,Haircare,Delhi,Referral,UPI,4,2344.84,5,468.97,8910.39,6524.69,2385.7,26.77,0,,2,11
ORD12390,CUST2495,2024-06-26,June,Q2,Beauty,Makeup,Bangalore,Organic Search,Credit Card,1,377.7,0,0.0,377.7,176.1,201.6,53.38,0,,2,9
ORD12391,CUST1009,2024-06-26,June,Q2,Fashion,Accessories,Hyderabad,Social Media,UPI,1,721.47,5,36.07,685.4,447.99,237.41,34.64,0,,4,1
ORD12392,CUST2540,2024-06-26,June,Q2,Electronics,Camera,Mumbai,Referral,COD,1,20784.75,20,4156.95,16627.8,11713.35,4914.45,29.56,0,,5,9
ORD12393,CUST3214,2024-06-26,June,Q2,Fashion,Womens Clothing,Pune,Social Media,COD,1,2909.63,20,581.93,2327.7,1907.36,420.34,18.06,1,Wrong Item,5,10
ORD12394,CUST1588,2024-06-26,June,Q2,Electronics,Camera,Bangalore,Direct,UPI,1,78891.3,25,19722.82,59168.48,51074.54,8093.93,13.68,0,,4,5
ORD12395,CUST1345,2024-06-26,June,Q2,Books,Non-Fiction,Delhi,Direct,Debit Card,1,694.8,5,34.74,660.06,451.66,208.4,31.57,0,,5,4
ORD12396,CUST3698,2024-06-26,June,Q2,Fashion,Mens Clothing,Mumbai,Paid Ads,Net Banking,1,2279.87,5,113.99,2165.88,1079.94,1085.94,50.14,0,,5,11
ORD12397,CUST1700,2024-06-26,June,Q2,Electronics,Tablet,Mumbai,Social Media,Debit Card,3,58836.54,0,0.0,176509.62,115718.19,60791.43,34.44,0,,3,6
ORD12398,CUST1739,2024-06-26,June,Q2,Electronics,Mobile,Kolkata,Organic Search,UPI,1,26764.06,25,6691.02,20073.05,13475.97,6597.07,32.87,0,,3,10
ORD12399,CUST1917,2024-06-27,June,Q2,Beauty,Skincare,Chennai,Social Media,Credit Card,5,651.93,5,162.98,3096.67,1487.77,1608.9,51.96,1,Damaged Product,4,5
ORD12400,CUST3577,2024-06-27,June,Q2,Beauty,Fragrance,Delhi,Organic Search,Net Banking,2,1246.86,5,124.69,2369.03,1257.92,1111.12,46.9,0,,3,5
ORD12401,CUST2430,2024-06-27,June,Q2,Fashion,Mens Clothing,Mumbai,Email,UPI,1,2360.28,25,590.07,1770.21,1344.94,425.27,24.02,0,,4,5
ORD12402,CUST2343,2024-06-27,June,Q2,Electronics,Tablet,Chennai,Social Media,UPI,1,46471.34,10,4647.13,41824.21,29533.83,12290.38,29.39,1,Late Delivery,4,8
ORD12403,CUST3760,2024-06-27,June,Q2,Fashion,Accessories,Hyderabad,Paid Ads,Credit Card,1,1619.17,10,161.92,1457.25,817.13,640.13,43.93,0,,4,10
ORD12404,CUST1652,2024-06-27,June,Q2,Fashion,Accessories,Bangalore,Organic Search,UPI,1,561.38,0,0.0,561.38,268.48,292.9,52.17,0,,3,8
ORD12405,CUST1353,2024-06-27,June,Q2,Beauty,Skincare,Delhi,Referral,UPI,1,2567.35,10,256.74,2310.61,1569.91,740.7,32.06,1,Changed Mind,5,10
ORD12406,CUST2611,2024-06-27,June,Q2,Home & Kitchen,Appliances,Delhi,Organic Search,UPI,1,11522.73,25,2880.68,8642.05,8019.53,622.52,7.2,0,,4,4
ORD12407,CUST3780,2024-06-27,June,Q2,Fashion,Accessories,Chennai,Organic Search,Debit Card,2,2869.5,10,573.9,5165.1,3444.65,1720.45,33.31,0,,4,9
ORD12408,CUST3701,2024-06-27,June,Q2,Fashion,Womens Clothing,Ahmedabad,Organic Search,UPI,2,2756.75,0,0.0,5513.5,3433.61,2079.89,37.72,0,,5,8
ORD12409,CUST2499,2024-06-27,June,Q2,Toys,Action Figures,Mumbai,Referral,Credit Card,1,2436.63,0,0.0,2436.63,1438.32,998.31,40.97,0,,3,6
ORD12410,CUST1060,2024-06-28,June,Q2,Home & Kitchen,Cookware,Hyderabad,Referral,UPI,1,1400.45,5,70.02,1330.43,904.11,426.32,32.04,0,,4,2
ORD12411,CUST2372,2024-06-28,June,Q2,Beauty,Fragrance,Bangalore,Social Media,Credit Card,2,992.65,10,198.53,1786.77,1377.7,409.07,22.89,0,,4,9
ORD12412,CUST3208,2024-06-28,June,Q2,Electronics,Laptop,Bangalore,Direct,Debit Card,1,6818.33,0,0.0,6818.33,3995.76,2822.57,41.4,0,,5,6
ORD12413,CUST2832,2024-06-28,June,Q2,Home & Kitchen,Furniture,Delhi,Organic Search,Credit Card,3,9768.09,10,2930.43,26373.84,16240.36,10133.49,38.42,0,,2,8
ORD12414,CUST1429,2024-06-28,June,Q2,Electronics,Headphones,Pune,Referral,Credit Card,2,56605.25,10,11321.05,101889.45,75294.69,26594.76,26.1,0,,5,6
ORD12415,CUST3812,2024-06-28,June,Q2,Home & Kitchen,Decor,Bangalore,Organic Search,Credit Card,4,1279.65,15,767.79,4350.81,3544.28,806.53,18.54,0,,5,5
ORD12416,CUST2085,2024-06-28,June,Q2,Toys,Board Games,Hyderabad,Organic Search,COD,1,2324.77,0,0.0,2324.77,1121.23,1203.54,51.77,1,Size Issue,4,7
ORD12417,CUST2658,2024-06-28,June,Q2,Fashion,Mens Clothing,Delhi,Organic Search,UPI,5,4158.48,15,3118.86,17673.54,12361.97,5311.57,30.05,0,,3,4
ORD12418,CUST3332,2024-06-28,June,Q2,Electronics,Mobile,Mumbai,Social Media,Debit Card,2,33339.26,10,6667.85,60010.67,43215.35,16795.32,27.99,0,,4,10
ORD12419,CUST1615,2024-06-28,June,Q2,Electronics,Tablet,Mumbai,Email,UPI,2,35056.32,5,3505.63,66607.01,40899.15,25707.86,38.6,0,,3,11
ORD12420,CUST4000,2024-06-28,June,Q2,Fashion,Footwear,Chennai,Paid Ads,UPI,1,4182.33,30,1254.7,2927.63,2309.9,617.73,21.1,0,,4,3
ORD12421,CUST1298,2024-06-28,June,Q2,Electronics,Laptop,Mumbai,Referral,Net Banking,1,70746.62,0,0.0,70746.62,43424.8,27321.82,38.62,0,,5,11
ORD12422,CUST3141,2024-06-28,June,Q2,Electronics,Tablet,Chennai,Paid Ads,Credit Card,4,69648.78,10,27859.51,250735.61,144181.9,106553.71,42.5,0,,4,7
ORD12423,CUST3667,2024-06-28,June,Q2,Sports,Sportswear,Bangalore,Organic Search,Debit Card,2,1227.01,5,122.7,2331.32,1318.5,1012.81,43.44,0,,2,2
ORD12424,CUST1713,2024-06-28,June,Q2,Home & Kitchen,Cookware,Bangalore,Paid Ads,Net Banking,1,7964.04,10,796.4,7167.64,5559.45,1608.19,22.44,0,,4,10
ORD12425,CUST1297,2024-06-29,June,Q2,Fashion,Accessories,Bangalore,Social Media,Debit Card,1,3665.7,10,366.57,3299.13,2232.84,1066.29,32.32,1,Late Delivery,4,3
ORD12426,CUST3337,2024-06-29,June,Q2,Books,Children,Delhi,Direct,Credit Card,1,626.22,0,0.0,626.22,418.46,207.76,33.18,0,,4,1
ORD12427,CUST1568,2024-06-29,June,Q2,Electronics,Laptop,Mumbai,Paid Ads,Credit Card,2,6511.56,15,1953.47,11069.65,8490.32,2579.33,23.3,0,,4,11
ORD12428,CUST2340,2024-06-29,June,Q2,Toys,Dolls,Delhi,Social Media,Credit Card,2,2305.16,10,461.03,4149.29,2826.44,1322.85,31.88,0,,5,1
ORD12429,CUST3325,2024-06-29,June,Q2,Fashion,Womens Clothing,Chennai,Organic Search,Net Banking,1,2937.64,15,440.65,2496.99,1939.38,557.62,22.33,1,Size Issue,4,2
ORD12430,CUST2629,2024-06-29,June,Q2,Books,Academic,Chennai,Social Media,Debit Card,1,747.33,0,0.0,747.33,389.95,357.38,47.82,0,,5,1
ORD12431,CUST2870,2024-06-29,June,Q2,Home & Kitchen,Appliances,Delhi,Referral,Net Banking,1,2156.9,0,0.0,2156.9,1314.15,842.75,39.07,0,,5,2
ORD12432,CUST3433,2024-06-29,June,Q2,Sports,Sportswear,Bangalore,Organic Search,Net Banking,1,6087.86,15,913.18,5174.68,3638.41,1536.27,29.69,0,,2,1
ORD12433,CUST1161,2024-06-29,June,Q2,Toys,Action Figures,Mumbai,Direct,UPI,1,1356.03,0,0.0,1356.03,821.22,534.81,39.44,0,,3,3
ORD12434,CUST3283,2024-06-29,June,Q2,Fashion,Mens Clothing,Delhi,Social Media,Credit Card,1,4241.62,15,636.24,3605.38,2087.55,1517.83,42.1,1,Damaged Product,4,9
ORD12435,CUST3419,2024-06-29,June,Q2,Toys,Dolls,Mumbai,Organic Search,Credit Card,1,2620.12,0,0.0,2620.12,1360.66,1259.46,48.07,0,,3,9
ORD12436,CUST3188,2024-06-29,June,Q2,Fashion,Footwear,Kolkata,Referral,UPI,3,4031.47,5,604.72,11489.69,6309.23,5180.46,45.09,0,,4,8
ORD12437,CUST3792,2024-06-30,June,Q2,Fashion,Mens Clothing,Delhi,Paid Ads,Debit Card,2,2413.19,20,965.28,3861.1,2898.18,962.93,24.94,0,,4,9
ORD12438,CUST2099,2024-06-30,June,Q2,Fashion,Footwear,Delhi,Paid Ads,UPI,5,3845.68,15,2884.26,16344.14,13327.91,3016.23,18.45,0,,2,4
ORD12439,CUST1963,2024-06-30,June,Q2,Home & Kitchen,Appliances,Delhi,Organic Search,Debit Card,1,5090.59,10,509.06,4581.53,3504.96,1076.57,23.5,0,,2,8
ORD12440,CUST2761,2024-06-30,June,Q2,Electronics,Headphones,Mumbai,Organic Search,Net Banking,3,39417.92,20,23650.75,94603.01,59930.7,34672.31,36.65,0,,2,11
ORD12441,CUST3553,2024-06-30,June,Q2,Home & Kitchen,Furniture,Hyderabad,Direct,UPI,2,2215.44,15,664.63,3766.25,2331.58,1434.67,38.09,0,,1,5
ORD12442,CUST3494,2024-06-30,June,Q2,Home & Kitchen,Cookware,Mumbai,Social Media,UPI,1,14563.53,10,1456.35,13107.18,6684.89,6422.29,49.0,0,,4,4
ORD12443,CUST3219,2024-06-30,June,Q2,Sports,Sportswear,Mumbai,Direct,COD,1,5973.91,30,1792.17,4181.74,3283.88,897.86,21.47,1,Damaged Product,4,4
ORD12444,CUST2182,2024-06-30,June,Q2,Sports,Outdoor,Hyderabad,Organic Search,Credit Card,2,4077.52,15,1223.26,6931.78,5371.47,1560.32,22.51,0,,5,2
ORD12445,CUST3239,2024-06-30,June,Q2,Fashion,Mens Clothing,Delhi,Organic Search,Credit Card,3,2432.91,10,729.87,6568.86,4955.38,1613.47,24.56,0,,2,10
ORD12446,CUST1066,2024-06-30,June,Q2,Fashion,Footwear,Chennai,Organic Search,Credit Card,1,1500.14,5,75.01,1425.13,763.76,661.38,46.41,0,,5,9
ORD12447,CUST1648,2024-06-30,June,Q2,Fashion,Mens Clothing,Hyderabad,Social Media,Credit Card,1,2328.49,25,582.12,1746.37,1202.55,543.82,31.14,0,,2,9
ORD12448,CUST1519,2024-06-30,June,Q2,Electronics,Mobile,Delhi,Referral,UPI,2,25891.84,0,0.0,51783.68,26161.76,25621.92,49.48,0,,4,1
ORD12449,CUST1154,2024-06-30,June,Q2,Electronics,Tablet,Hyderabad,Social Media,Debit Card,5,26331.72,0,0.0,131658.6,70769.91,60888.69,46.25,0,,3,4
ORD12450,CUST2355,2024-07-01,July,Q3,Fashion,Footwear,Mumbai,Paid Ads,Debit Card,2,3662.96,0,0.0,7325.92,4770.56,2555.36,34.88,1,Damaged Product,5,9
ORD12451,CUST1138,2024-07-01,July,Q3,Fashion,Accessories,Bangalore,Direct,Net Banking,1,2779.67,0,0.0,2779.67,1700.36,1079.31,38.83,0,,2,4
ORD12452,CUST3478,2024-07-01,July,Q3,Toys,Action Figures,Bangalore,Email,Credit Card,1,1332.5,5,66.62,1265.88,861.44,404.43,31.95,0,,5,2
ORD12453,CUST3833,2024-07-01,July,Q3,Home & Kitchen,Decor,Delhi,Organic Search,UPI,1,14902.79,20,2980.56,11922.23,8878.45,3043.78,25.53,0,,1,2
ORD12454,CUST3988,2024-07-01,July,Q3,Fashion,Footwear,Hyderabad,Email,Credit Card,3,3774.01,15,1698.3,9623.73,5824.43,3799.3,39.48,0,,3,10
ORD12455,CUST1941,2024-07-02,July,Q3,Home & Kitchen,Furniture,Kolkata,Paid Ads,Debit Card,2,14310.69,0,0.0,28621.38,14511.0,14110.38,49.3,0,,4,9
ORD12456,CUST3712,2024-07-02,July,Q3,Electronics,Camera,Ahmedabad,Organic Search,UPI,2,62202.53,15,18660.76,105744.3,56262.21,49482.09,46.79,0,,5,11
ORD12457,CUST3221,2024-07-02,July,Q3,Fashion,Mens Clothing,Hyderabad,Organic Search,Net Banking,1,3715.6,10,371.56,3344.04,2397.47,946.57,28.31,0,,5,4
ORD12458,CUST2774,2024-07-02,July,Q3,Home & Kitchen,Furniture,Bangalore,Paid Ads,Debit Card,4,7222.24,10,2888.9,26000.06,19118.14,6881.92,26.47,0,,4,1
ORD12459,CUST3945,2024-07-02,July,Q3,Home & Kitchen,Furniture,Delhi,Paid Ads,Credit Card,2,9005.89,5,900.59,17111.19,11564.84,5546.36,32.41,0,,5,1
ORD12460,CUST3450,2024-07-02,July,Q3,Fashion,Footwear,Delhi,Paid Ads,Debit Card,5,612.01,20,612.01,2448.04,1433.94,1014.1,41.42,0,,5,1
ORD12461,CUST3935,2024-07-02,July,Q3,Toys,Board Games,Bangalore,Organic Search,Credit Card,2,2382.26,5,238.23,4526.29,3051.94,1474.35,32.57,0,,4,8
ORD12462,CUST3832,2024-07-02,July,Q3,Books,Fiction,Delhi,Email,Credit Card,3,440.61,0,0.0,1321.83,609.95,711.88,53.86,0,,4,1
ORD12463,CUST2027,2024-07-02,July,Q3,Home & Kitchen,Appliances,Kolkata,Referral,UPI,3,7570.65,5,1135.6,21576.35,10819.93,10756.42,49.85,0,,1,5
ORD12464,CUST3078,2024-07-02,July,Q3,Home & Kitchen,Furniture,Delhi,Email,Credit Card,1,2347.07,15,352.06,1995.01,1314.64,680.37,34.1,0,,4,9
ORD12465,CUST2195,2024-07-02,July,Q3,Home & Kitchen,Furniture,Delhi,Paid Ads,UPI,4,5210.66,15,3126.4,17716.24,11860.23,5856.02,33.05,0,,5,4
ORD12466,CUST3655,2024-07-02,July,Q3,Fashion,Footwear,Bangalore,Organic Search,UPI,1,1146.97,0,0.0,1146.97,750.15,396.82,34.6,0,,4,11
ORD12467,CUST1532,2024-07-02,July,Q3,Fashion,Footwear,Pune,Organic Search,Debit Card,2,3334.61,0,0.0,6669.22,4134.13,2535.09,38.01,1,Not as Described,5,9
ORD12468,CUST2221,2024-07-02,July,Q3,Electronics,Headphones,Hyderabad,Organic Search,Credit Card,4,11272.59,15,6763.55,38326.81,22018.98,16307.83,42.55,0,,5,5
ORD12469,CUST3480,2024-07-02,July,Q3,Home & Kitchen,Appliances,Hyderabad,Social Media,Net Banking,1,8764.57,15,1314.69,7449.88,4439.58,3010.31,40.41,0,,5,9
ORD12470,CUST2383,2024-07-02,July,Q3,Home & Kitchen,Decor,Delhi,Social Media,Debit Card,2,3749.08,5,374.91,7123.25,3909.68,3213.57,45.11,0,,2,2
ORD12471,CUST3497,2024-07-02,July,Q3,Fashion,Mens Clothing,Pune,Email,UPI,2,4739.42,20,1895.77,7583.07,4558.55,3024.53,39.89,0,,3,8
ORD12472,CUST3097,2024-07-02,July,Q3,Toys,Action Figures,Mumbai,Social Media,Debit Card,2,1902.21,30,1141.33,2663.09,1985.57,677.52,25.44,0,,1,7
ORD12473,CUST3267,2024-07-03,July,Q3,Books,Academic,Kolkata,Paid Ads,UPI,3,204.53,0,0.0,613.59,387.88,225.71,36.79,0,,5,7
ORD12474,CUST3578,2024-07-03,July,Q3,Beauty,Makeup,Bangalore,Paid Ads,Debit Card,2,1328.95,10,265.79,2392.11,1356.46,1035.65,43.29,0,,3,3
ORD12475,CUST1270,2024-07-03,July,Q3,Home & Kitchen,Appliances,Bangalore,Social Media,Debit Card,3,12700.6,0,0.0,38101.8,25102.99,12998.81,34.12,0,,4,10
ORD12476,CUST3651,2024-07-03,July,Q3,Books,Children,Bangalore,Paid Ads,Credit Card,1,490.21,15,73.53,416.68,278.13,138.54,33.25,0,,3,2
ORD12477,CUST1344,2024-07-03,July,Q3,Electronics,Camera,Chennai,Organic Search,Debit Card,1,67973.75,5,3398.69,64575.06,36075.98,28499.09,44.13,0,,1,11
ORD12478,CUST2161,2024-07-03,July,Q3,Sports,Sportswear,Mumbai,Paid Ads,COD,1,7725.53,0,0.0,7725.53,4273.03,3452.5,44.69,0,,3,10
ORD12479,CUST2420,2024-07-03,July,Q3,Electronics,Mobile,Kolkata,Organic Search,UPI,2,9419.97,15,2825.99,16013.95,11819.69,4194.26,26.19,0,,2,1
ORD12480,CUST2850,2024-07-03,July,Q3,Sports,Outdoor,Bangalore,Organic Search,Credit Card,1,5187.47,20,1037.49,4149.98,3004.57,1145.4,27.6,0,,4,1
ORD12481,CUST3564,2024-07-03,July,Q3,Fashion,Footwear,Delhi,Direct,UPI,2,2353.36,0,0.0,4706.72,2126.59,2580.13,54.82,0,,5,7
ORD12482,CUST3235,2024-07-03,July,Q3,Books,Children,Mumbai,Direct,COD,1,631.33,0,0.0,631.33,429.67,201.66,31.94,0,,4,9
ORD12483,CUST3078,2024-07-03,July,Q3,Toys,Educational,Bangalore,Organic Search,UPI,2,2552.67,5,255.27,4850.07,2381.64,2468.44,50.89,0,,5,1
ORD12484,CUST2875,2024-07-03,July,Q3,Electronics,Mobile,Bangalore,Organic Search,Credit Card,1,7738.23,10,773.82,6964.41,5298.02,1666.39,23.93,0,,4,10
ORD12485,CUST1146,2024-07-03,July,Q3,Home & Kitchen,Furniture,Bangalore,Email,COD,2,10583.77,15,3175.13,17992.41,9674.37,8318.03,46.23,0,,5,4
ORD12486,CUST3847,2024-07-03,July,Q3,Toys,Dolls,Chennai,Organic Search,Debit Card,2,1916.57,10,383.31,3449.83,2463.73,986.1,28.58,0,,5,2
ORD12487,CUST3682,2024-07-03,July,Q3,Home & Kitchen,Cookware,Bangalore,Paid Ads,UPI,4,13174.28,10,5269.71,47427.41,30757.66,16669.75,35.15,0,,5,8
ORD12488,CUST2807,2024-07-04,July,Q3,Books,Fiction,Ahmedabad,Organic Search,UPI,2,324.29,15,97.29,551.29,373.86,177.43,32.18,0,,2,9
ORD12489,CUST1375,2024-07-04,July,Q3,Home & Kitchen,Appliances,Hyderabad,Organic Search,COD,2,3770.98,10,754.2,6787.76,3531.11,3256.66,47.98,1,Damaged Product,5,3
ORD12490,CUST2462,2024-07-04,July,Q3,Fashion,Womens Clothing,Pune,Email,Net Banking,3,3030.84,10,909.25,8183.27,4634.33,3548.94,43.37,0,,3,3
ORD12491,CUST1733,2024-07-04,July,Q3,Fashion,Footwear,Mumbai,Email,Net Banking,2,2699.27,10,539.85,4858.69,3478.75,1379.94,28.4,0,,4,7
ORD12492,CUST1963,2024-07-04,July,Q3,Fashion,Mens Clothing,Bangalore,Organic Search,Credit Card,1,2749.17,20,549.83,2199.34,1849.68,349.65,15.9,0,,4,9
ORD12493,CUST3228,2024-07-04,July,Q3,Sports,Fitness Equipment,Delhi,Paid Ads,Net Banking,3,9615.02,0,0.0,28845.06,16795.89,12049.17,41.77,0,,4,7
ORD12494,CUST2645,2024-07-04,July,Q3,Fashion,Womens Clothing,Hyderabad,Organic Search,Credit Card,2,1560.83,0,0.0,3121.66,1680.5,1441.16,46.17,0,,4,7
ORD12495,CUST2833,2024-07-04,July,Q3,Home & Kitchen,Decor,Kolkata,Organic Search,Debit Card,1,7351.48,0,0.0,7351.48,3418.33,3933.15,53.5,1,Wrong Item,2,2
ORD12496,CUST2599,2024-07-04,July,Q3,Home & Kitchen,Cookware,Mumbai,Referral,UPI,2,7658.55,20,3063.42,12253.68,9504.94,2748.74,22.43,0,,5,11
ORD12497,CUST2956,2024-07-04,July,Q3,Home & Kitchen,Furniture,Mumbai,Social Media,UPI,3,8678.26,5,1301.74,24733.04,13527.98,11205.07,45.3,0,,4,1
ORD12498,CUST1802,2024-07-04,July,Q3,Books,Children,Kolkata,Social Media,UPI,5,630.8,5,157.7,2996.3,1462.68,1533.62,51.18,0,,1,2
ORD12499,CUST3208,2024-07-04,July,Q3,Toys,Board Games,Delhi,Email,UPI,4,2279.29,30,2735.15,6382.01,5620.39,761.62,11.93,0,,4,6
ORD12500,CUST3689,2024-07-04,July,Q3,Fashion,Womens Clothing,Chennai,Direct,Net Banking,1,4645.54,25,1161.38,3484.16,2654.6,829.55,23.81,0,,4,10
ORD12501,CUST1764,2024-07-04,July,Q3,Sports,Sportswear,Hyderabad,Email,Credit Card,1,4544.17,30,1363.25,3180.92,2058.47,1122.45,35.29,0,,2,8
ORD12502,CUST1107,2024-07-05,July,Q3,Sports,Sportswear,Pune,Organic Search,Debit Card,1,1236.29,0,0.0,1236.29,590.61,645.68,52.23,0,,3,8
ORD12503,CUST3521,2024-07-05,July,Q3,Home & Kitchen,Cookware,Mumbai,Organic Search,Net Banking,1,2607.41,20,521.48,2085.93,1629.11,456.82,21.9,0,,5,6
ORD12504,CUST2851,2024-07-05,July,Q3,Toys,Educational,Mumbai,Social Media,Credit Card,3,336.79,5,50.52,959.85,470.75,489.1,50.96,0,,5,2
ORD12505,CUST2125,2024-07-05,July,Q3,Fashion,Accessories,Hyderabad,Paid Ads,UPI,1,2839.73,0,0.0,2839.73,1892.65,947.08,33.35,0,,3,9
ORD12506,CUST2558,2024-07-05,July,Q3,Electronics,Camera,Ahmedabad,Referral,UPI,2,14110.83,5,1411.08,26810.58,14896.28,11914.29,44.44,0,,4,10
ORD12507,CUST1319,2024-07-05,July,Q3,Books,Non-Fiction,Bangalore,Social Media,UPI,2,278.29,10,55.66,500.92,262.8,238.12,47.54,0,,4,4
ORD12508,CUST3515,2024-07-05,July,Q3,Fashion,Accessories,Delhi,Referral,UPI,2,4413.87,0,0.0,8827.74,5649.22,3178.52,36.01,0,,4,5
ORD12509,CUST1260,2024-07-05,July,Q3,Sports,Outdoor,Hyderabad,Organic Search,Credit Card,1,1579.81,10,157.98,1421.83,918.04,503.79,35.43,1,Wrong Item,4,1
ORD12510,CUST3946,2024-07-05,July,Q3,Books,Children,Ahmedabad,Direct,COD,1,725.58,20,145.12,580.46,382.13,198.33,34.17,0,,1,9
ORD12511,CUST3571,2024-07-05,July,Q3,Electronics,Tablet,Pune,Paid Ads,Credit Card,1,42138.84,5,2106.94,40031.9,23240.61,16791.29,41.94,0,,4,11
ORD12512,CUST3718,2024-07-06,July,Q3,Books,Fiction,Ahmedabad,Referral,Debit Card,1,557.01,5,27.85,529.16,253.64,275.52,52.07,0,,2,11
ORD12513,CUST2889,2024-07-06,July,Q3,Fashion,Footwear,Mumbai,Organic Search,Credit Card,5,2860.65,5,715.16,13588.09,8806.15,4781.94,35.19,0,,4,11
ORD12514,CUST3027,2024-07-06,July,Q3,Home & Kitchen,Furniture,Mumbai,Social Media,UPI,3,2786.09,25,2089.57,6268.7,4525.53,1743.17,27.81,0,,5,10
ORD12515,CUST3500,2024-07-06,July,Q3,Home & Kitchen,Cookware,Hyderabad,Email,UPI,1,13213.85,0,0.0,13213.85,8305.03,4908.82,37.15,0,,5,1
ORD12516,CUST3179,2024-07-06,July,Q3,Books,Fiction,Pune,Paid Ads,Net Banking,3,421.8,5,63.27,1202.13,768.15,433.98,36.1,0,,5,7
ORD12517,CUST3017,2024-07-06,July,Q3,Electronics,Laptop,Delhi,Paid Ads,UPI,1,5694.39,0,0.0,5694.39,3489.6,2204.79,38.72,1,Changed Mind,5,11
ORD12518,CUST2574,2024-07-06,July,Q3,Home & Kitchen,Decor,Delhi,Referral,UPI,2,2469.68,20,987.87,3951.49,3201.81,749.68,18.97,0,,1,9
ORD12519,CUST3219,2024-07-06,July,Q3,Beauty,Fragrance,Pune,Paid Ads,Net Banking,1,2988.08,0,0.0,2988.08,1816.12,1171.96,39.22,0,,5,3
ORD12520,CUST1614,2024-07-06,July,Q3,Beauty,Makeup,Mumbai,Social Media,UPI,2,2215.84,5,221.58,4210.1,2458.17,1751.93,41.61,0,,3,2
ORD12521,CUST3554,2024-07-06,July,Q3,Beauty,Makeup,Delhi,Organic Search,UPI,1,2664.63,5,133.23,2531.4,1458.84,1072.56,42.37,0,,5,10
ORD12522,CUST3353,2024-07-06,July,Q3,Electronics,Tablet,Bangalore,Direct,UPI,1,25333.07,20,5066.61,20266.46,12157.23,8109.23,40.01,0,,5,8
ORD12523,CUST2787,2024-07-07,July,Q3,Fashion,Accessories,Hyderabad,Social Media,Debit Card,1,1950.74,0,0.0,1950.74,1257.96,692.78,35.51,0,,4,4
ORD12524,CUST3071,2024-07-07,July,Q3,Fashion,Accessories,Chennai,Paid Ads,COD,1,4502.95,10,450.3,4052.66,2883.14,1169.52,28.86,0,,4,1
ORD12525,CUST3036,2024-07-07,July,Q3,Sports,Outdoor,Delhi,Organic Search,Credit Card,2,5856.2,0,0.0,11712.4,5991.77,5720.63,48.84,0,,3,8
ORD12526,CUST3943,2024-07-07,July,Q3,Fashion,Womens Clothing,Hyderabad,Social Media,UPI,1,1246.76,25,311.69,935.07,829.93,105.14,11.24,0,,3,6
ORD12527,CUST1630,2024-07-07,July,Q3,Fashion,Footwear,Hyderabad,Organic Search,UPI,2,1805.89,10,361.18,3250.6,2157.14,1093.46,33.64,1,Size Issue,5,6
ORD12528,CUST1530,2024-07-07,July,Q3,Toys,Board Games,Hyderabad,Organic Search,COD,2,2149.56,10,429.91,3869.21,2449.09,1420.12,36.7,0,,5,4
ORD12529,CUST2311,2024-07-07,July,Q3,Electronics,Headphones,Hyderabad,Social Media,COD,2,65211.03,5,6521.1,123900.96,59260.4,64640.55,52.17,1,Not as Described,3,6
ORD12530,CUST3114,2024-07-07,July,Q3,Toys,Board Games,Delhi,Organic Search,UPI,2,2870.39,5,287.04,5453.74,3132.66,2321.08,42.56,0,,3,2
ORD12531,CUST3362,2024-07-07,July,Q3,Beauty,Fragrance,Mumbai,Organic Search,UPI,1,1239.51,0,0.0,1239.51,756.31,483.2,38.98,0,,2,6
ORD12532,CUST1803,2024-07-07,July,Q3,Sports,Outdoor,Mumbai,Social Media,Debit Card,2,6242.92,10,1248.58,11237.26,5898.77,5338.48,47.51,0,,5,2
ORD12533,CUST3023,2024-07-07,July,Q3,Fashion,Footwear,Delhi,Organic Search,UPI,4,2624.5,25,2624.5,7873.5,5930.23,1943.27,24.68,0,,5,6
ORD12534,CUST1156,2024-07-07,July,Q3,Electronics,Mobile,Bangalore,Paid Ads,COD,2,20796.28,5,2079.63,39512.93,29046.54,10466.39,26.49,0,,4,9
ORD12535,CUST3634,2024-07-07,July,Q3,Beauty,Haircare,Pune,Organic Search,Net Banking,2,1124.5,20,449.8,1799.2,1414.92,384.28,21.36,0,,4,7
ORD12536,CUST3179,2024-07-07,July,Q3,Sports,Outdoor,Chennai,Social Media,COD,2,7594.26,0,0.0,15188.52,8911.37,6277.15,41.33,1,Size Issue,5,4
ORD12537,CUST2303,2024-07-07,July,Q3,Beauty,Makeup,Pune,Social Media,Credit Card,1,2989.32,25,747.33,2241.99,1743.55,498.44,22.23,0,,3,1
ORD12538,CUST3791,2024-07-07,July,Q3,Electronics,Tablet,Delhi,Email,COD,2,74588.12,5,7458.81,141717.43,68761.49,72955.94,51.48,0,,5,9
ORD12539,CUST3147,2024-07-07,July,Q3,Sports,Fitness Equipment,Bangalore,Organic Search,Net Banking,3,2060.26,5,309.04,5871.74,4260.59,1611.15,27.44,0,,4,1
ORD12540,CUST1002,2024-07-07,July,Q3,Sports,Sportswear,Bangalore,Organic Search,Debit Card,1,7293.27,10,729.33,6563.94,4974.33,1589.61,24.22,0,,2,5
ORD12541,CUST2632,2024-07-08,July,Q3,Beauty,Haircare,Mumbai,Organic Search,UPI,3,1526.84,15,687.08,3893.44,2842.68,1050.77,26.99,0,,4,7
ORD12542,CUST3635,2024-07-08,July,Q3,Sports,Sportswear,Mumbai,Paid Ads,UPI,1,3518.04,15,527.71,2990.33,1670.2,1320.13,44.15,0,,4,10
ORD12543,CUST1762,2024-07-08,July,Q3,Sports,Sportswear,Hyderabad,Referral,UPI,1,2202.64,10,220.26,1982.38,1105.63,876.74,44.23,0,,4,10
ORD12544,CUST3794,2024-07-08,July,Q3,Home & Kitchen,Decor,Ahmedabad,Organic Search,Net Banking,3,7481.01,10,2244.3,20198.73,11131.24,9067.49,44.89,0,,4,6
ORD12545,CUST3560,2024-07-08,July,Q3,Electronics,Laptop,Mumbai,Organic Search,UPI,3,79498.27,0,0.0,238494.81,138301.86,100192.95,42.01,1,Late Delivery,5,3
ORD12546,CUST1972,2024-07-08,July,Q3,Home & Kitchen,Furniture,Mumbai,Organic Search,UPI,3,879.55,5,131.93,2506.72,1324.47,1182.24,47.16,0,,5,11
ORD12547,CUST2510,2024-07-08,July,Q3,Electronics,Laptop,Pune,Social Media,UPI,4,57609.85,5,11521.97,218917.43,143782.7,75134.73,34.32,0,,4,8
ORD12548,CUST1212,2024-07-08,July,Q3,Fashion,Womens Clothing,Delhi,Social Media,UPI,1,1396.7,10,139.67,1257.03,818.9,438.13,34.85,0,,4,11
ORD12549,CUST3848,2024-07-08,July,Q3,Fashion,Womens Clothing,Pune,Social Media,COD,2,922.32,10,184.46,1660.18,838.23,821.94,49.51,0,,3,7
ORD12550,CUST2103,2024-07-08,July,Q3,Electronics,Mobile,Chennai,Direct,UPI,1,39394.52,15,5909.18,33485.34,25055.48,8429.86,25.17,0,,4,9
ORD12551,CUST1122,2024-07-08,July,Q3,Fashion,Mens Clothing,Ahmedabad,Paid Ads,Debit Card,1,926.22,15,138.93,787.29,460.52,326.76,41.51,0,,3,1
ORD12552,CUST3717,2024-07-08,July,Q3,Electronics,Headphones,Bangalore,Organic Search,Credit Card,1,51872.96,0,0.0,51872.96,34040.14,17832.82,34.38,0,,5,8
ORD12553,CUST2476,2024-07-08,July,Q3,Sports,Sportswear,Chennai,Paid Ads,Debit Card,2,6147.32,15,1844.2,10450.44,6623.88,3826.57,36.62,0,,5,4
ORD12554,CUST2598,2024-07-09,July,Q3,Toys,Board Games,Bangalore,Social Media,UPI,1,480.28,0,0.0,480.28,256.78,223.5,46.53,0,,3,7
ORD12555,CUST2560,2024-07-09,July,Q3,Electronics,Tablet,Hyderabad,Social Media,Net Banking,3,52725.76,15,23726.59,134450.69,71647.08,62803.6,46.71,1,Size Issue,5,7
ORD12556,CUST3980,2024-07-09,July,Q3,Toys,Educational,Bangalore,Social Media,Debit Card,2,2685.03,0,0.0,5370.06,3742.57,1627.49,30.31,0,,5,4
ORD12557,CUST3537,2024-07-09,July,Q3,Home & Kitchen,Decor,Mumbai,Social Media,Debit Card,1,5698.4,15,854.76,4843.64,3436.14,1407.5,29.06,0,,5,8
ORD12558,CUST2359,2024-07-09,July,Q3,Fashion,Womens Clothing,Bangalore,Social Media,Credit Card,2,563.58,10,112.72,1014.44,626.34,388.1,38.26,1,Size Issue,4,1
ORD12559,CUST3808,2024-07-09,July,Q3,Electronics,Laptop,Bangalore,Direct,UPI,1,19448.05,5,972.4,18475.65,9221.4,9254.25,50.09,0,,5,5
ORD12560,CUST2870,2024-07-09,July,Q3,Home & Kitchen,Cookware,Pune,Social Media,Net Banking,1,4835.46,15,725.32,4110.14,3021.13,1089.01,26.5,0,,4,4
ORD12561,CUST3331,2024-07-09,July,Q3,Sports,Sportswear,Chennai,Email,UPI,3,9159.35,0,0.0,27478.05,14307.34,13170.71,47.93,0,,2,4
ORD12562,CUST1156,2024-07-09,July,Q3,Beauty,Makeup,Chennai,Organic Search,UPI,1,1393.26,0,0.0,1393.26,971.2,422.06,30.29,0,,1,3
ORD12563,CUST1125,2024-07-09,July,Q3,Electronics,Headphones,Mumbai,Social Media,UPI,3,59699.23,10,17909.77,161187.92,123154.17,38033.75,23.6,0,,2,1
ORD12564,CUST3756,2024-07-09,July,Q3,Electronics,Laptop,Chennai,Direct,Credit Card,2,32545.61,20,13018.24,52072.98,41256.39,10816.59,20.77,0,,3,5
ORD12565,CUST1511,2024-07-09,July,Q3,Fashion,Footwear,Bangalore,Paid Ads,UPI,2,3951.45,5,395.14,7507.75,5474.88,2032.88,27.08,0,,3,8
ORD12566,CUST1687,2024-07-09,July,Q3,Fashion,Accessories,Kolkata,Email,UPI,2,4704.39,0,0.0,9408.78,4482.42,4926.36,52.36,0,,5,10
ORD12567,CUST2145,2024-07-09,July,Q3,Fashion,Womens Clothing,Kolkata,Email,UPI,1,3025.01,10,302.5,2722.51,1572.94,1149.57,42.22,0,,5,6
ORD12568,CUST3219,2024-07-10,July,Q3,Fashion,Footwear,Mumbai,Organic Search,COD,1,3387.2,10,338.72,3048.48,1738.69,1309.79,42.97,0,,5,1
ORD12569,CUST1720,2024-07-10,July,Q3,Sports,Fitness Equipment,Pune,Social Media,UPI,1,2424.59,5,121.23,2303.36,1134.72,1168.64,50.74,0,,4,5
ORD12570,CUST2403,2024-07-10,July,Q3,Books,Fiction,Mumbai,Organic Search,UPI,1,535.22,20,107.04,428.18,370.94,57.24,13.37,0,,5,6
ORD12571,CUST2534,2024-07-10,July,Q3,Fashion,Accessories,Delhi,Referral,Net Banking,1,963.39,10,96.34,867.05,447.97,419.08,48.33,0,,4,9
ORD12572,CUST2099,2024-07-10,July,Q3,Books,Children,Hyderabad,Email,Net Banking,5,290.69,0,0.0,1453.45,965.34,488.11,33.58,0,,4,9
ORD12573,CUST2028,2024-07-10,July,Q3,Fashion,Womens Clothing,Mumbai,Organic Search,UPI,1,1302.46,0,0.0,1302.46,836.23,466.23,35.8,0,,4,5
ORD12574,CUST1747,2024-07-10,July,Q3,Home & Kitchen,Appliances,Chennai,Organic Search,Credit Card,2,8803.97,10,1760.79,15847.15,9578.13,6269.01,39.56,0,,5,3
ORD12575,CUST3144,2024-07-10,July,Q3,Fashion,Footwear,Mumbai,Social Media,UPI,1,1070.17,15,160.53,909.64,486.61,423.04,46.51,0,,3,6
ORD12576,CUST2610,2024-07-10,July,Q3,Beauty,Haircare,Mumbai,Paid Ads,UPI,1,1662.49,0,0.0,1662.49,750.65,911.84,54.85,0,,5,11
ORD12577,CUST2886,2024-07-10,July,Q3,Toys,Action Figures,Hyderabad,Organic Search,Credit Card,1,2041.04,30,612.31,1428.73,1022.56,406.17,28.43,0,,5,8
ORD12578,CUST3431,2024-07-10,July,Q3,Home & Kitchen,Decor,Chennai,Social Media,Credit Card,2,6237.84,5,623.78,11851.9,7154.42,4697.48,39.63,0,,5,11
ORD12579,CUST2614,2024-07-10,July,Q3,Fashion,Footwear,Kolkata,Paid Ads,Credit Card,1,3090.45,10,309.04,2781.4,1744.49,1036.92,37.28,0,,5,5
ORD12580,CUST1803,2024-07-10,July,Q3,Beauty,Fragrance,Chennai,Organic Search,UPI,1,2589.52,0,0.0,2589.52,1544.19,1045.33,40.37,0,,4,8
ORD12581,CUST1574,2024-07-10,July,Q3,Electronics,Headphones,Chennai,Email,UPI,2,50358.14,20,20143.26,80573.02,64759.54,15813.48,19.63,0,,5,1
ORD12582,CUST2445,2024-07-10,July,Q3,Books,Non-Fiction,Bangalore,Direct,Debit Card,2,778.33,15,233.5,1323.16,847.35,475.81,35.96,0,,5,8
ORD12583,CUST3504,2024-07-10,July,Q3,Home & Kitchen,Appliances,Mumbai,Email,Credit Card,1,11269.17,0,0.0,11269.17,5522.92,5746.25,50.99,0,,5,2
ORD12584,CUST2204,2024-07-10,July,Q3,Fashion,Footwear,Mumbai,Direct,UPI,2,3271.49,25,1635.74,4907.23,4253.02,654.22,13.33,0,,5,7
ORD12585,CUST1760,2024-07-10,July,Q3,Home & Kitchen,Cookware,Bangalore,Organic Search,Debit Card,2,13711.06,5,1371.11,26051.01,14620.72,11430.29,43.88,1,Late Delivery,5,2
ORD12586,CUST3614,2024-07-11,July,Q3,Home & Kitchen,Appliances,Chennai,Organic Search,Debit Card,2,3772.16,15,1131.65,6412.67,3936.03,2476.65,38.62,0,,2,3
ORD12587,CUST2010,2024-07-11,July,Q3,Electronics,Mobile,Bangalore,Organic Search,UPI,1,5200.31,20,1040.06,4160.25,3333.8,826.44,19.87,0,,5,5
ORD12588,CUST3596,2024-07-11,July,Q3,Beauty,Haircare,Chennai,Email,UPI,1,849.13,15,127.37,721.76,580.41,141.35,19.58,0,,3,10
ORD12589,CUST1545,2024-07-11,July,Q3,Fashion,Mens Clothing,Bangalore,Referral,Debit Card,1,1474.0,25,368.5,1105.5,1000.46,105.04,9.5,0,,4,7
ORD12590,CUST3799,2024-07-11,July,Q3,Beauty,Makeup,Mumbai,Email,UPI,5,2802.73,20,2802.73,11210.92,6787.66,4423.26,39.45,0,,4,9
ORD12591,CUST3181,2024-07-11,July,Q3,Sports,Fitness Equipment,Mumbai,Direct,Debit Card,1,6341.78,30,1902.53,4439.25,3651.53,787.72,17.74,0,,4,5
ORD12592,CUST3359,2024-07-11,July,Q3,Sports,Outdoor,Pune,Social Media,UPI,5,1861.67,0,0.0,9308.35,4404.87,4903.48,52.68,0,,4,11
ORD12593,CUST2102,2024-07-11,July,Q3,Home & Kitchen,Furniture,Chennai,Paid Ads,Credit Card,1,7551.59,5,377.58,7174.01,5212.44,1961.57,27.34,0,,5,1
ORD12594,CUST2603,2024-07-11,July,Q3,Home & Kitchen,Appliances,Kolkata,Paid Ads,Credit Card,1,803.51,10,80.35,723.16,404.81,318.35,44.02,0,,5,11
ORD12595,CUST1910,2024-07-11,July,Q3,Electronics,Headphones,Mumbai,Organic Search,UPI,1,10834.06,15,1625.11,9208.95,5410.07,3798.88,41.25,0,,4,3
ORD12596,CUST1796,2024-07-11,July,Q3,Sports,Fitness Equipment,Ahmedabad,Organic Search,UPI,1,9713.5,10,971.35,8742.15,6529.62,2212.53,25.31,0,,4,5
ORD12597,CUST3237,2024-07-11,July,Q3,Fashion,Footwear,Delhi,Social Media,Credit Card,3,1116.39,0,0.0,3349.17,2317.5,1031.67,30.8,0,,5,3
ORD12598,CUST3345,2024-07-11,July,Q3,Home & Kitchen,Cookware,Mumbai,Paid Ads,Credit Card,3,12262.73,20,7357.64,29430.55,22970.84,6459.71,21.95,0,,4,8
ORD12599,CUST1422,2024-07-11,July,Q3,Fashion,Womens Clothing,Ahmedabad,Social Media,COD,2,2414.33,30,1448.6,3380.06,2318.97,1061.09,31.39,0,,4,8
ORD12600,CUST2393,2024-07-11,July,Q3,Electronics,Camera,Delhi,Social Media,UPI,2,40376.68,5,4037.67,76715.69,46147.63,30568.06,39.85,0,,4,11
ORD12601,CUST2658,2024-07-12,July,Q3,Home & Kitchen,Furniture,Chennai,Organic Search,Debit Card,2,5096.33,0,0.0,10192.66,6667.54,3525.12,34.58,0,,5,1
ORD12602,CUST1673,2024-07-12,July,Q3,Electronics,Headphones,Mumbai,Paid Ads,UPI,5,62000.56,0,0.0,310002.8,183868.64,126134.16,40.69,0,,4,8
ORD12603,CUST2067,2024-07-12,July,Q3,Beauty,Haircare,Hyderabad,Paid Ads,Credit Card,1,874.16,0,0.0,874.16,422.35,451.81,51.69,0,,5,4
ORD12604,CUST1326,2024-07-12,July,Q3,Fashion,Mens Clothing,Kolkata,Paid Ads,UPI,2,2269.61,15,680.88,3858.34,2237.71,1620.63,42.0,0,,4,11
ORD12605,CUST3803,2024-07-12,July,Q3,Electronics,Mobile,Delhi,Direct,Credit Card,2,63043.97,25,31521.98,94565.96,83979.03,10586.92,11.2,1,Wrong Item,2,6
ORD12606,CUST3787,2024-07-12,July,Q3,Home & Kitchen,Appliances,Chennai,Paid Ads,Debit Card,5,10828.67,0,0.0,54143.35,31498.29,22645.06,41.82,0,,3,10
ORD12607,CUST2342,2024-07-12,July,Q3,Electronics,Mobile,Mumbai,Social Media,Credit Card,3,31624.37,10,9487.31,85385.8,59434.13,25951.67,30.39,0,,4,8
ORD12608,CUST1764,2024-07-12,July,Q3,Fashion,Accessories,Hyderabad,Direct,UPI,5,4273.92,15,3205.44,18164.16,11609.37,6554.79,36.09,1,Not as Described,4,2
ORD12609,CUST3183,2024-07-13,July,Q3,Beauty,Haircare,Delhi,Direct,Debit Card,2,1087.52,0,0.0,2175.04,1268.31,906.73,41.69,0,,4,8
ORD12610,CUST2383,2024-07-13,July,Q3,Electronics,Tablet,Delhi,Direct,Debit Card,1,10864.97,10,1086.5,9778.47,7543.29,2235.19,22.86,0,,4,7
ORD12611,CUST3959,2024-07-13,July,Q3,Sports,Outdoor,Delhi,Organic Search,Credit Card,1,6251.12,15,937.67,5313.45,3328.26,1985.19,37.36,0,,4,4
ORD12612,CUST2979,2024-07-13,July,Q3,Electronics,Camera,Mumbai,Organic Search,Debit Card,2,21042.45,20,8416.98,33667.92,26037.81,7630.11,22.66,0,,5,5
ORD12613,CUST1728,2024-07-13,July,Q3,Fashion,Mens Clothing,Kolkata,Organic Search,UPI,2,1247.52,10,249.5,2245.54,1230.37,1015.17,45.21,0,,5,6
ORD12614,CUST2406,2024-07-13,July,Q3,Beauty,Makeup,Bangalore,Organic Search,Debit Card,1,1974.56,15,296.18,1678.38,948.65,729.73,43.48,0,,5,3
ORD12615,CUST2593,2024-07-13,July,Q3,Fashion,Accessories,Delhi,Direct,UPI,1,1749.82,5,87.49,1662.33,1130.23,532.1,32.01,0,,5,2
ORD12616,CUST1686,2024-07-13,July,Q3,Electronics,Laptop,Bangalore,Social Media,Debit Card,1,15716.3,0,0.0,15716.3,10388.9,5327.4,33.9,0,,4,2
ORD12617,CUST3357,2024-07-13,July,Q3,Fashion,Accessories,Delhi,Organic Search,Debit Card,3,2467.59,0,0.0,7402.77,4568.09,2834.68,38.29,0,,1,4
ORD12618,CUST1703,2024-07-13,July,Q3,Fashion,Footwear,Chennai,Organic Search,UPI,1,2487.41,5,124.37,2363.04,1217.71,1145.33,48.47,0,,3,7
ORD12619,CUST2653,2024-07-13,July,Q3,Sports,Outdoor,Ahmedabad,Organic Search,Net Banking,2,7103.45,0,0.0,14206.9,7247.61,6959.29,48.99,0,,4,1
ORD12620,CUST3413,2024-07-13,July,Q3,Fashion,Footwear,Bangalore,Social Media,Credit Card,1,1627.43,0,0.0,1627.43,1103.06,524.37,32.22,0,,4,1
ORD12621,CUST1907,2024-07-13,July,Q3,Sports,Fitness Equipment,Kolkata,Email,Credit Card,1,1642.28,15,246.34,1395.94,857.56,538.38,38.57,0,,5,4
ORD12622,CUST3845,2024-07-13,July,Q3,Books,Academic,Hyderabad,Direct,UPI,4,734.85,10,293.94,2645.46,1924.47,720.99,27.25,0,,5,9
ORD12623,CUST1910,2024-07-13,July,Q3,Fashion,Footwear,Mumbai,Referral,Net Banking,1,3434.41,0,0.0,3434.41,1790.99,1643.42,47.85,0,,3,5
ORD12624,CUST2406,2024-07-13,July,Q3,Books,Academic,Chennai,Organic Search,Net Banking,1,265.71,0,0.0,265.71,181.98,83.73,31.51,0,,4,1
ORD12625,CUST3169,2024-07-13,July,Q3,Fashion,Footwear,Bangalore,Paid Ads,UPI,1,4397.62,10,439.76,3957.86,2984.28,973.57,24.6,0,,4,3
ORD12626,CUST3490,2024-07-13,July,Q3,Toys,Dolls,Hyderabad,Organic Search,UPI,1,2609.51,5,130.48,2479.03,1202.5,1276.53,51.49,0,,5,11
ORD12627,CUST3811,2024-07-13,July,Q3,Electronics,Camera,Kolkata,Paid Ads,UPI,2,62805.86,5,6280.59,119331.13,80718.53,38612.6,32.36,1,Late Delivery,1,6
ORD12628,CUST2515,2024-07-13,July,Q3,Beauty,Skincare,Bangalore,Direct,UPI,1,1168.78,15,175.32,993.46,575.47,418.0,42.07,0,,4,3
ORD12629,CUST1418,2024-07-13,July,Q3,Home & Kitchen,Furniture,Kolkata,Social Media,UPI,2,6821.91,0,0.0,13643.82,6874.0,6769.82,49.62,0,,5,11
ORD12630,CUST1915,2024-07-13,July,Q3,Fashion,Accessories,Chennai,Email,COD,1,3276.38,0,0.0,3276.38,1851.03,1425.35,43.5,0,,5,6
ORD12631,CUST3066,2024-07-13,July,Q3,Beauty,Fragrance,Bangalore,Paid Ads,UPI,3,2653.63,0,0.0,7960.89,4729.4,3231.49,40.59,0,,4,6
ORD12632,CUST1435,2024-07-13,July,Q3,Beauty,Fragrance,Hyderabad,Organic Search,UPI,3,2777.7,0,0.0,8333.1,4428.63,3904.47,46.86,0,,1,5
ORD12633,CUST3293,2024-07-14,July,Q3,Electronics,Headphones,Delhi,Organic Search,UPI,5,19323.8,25,24154.75,72464.25,57376.79,15087.46,20.82,0,,4,10
ORD12634,CUST3910,2024-07-14,July,Q3,Electronics,Laptop,Ahmedabad,Social Media,UPI,4,33065.44,5,6613.09,125648.67,65160.69,60487.99,48.14,0,,5,5
ORD12635,CUST2602,2024-07-14,July,Q3,Beauty,Fragrance,Chennai,Email,UPI,1,2812.94,10,281.29,2531.65,1281.53,1250.11,49.38,0,,4,9
ORD12636,CUST2512,2024-07-14,July,Q3,Beauty,Fragrance,Mumbai,Organic Search,UPI,1,2987.23,15,448.08,2539.15,1770.85,768.3,30.26,0,,5,3
ORD12637,CUST2498,2024-07-14,July,Q3,Toys,Board Games,Delhi,Email,Credit Card,2,828.76,0,0.0,1657.52,960.29,697.23,42.06,0,,4,11
ORD12638,CUST1105,2024-07-14,July,Q3,Sports,Sportswear,Hyderabad,Email,Credit Card,1,3929.42,0,0.0,3929.42,2445.72,1483.7,37.76,0,,4,10
ORD12639,CUST3645,2024-07-14,July,Q3,Toys,Action Figures,Mumbai,Paid Ads,UPI,1,826.2,20,165.24,660.96,506.01,154.95,23.44,0,,5,7
ORD12640,CUST3005,2024-07-14,July,Q3,Beauty,Haircare,Mumbai,Email,COD,1,1841.33,20,368.27,1473.06,1241.74,231.32,15.7,0,,4,4
ORD12641,CUST3125,2024-07-14,July,Q3,Fashion,Womens Clothing,Bangalore,Paid Ads,Debit Card,1,1978.03,5,98.9,1879.13,1117.32,761.8,40.54,0,,4,2
ORD12642,CUST2076,2024-07-14,July,Q3,Electronics,Headphones,Delhi,Social Media,UPI,2,73328.06,5,7332.81,139323.31,66302.11,73021.2,52.41,0,,4,10
ORD12643,CUST2582,2024-07-14,July,Q3,Sports,Outdoor,Bangalore,Email,Debit Card,1,9200.17,15,1380.03,7820.14,5590.6,2229.54,28.51,0,,5,3
ORD12644,CUST3288,2024-07-14,July,Q3,Beauty,Makeup,Delhi,Referral,Credit Card,1,1607.82,0,0.0,1607.82,994.89,612.93,38.12,0,,2,3
ORD12645,CUST2328,2024-07-14,July,Q3,Electronics,Mobile,Mumbai,Paid Ads,Net Banking,2,5974.59,0,0.0,11949.18,6934.99,5014.19,41.96,0,,4,3
ORD12646,CUST1064,2024-07-14,July,Q3,Fashion,Accessories,Chennai,Paid Ads,COD,1,1728.63,0,0.0,1728.63,1075.77,652.86,37.77,0,,4,3
ORD12647,CUST3498,2024-07-14,July,Q3,Toys,Action Figures,Bangalore,Organic Search,Credit Card,5,2047.49,5,511.87,9725.58,5435.02,4290.56,44.12,0,,4,10
ORD12648,CUST2312,2024-07-15,July,Q3,Home & Kitchen,Cookware,Delhi,Organic Search,UPI,1,9911.77,0,0.0,9911.77,4829.03,5082.74,51.28,0,,5,6
ORD12649,CUST2997,2024-07-15,July,Q3,Fashion,Accessories,Delhi,Social Media,Debit Card,2,2292.32,10,458.46,4126.18,2824.77,1301.4,31.54,0,,4,6
ORD12650,CUST3785,2024-07-15,July,Q3,Home & Kitchen,Decor,Hyderabad,Direct,Net Banking,1,14939.48,15,2240.92,12698.56,7638.51,5060.05,39.85,0,,4,11
ORD12651,CUST2176,2024-07-15,July,Q3,Fashion,Accessories,Mumbai,Paid Ads,Debit Card,1,3669.19,10,366.92,3302.27,2069.71,1232.56,37.32,0,,4,9
ORD12652,CUST2071,2024-07-15,July,Q3,Fashion,Womens Clothing,Mumbai,Organic Search,Credit Card,1,1733.78,0,0.0,1733.78,993.29,740.49,42.71,1,Late Delivery,5,8
ORD12653,CUST1918,2024-07-15,July,Q3,Fashion,Accessories,Mumbai,Paid Ads,UPI,1,757.52,5,37.88,719.64,431.26,288.39,40.07,1,Size Issue,3,10
ORD12654,CUST1031,2024-07-15,July,Q3,Electronics,Camera,Pune,Paid Ads,COD,3,47913.57,15,21561.11,122179.6,86188.7,35990.91,29.46,0,,5,7
ORD12655,CUST1795,2024-07-15,July,Q3,Sports,Fitness Equipment,Chennai,Paid Ads,Credit Card,2,789.05,0,0.0,1578.1,721.77,856.33,54.26,0,,1,2
ORD12656,CUST2255,2024-07-15,July,Q3,Fashion,Womens Clothing,Chennai,Organic Search,UPI,1,3731.13,0,0.0,3731.13,2602.17,1128.96,30.26,0,,4,10
ORD12657,CUST3572,2024-07-15,July,Q3,Sports,Fitness Equipment,Chennai,Email,Credit Card,1,4972.69,5,248.63,4724.06,3128.21,1595.85,33.78,0,,4,2
ORD12658,CUST3552,2024-07-15,July,Q3,Books,Children,Chennai,Organic Search,COD,1,544.91,0,0.0,544.91,303.16,241.75,44.37,0,,3,1
ORD12659,CUST1491,2024-07-15,July,Q3,Fashion,Footwear,Bangalore,Social Media,Credit Card,1,2545.16,25,636.29,1908.87,1267.06,641.81,33.62,0,,1,7
ORD12660,CUST3766,2024-07-15,July,Q3,Beauty,Fragrance,Hyderabad,Email,COD,1,686.56,10,68.66,617.9,322.71,295.19,47.77,0,,3,7
ORD12661,CUST3098,2024-07-15,July,Q3,Home & Kitchen,Cookware,Mumbai,Organic Search,UPI,5,11449.09,0,0.0,57245.45,35380.41,21865.04,38.2,0,,3,1
ORD12662,CUST3363,2024-07-15,July,Q3,Books,Academic,Hyderabad,Social Media,Debit Card,1,570.91,15,85.64,485.27,302.15,183.13,37.74,0,,5,6
ORD12663,CUST1305,2024-07-15,July,Q3,Fashion,Footwear,Pune,Social Media,Net Banking,2,2955.14,5,295.51,5614.77,2998.7,2616.07,46.59,0,,5,11
ORD12664,CUST1463,2024-07-15,July,Q3,Beauty,Fragrance,Bangalore,Social Media,Net Banking,2,490.88,0,0.0,981.76,535.05,446.71,45.5,0,,2,7
ORD12665,CUST2971,2024-07-15,July,Q3,Home & Kitchen,Appliances,Delhi,Paid Ads,UPI,3,6047.38,0,0.0,18142.14,10853.19,7288.95,40.18,0,,3,1
ORD12666,CUST3453,2024-07-15,July,Q3,Fashion,Womens Clothing,Delhi,Paid Ads,Credit Card,1,3258.14,10,325.81,2932.33,2013.29,919.04,31.34,0,,5,6
ORD12667,CUST2983,2024-07-16,July,Q3,Electronics,Mobile,Hyderabad,Direct,UPI,2,58498.28,0,0.0,116996.56,71519.12,45477.44,38.87,1,Not as Described,3,10
ORD12668,CUST1675,2024-07-16,July,Q3,Beauty,Skincare,Chennai,Email,UPI,3,2175.79,0,0.0,6527.37,4346.03,2181.34,33.42,1,Damaged Product,5,9
ORD12669,CUST1192,2024-07-16,July,Q3,Beauty,Haircare,Kolkata,Paid Ads,UPI,1,695.34,0,0.0,695.34,350.93,344.41,49.53,0,,3,1
ORD12670,CUST1815,2024-07-16,July,Q3,Fashion,Footwear,Delhi,Organic Search,UPI,1,4329.24,0,0.0,4329.24,2637.31,1691.93,39.08,0,,5,2
ORD12671,CUST3136,2024-07-16,July,Q3,Beauty,Makeup,Pune,Organic Search,Credit Card,5,431.91,15,323.93,1835.62,1026.39,809.23,44.08,0,,4,2
ORD12672,CUST3886,2024-07-16,July,Q3,Fashion,Accessories,Hyderabad,Organic Search,UPI,2,4253.29,20,1701.32,6805.26,4993.22,1812.04,26.63,1,Not as Described,3,10
ORD12673,CUST2366,2024-07-16,July,Q3,Beauty,Skincare,Kolkata,Social Media,UPI,1,534.39,15,80.16,454.23,318.49,135.74,29.88,0,,3,3
ORD12674,CUST3383,2024-07-16,July,Q3,Electronics,Headphones,Bangalore,Organic Search,Credit Card,2,38253.35,10,7650.67,68856.03,38563.92,30292.11,43.99,0,,4,4
ORD12675,CUST1966,2024-07-16,July,Q3,Books,Children,Bangalore,Paid Ads,UPI,1,611.88,25,152.97,458.91,335.26,123.65,26.94,0,,4,7
ORD12676,CUST2102,2024-07-16,July,Q3,Fashion,Womens Clothing,Hyderabad,Email,UPI,1,1914.06,0,0.0,1914.06,1257.15,656.91,34.32,1,Damaged Product,4,3
ORD12677,CUST1154,2024-07-16,July,Q3,Fashion,Accessories,Chennai,Paid Ads,UPI,1,4360.51,0,0.0,4360.51,2124.01,2236.5,51.29,0,,3,7
ORD12678,CUST1352,2024-07-16,July,Q3,Electronics,Laptop,Ahmedabad,Email,Credit Card,1,25810.86,5,1290.54,24520.32,14418.63,10101.69,41.2,0,,4,5
ORD12679,CUST2491,2024-07-17,July,Q3,Electronics,Mobile,Mumbai,Email,UPI,2,68943.19,5,6894.32,130992.06,94201.67,36790.39,28.09,0,,4,5
ORD12680,CUST1860,2024-07-17,July,Q3,Home & Kitchen,Cookware,Mumbai,Organic Search,Debit Card,2,10102.49,5,1010.25,19194.73,11638.62,7556.11,39.37,0,,4,7
ORD12681,CUST2615,2024-07-17,July,Q3,Fashion,Footwear,Ahmedabad,Email,UPI,3,3818.54,0,0.0,11455.62,7231.74,4223.88,36.87,0,,3,7
ORD12682,CUST2259,2024-07-17,July,Q3,Sports,Outdoor,Bangalore,Email,UPI,1,3660.32,0,0.0,3660.32,2403.79,1256.53,34.33,0,,4,7
ORD12683,CUST1361,2024-07-17,July,Q3,Electronics,Mobile,Hyderabad,Paid Ads,UPI,3,55399.32,10,16619.8,149578.16,83255.8,66322.36,44.34,0,,4,9
ORD12684,CUST2332,2024-07-17,July,Q3,Fashion,Footwear,Bangalore,Organic Search,Credit Card,1,4548.5,25,1137.12,3411.38,2294.97,1116.41,32.73,0,,5,1
ORD12685,CUST2202,2024-07-17,July,Q3,Fashion,Accessories,Mumbai,Social Media,UPI,1,4539.81,5,226.99,4312.82,2903.88,1408.94,32.67,1,Changed Mind,5,1
ORD12686,CUST2858,2024-07-17,July,Q3,Electronics,Camera,Pune,Referral,Net Banking,3,17691.02,0,0.0,53073.06,33877.95,19195.11,36.17,0,,3,3
ORD12687,CUST1440,2024-07-17,July,Q3,Electronics,Tablet,Chennai,Social Media,Credit Card,1,78970.27,15,11845.54,67124.73,36724.79,30399.93,45.29,0,,3,6
ORD12688,CUST2338,2024-07-17,July,Q3,Fashion,Footwear,Delhi,Organic Search,COD,1,3749.61,0,0.0,3749.61,1989.64,1759.97,46.94,0,,2,2
ORD12689,CUST2342,2024-07-17,July,Q3,Home & Kitchen,Appliances,Delhi,Social Media,UPI,1,6000.84,0,0.0,6000.84,3298.26,2702.58,45.04,0,,3,9
ORD12690,CUST1828,2024-07-17,July,Q3,Fashion,Mens Clothing,Pune,Paid Ads,UPI,1,563.77,5,28.19,535.58,370.54,165.04,30.81,0,,3,1
ORD12691,CUST1439,2024-07-17,July,Q3,Home & Kitchen,Decor,Mumbai,Social Media,Debit Card,2,10235.83,15,3070.75,17400.91,11371.3,6029.61,34.65,0,,3,5
ORD12692,CUST1887,2024-07-17,July,Q3,Home & Kitchen,Cookware,Kolkata,Email,Debit Card,5,6712.58,20,6712.58,26850.32,22872.52,3977.8,14.81,0,,3,7
ORD12693,CUST3985,2024-07-17,July,Q3,Electronics,Headphones,Delhi,Social Media,COD,2,55079.18,10,11015.84,99142.52,77017.43,22125.09,22.32,0,,3,10
ORD12694,CUST1710,2024-07-18,July,Q3,Home & Kitchen,Furniture,Hyderabad,Email,Debit Card,3,1673.06,5,250.96,4768.22,3238.28,1529.94,32.09,0,,4,3
ORD12695,CUST2499,2024-07-18,July,Q3,Toys,Action Figures,Ahmedabad,Email,Credit Card,2,820.94,5,82.09,1559.79,1012.38,547.41,35.1,0,,2,2
ORD12696,CUST3536,2024-07-18,July,Q3,Home & Kitchen,Furniture,Chennai,Social Media,UPI,3,11610.36,0,0.0,34831.08,19086.54,15744.54,45.2,0,,3,3
ORD12697,CUST1878,2024-07-18,July,Q3,Beauty,Makeup,Bangalore,Organic Search,Credit Card,1,613.04,25,153.26,459.78,286.14,173.64,37.77,0,,4,7
ORD12698,CUST2718,2024-07-18,July,Q3,Fashion,Accessories,Chennai,Direct,UPI,4,1699.86,10,679.94,6119.5,4034.0,2085.49,34.08,0,,3,1
ORD12699,CUST2949,2024-07-18,July,Q3,Sports,Sportswear,Delhi,Referral,UPI,1,2139.56,0,0.0,2139.56,1156.27,983.29,45.96,0,,3,8
ORD12700,CUST3981,2024-07-18,July,Q3,Sports,Fitness Equipment,Delhi,Organic Search,COD,4,922.83,15,553.7,3137.62,1984.91,1152.71,36.74,0,,2,3
ORD12701,CUST3148,2024-07-18,July,Q3,Home & Kitchen,Decor,Ahmedabad,Paid Ads,UPI,1,9441.11,5,472.06,8969.05,5871.68,3097.37,34.53,1,Damaged Product,4,5
ORD12702,CUST1398,2024-07-19,July,Q3,Toys,Board Games,Chennai,Organic Search,Credit Card,2,2159.54,30,1295.72,3023.36,2444.21,579.15,19.16,0,,5,10
ORD12703,CUST1975,2024-07-19,July,Q3,Electronics,Mobile,Hyderabad,Email,Debit Card,2,35693.86,20,14277.54,57110.18,45547.04,11563.14,20.25,0,,2,11
ORD12704,CUST2745,2024-07-19,July,Q3,Electronics,Headphones,Delhi,Email,UPI,5,52647.48,0,0.0,263237.4,144660.35,118577.05,45.05,0,,4,5
ORD12705,CUST2832,2024-07-19,July,Q3,Sports,Outdoor,Mumbai,Organic Search,Debit Card,2,8500.18,15,2550.05,14450.31,8291.34,6158.96,42.62,0,,4,6
ORD12706,CUST2299,2024-07-19,July,Q3,Sports,Outdoor,Mumbai,Direct,Net Banking,1,9440.35,10,944.04,8496.32,5336.98,3159.34,37.18,0,,4,7
ORD12707,CUST1187,2024-07-19,July,Q3,Electronics,Headphones,Hyderabad,Organic Search,UPI,2,28337.34,0,0.0,56674.68,38978.19,17696.49,31.22,0,,5,11
ORD12708,CUST1065,2024-07-20,July,Q3,Fashion,Mens Clothing,Pune,Email,Credit Card,1,3022.52,15,453.38,2569.14,1965.79,603.35,23.48,0,,5,1
ORD12709,CUST3542,2024-07-20,July,Q3,Electronics,Headphones,Bangalore,Paid Ads,COD,1,13828.59,10,1382.86,12445.73,6934.17,5511.56,44.28,0,,2,6
ORD12710,CUST2088,2024-07-20,July,Q3,Fashion,Footwear,Pune,Paid Ads,Credit Card,1,2598.14,0,0.0,2598.14,1423.33,1174.81,45.22,0,,4,2
ORD12711,CUST1613,2024-07-20,July,Q3,Sports,Sportswear,Mumbai,Organic Search,Credit Card,1,8443.0,10,844.3,7598.7,5757.69,1841.01,24.23,0,,4,10
ORD12712,CUST3855,2024-07-20,July,Q3,Home & Kitchen,Cookware,Delhi,Organic Search,UPI,1,2022.55,10,202.26,1820.3,972.69,847.6,46.56,0,,5,3
ORD12713,CUST3635,2024-07-20,July,Q3,Fashion,Womens Clothing,Delhi,Social Media,COD,3,4686.23,0,0.0,14058.69,7218.96,6839.73,48.65,0,,5,5
ORD12714,CUST1446,2024-07-20,July,Q3,Fashion,Womens Clothing,Bangalore,Social Media,UPI,3,896.73,5,134.51,2555.68,1386.94,1168.74,45.73,1,Damaged Product,3,1
ORD12715,CUST2161,2024-07-20,July,Q3,Electronics,Mobile,Mumbai,Organic Search,Debit Card,1,73850.83,10,7385.08,66465.75,43773.84,22691.91,34.14,0,,3,7
ORD12716,CUST1356,2024-07-20,July,Q3,Fashion,Womens Clothing,Ahmedabad,Organic Search,Debit Card,1,1321.25,0,0.0,1321.25,730.23,591.02,44.73,0,,5,1
ORD12717,CUST1144,2024-07-20,July,Q3,Beauty,Makeup,Delhi,Organic Search,Debit Card,1,441.97,20,88.39,353.58,207.71,145.86,41.25,0,,4,8
ORD12718,CUST2449,2024-07-21,July,Q3,Toys,Educational,Kolkata,Email,Debit Card,1,1157.25,0,0.0,1157.25,702.79,454.46,39.27,0,,4,11
ORD12719,CUST1726,2024-07-21,July,Q3,Sports,Sportswear,Bangalore,Email,Credit Card,1,6452.94,0,0.0,6452.94,3063.66,3389.28,52.52,1,Wrong Item,4,6
ORD12720,CUST2870,2024-07-21,July,Q3,Electronics,Headphones,Ahmedabad,Organic Search,UPI,1,6508.05,0,0.0,6508.05,3915.27,2592.78,39.84,0,,2,11
ORD12721,CUST2568,2024-07-21,July,Q3,Books,Academic,Hyderabad,Social Media,COD,2,260.07,10,52.01,468.13,299.99,168.13,35.92,0,,5,1
ORD12722,CUST3521,2024-07-21,July,Q3,Sports,Sportswear,Ahmedabad,Organic Search,Debit Card,2,599.17,10,119.83,1078.51,687.15,391.36,36.29,0,,5,7
ORD12723,CUST3167,2024-07-21,July,Q3,Sports,Sportswear,Mumbai,Direct,Credit Card,1,6560.48,5,328.02,6232.46,3062.92,3169.54,50.86,0,,4,10
ORD12724,CUST1499,2024-07-21,July,Q3,Home & Kitchen,Decor,Chennai,Direct,COD,1,7336.96,0,0.0,7336.96,4474.12,2862.84,39.02,0,,4,3
ORD12725,CUST3851,2024-07-21,July,Q3,Fashion,Mens Clothing,Kolkata,Social Media,UPI,2,4447.39,20,1778.96,7115.82,4961.78,2154.05,30.27,1,Changed Mind,4,7
ORD12726,CUST3423,2024-07-21,July,Q3,Fashion,Footwear,Mumbai,Referral,Net Banking,3,4744.57,0,0.0,14233.71,7868.06,6365.65,44.72,0,,3,11
ORD12727,CUST3145,2024-07-21,July,Q3,Electronics,Laptop,Mumbai,Email,Credit Card,1,28083.67,0,0.0,28083.67,16825.29,11258.38,40.09,0,,2,8
ORD12728,CUST2936,2024-07-21,July,Q3,Fashion,Mens Clothing,Bangalore,Direct,Credit Card,1,3564.01,0,0.0,3564.01,2143.97,1420.04,39.84,1,Changed Mind,1,10
ORD12729,CUST3299,2024-07-21,July,Q3,Fashion,Womens Clothing,Ahmedabad,Social Media,UPI,1,4741.96,0,0.0,4741.96,2151.7,2590.26,54.62,0,,5,3
ORD12730,CUST1246,2024-07-21,July,Q3,Home & Kitchen,Decor,Hyderabad,Paid Ads,UPI,1,13077.12,5,653.86,12423.26,6294.1,6129.16,49.34,0,,4,5
ORD12731,CUST3478,2024-07-21,July,Q3,Beauty,Makeup,Bangalore,Organic Search,UPI,1,2292.74,0,0.0,2292.74,1167.3,1125.44,49.09,0,,2,10
ORD12732,CUST4000,2024-07-21,July,Q3,Home & Kitchen,Appliances,Mumbai,Paid Ads,UPI,1,11281.17,0,0.0,11281.17,6988.62,4292.55,38.05,0,,4,2
ORD12733,CUST1539,2024-07-21,July,Q3,Electronics,Tablet,Mumbai,Social Media,Credit Card,1,28286.53,20,5657.31,22629.22,16807.44,5821.78,25.73,0,,2,2
ORD12734,CUST2957,2024-07-21,July,Q3,Toys,Educational,Pune,Organic Search,UPI,1,1324.14,0,0.0,1324.14,846.66,477.48,36.06,0,,2,1
ORD12735,CUST1027,2024-07-22,July,Q3,Toys,Board Games,Mumbai,Organic Search,UPI,2,1075.11,15,322.53,1827.69,1365.72,461.97,25.28,0,,4,3
ORD12736,CUST2112,2024-07-22,July,Q3,Sports,Fitness Equipment,Hyderabad,Paid Ads,Debit Card,1,3150.15,15,472.52,2677.63,2089.48,588.15,21.97,0,,4,4
ORD12737,CUST2478,2024-07-22,July,Q3,Toys,Board Games,Kolkata,Organic Search,UPI,2,1825.61,5,182.56,3468.66,1987.01,1481.65,42.72,0,,4,3
ORD12738,CUST1531,2024-07-22,July,Q3,Home & Kitchen,Furniture,Delhi,Social Media,UPI,1,6678.56,10,667.86,6010.7,3581.48,2429.22,40.41,0,,4,11
ORD12739,CUST1962,2024-07-22,July,Q3,Toys,Board Games,Chennai,Referral,Debit Card,1,2555.24,5,127.76,2427.48,1680.72,746.76,30.76,0,,4,8
ORD12740,CUST3106,2024-07-22,July,Q3,Electronics,Laptop,Mumbai,Email,Debit Card,3,25459.96,0,0.0,76379.88,38907.94,37471.94,49.06,0,,4,1
ORD12741,CUST3157,2024-07-22,July,Q3,Fashion,Mens Clothing,Hyderabad,Social Media,Debit Card,2,1396.51,25,698.26,2094.76,1578.87,515.89,24.63,0,,4,5
ORD12742,CUST3284,2024-07-22,July,Q3,Fashion,Accessories,Mumbai,Social Media,Credit Card,1,4906.75,10,490.68,4416.08,2446.41,1969.66,44.6,0,,4,7
ORD12743,CUST2426,2024-07-22,July,Q3,Electronics,Tablet,Chennai,Paid Ads,UPI,2,24451.56,20,9780.62,39122.5,33178.82,5943.68,15.19,0,,4,9
ORD12744,CUST2647,2024-07-22,July,Q3,Electronics,Mobile,Delhi,Organic Search,COD,2,37969.87,20,15187.95,60751.79,41915.0,18836.8,31.01,0,,4,1
ORD12745,CUST1666,2024-07-22,July,Q3,Home & Kitchen,Cookware,Bangalore,Direct,Debit Card,1,2112.25,0,0.0,2112.25,1062.72,1049.53,49.69,0,,4,9
ORD12746,CUST1560,2024-07-22,July,Q3,Sports,Fitness Equipment,Hyderabad,Organic Search,Credit Card,1,3873.95,0,0.0,3873.95,2413.48,1460.47,37.7,0,,3,11
ORD12747,CUST2355,2024-07-22,July,Q3,Home & Kitchen,Cookware,Mumbai,Organic Search,Net Banking,3,5963.31,0,0.0,17889.93,9144.64,8745.29,48.88,0,,2,9
ORD12748,CUST3283,2024-07-22,July,Q3,Electronics,Tablet,Chennai,Email,Debit Card,1,62927.79,20,12585.56,50342.23,43160.65,7181.58,14.27,0,,4,4
ORD12749,CUST2753,2024-07-22,July,Q3,Sports,Outdoor,Delhi,Organic Search,Credit Card,1,5468.91,20,1093.78,4375.13,2963.63,1411.5,32.26,0,,4,10
ORD12750,CUST2704,2024-07-22,July,Q3,Beauty,Makeup,Chennai,Paid Ads,Debit Card,1,2522.6,10,252.26,2270.34,1554.33,716.01,31.54,0,,4,5
ORD12751,CUST1239,2024-07-22,July,Q3,Fashion,Footwear,Mumbai,Organic Search,UPI,2,3591.68,0,0.0,7183.36,3852.52,3330.84,46.37,0,,5,6
ORD12752,CUST2328,2024-07-22,July,Q3,Beauty,Haircare,Chennai,Organic Search,Debit Card,3,677.33,0,0.0,2031.99,1324.47,707.52,34.82,1,Changed Mind,4,4
ORD12753,CUST3390,2024-07-22,July,Q3,Fashion,Accessories,Mumbai,Organic Search,UPI,3,4773.49,20,2864.09,11456.38,9655.3,1801.08,15.72,0,,5,6
ORD12754,CUST3074,2024-07-22,July,Q3,Fashion,Footwear,Bangalore,Organic Search,Debit Card,2,3133.5,25,1566.75,4700.25,4054.62,645.63,13.74,0,,4,5
ORD12755,CUST2701,2024-07-23,July,Q3,Books,Non-Fiction,Delhi,Social Media,Credit Card,5,251.21,0,0.0,1256.05,831.66,424.39,33.79,0,,3,3
ORD12756,CUST2842,2024-07-23,July,Q3,Fashion,Footwear,Chennai,Direct,Debit Card,2,3059.2,0,0.0,6118.4,2909.12,3209.28,52.45,0,,5,3
ORD12757,CUST3207,2024-07-23,July,Q3,Home & Kitchen,Cookware,Delhi,Paid Ads,UPI,2,14911.33,5,1491.13,28331.53,20309.71,8021.81,28.31,0,,5,9
ORD12758,CUST2811,2024-07-23,July,Q3,Books,Fiction,Kolkata,Direct,UPI,5,432.0,0,0.0,2160.0,1309.12,850.88,39.39,0,,4,5
ORD12759,CUST2144,2024-07-23,July,Q3,Beauty,Haircare,Kolkata,Organic Search,Credit Card,1,2008.82,20,401.76,1607.06,1340.49,266.56,16.59,0,,3,11
ORD12760,CUST2223,2024-07-23,July,Q3,Electronics,Laptop,Mumbai,Paid Ads,Credit Card,2,56151.33,10,11230.27,101072.39,69752.21,31320.18,30.99,0,,3,3
ORD12761,CUST1686,2024-07-23,July,Q3,Electronics,Laptop,Hyderabad,Organic Search,UPI,2,26651.68,10,5330.34,47973.02,26676.3,21296.72,44.39,0,,5,8
ORD12762,CUST1566,2024-07-23,July,Q3,Electronics,Laptop,Mumbai,Social Media,COD,3,30663.59,5,4599.54,87391.23,55414.21,31977.02,36.59,1,Damaged Product,2,8
ORD12763,CUST3018,2024-07-23,July,Q3,Beauty,Makeup,Bangalore,Paid Ads,Debit Card,3,2911.77,5,436.77,8298.54,4129.5,4169.04,50.24,0,,4,3
ORD12764,CUST3892,2024-07-23,July,Q3,Fashion,Womens Clothing,Chennai,Social Media,UPI,3,2982.25,0,0.0,8946.75,5582.15,3364.6,37.61,1,Size Issue,4,7
ORD12765,CUST2383,2024-07-24,July,Q3,Electronics,Laptop,Hyderabad,Email,Credit Card,4,60734.88,15,36440.93,206498.59,134163.42,72335.17,35.03,0,,3,9
ORD12766,CUST3089,2024-07-24,July,Q3,Toys,Board Games,Hyderabad,Social Media,Debit Card,1,1026.17,15,153.93,872.24,500.7,371.54,42.6,0,,5,3
ORD12767,CUST2381,2024-07-24,July,Q3,Home & Kitchen,Cookware,Delhi,Social Media,Credit Card,1,8088.47,5,404.42,7684.05,5619.93,2064.12,26.86,0,,5,8
ORD12768,CUST3741,2024-07-24,July,Q3,Fashion,Accessories,Delhi,Referral,UPI,1,1448.25,5,72.41,1375.84,977.96,397.88,28.92,1,Damaged Product,4,1
ORD12769,CUST2145,2024-07-24,July,Q3,Home & Kitchen,Cookware,Mumbai,Paid Ads,Debit Card,1,3899.22,0,0.0,3899.22,2625.68,1273.54,32.66,0,,4,3
ORD12770,CUST3217,2024-07-24,July,Q3,Beauty,Skincare,Chennai,Paid Ads,COD,1,930.37,0,0.0,930.37,602.14,328.23,35.28,0,,5,4
ORD12771,CUST3589,2024-07-24,July,Q3,Electronics,Mobile,Bangalore,Email,UPI,1,74143.95,10,7414.4,66729.55,46191.33,20538.22,30.78,1,Changed Mind,4,3
ORD12772,CUST2390,2024-07-24,July,Q3,Fashion,Accessories,Chennai,Social Media,COD,1,2826.63,10,282.66,2543.97,1734.9,809.07,31.8,0,,4,9
ORD12773,CUST3409,2024-07-24,July,Q3,Sports,Outdoor,Delhi,Organic Search,Debit Card,3,6495.58,5,974.34,18512.4,9285.89,9226.51,49.84,0,,4,10
ORD12774,CUST2728,2024-07-24,July,Q3,Home & Kitchen,Cookware,Delhi,Paid Ads,Credit Card,1,7547.98,20,1509.6,6038.38,5095.95,942.43,15.61,0,,3,5
ORD12775,CUST2489,2024-07-24,July,Q3,Home & Kitchen,Furniture,Delhi,Paid Ads,Net Banking,3,7434.91,10,2230.47,20074.26,14950.46,5123.8,25.52,0,,5,3
ORD12776,CUST2299,2024-07-24,July,Q3,Fashion,Mens Clothing,Mumbai,Paid Ads,UPI,3,1953.46,5,293.02,5567.36,3732.85,1834.51,32.95,0,,4,3
ORD12777,CUST3919,2024-07-24,July,Q3,Electronics,Mobile,Delhi,Organic Search,COD,1,47282.71,0,0.0,47282.71,32238.71,15044.0,31.82,0,,4,11
ORD12778,CUST3513,2024-07-24,July,Q3,Electronics,Camera,Pune,Referral,Credit Card,1,54372.86,20,10874.57,43498.29,31985.97,11512.32,26.47,0,,5,2
ORD12779,CUST2179,2024-07-24,July,Q3,Fashion,Mens Clothing,Kolkata,Email,Debit Card,2,4555.74,10,911.15,8200.33,5119.84,3080.49,37.57,0,,4,10
ORD12780,CUST1728,2024-07-24,July,Q3,Fashion,Accessories,Bangalore,Paid Ads,UPI,2,1950.67,0,0.0,3901.34,2699.68,1201.66,30.8,0,,3,6
ORD12781,CUST3056,2024-07-24,July,Q3,Electronics,Mobile,Bangalore,Social Media,Credit Card,1,12845.97,10,1284.6,11561.37,7271.24,4290.13,37.11,1,Late Delivery,5,9
ORD12782,CUST1527,2024-07-25,July,Q3,Sports,Outdoor,Mumbai,Direct,UPI,1,3909.4,5,195.47,3713.93,2386.03,1327.9,35.75,0,,2,7
ORD12783,CUST2247,2024-07-25,July,Q3,Toys,Action Figures,Kolkata,Organic Search,Debit Card,1,2732.76,20,546.55,2186.21,1484.61,701.59,32.09,0,,4,2
ORD12784,CUST3516,2024-07-25,July,Q3,Sports,Fitness Equipment,Mumbai,Organic Search,Credit Card,1,2008.13,25,502.03,1506.1,1223.11,282.98,18.79,0,,4,9
ORD12785,CUST1486,2024-07-25,July,Q3,Books,Academic,Ahmedabad,Social Media,Credit Card,1,459.07,10,45.91,413.16,289.23,123.94,30.0,0,,4,3
ORD12786,CUST1339,2024-07-25,July,Q3,Fashion,Mens Clothing,Bangalore,Email,Debit Card,1,2015.02,15,302.25,1712.77,1221.43,491.33,28.69,1,Wrong Item,5,7
ORD12787,CUST3839,2024-07-25,July,Q3,Toys,Action Figures,Delhi,Organic Search,Credit Card,2,2738.05,0,0.0,5476.1,3168.69,2307.41,42.14,0,,4,10
ORD12788,CUST2753,2024-07-25,July,Q3,Electronics,Mobile,Kolkata,Referral,UPI,4,19033.36,10,7613.34,68520.1,39972.16,28547.93,41.66,0,,5,7
ORD12789,CUST2361,2024-07-25,July,Q3,Toys,Board Games,Mumbai,Paid Ads,Credit Card,2,1266.61,15,379.98,2153.24,1547.7,605.54,28.12,0,,4,4
ORD12790,CUST1104,2024-07-25,July,Q3,Toys,Board Games,Hyderabad,Paid Ads,Debit Card,4,739.41,10,295.76,2661.88,2002.64,659.24,24.77,0,,5,4
ORD12791,CUST1557,2024-07-25,July,Q3,Beauty,Haircare,Hyderabad,Paid Ads,COD,2,1730.98,10,346.2,3115.76,1563.86,1551.9,49.81,0,,4,2
ORD12792,CUST1025,2024-07-25,July,Q3,Toys,Educational,Delhi,Organic Search,UPI,2,2330.52,20,932.21,3728.83,2253.53,1475.3,39.56,0,,4,2
ORD12793,CUST1161,2024-07-25,July,Q3,Home & Kitchen,Cookware,Bangalore,Email,Debit Card,1,7033.92,0,0.0,7033.92,3375.88,3658.04,52.01,0,,5,2
ORD12794,CUST1175,2024-07-26,July,Q3,Fashion,Mens Clothing,Hyderabad,Referral,UPI,1,3274.76,0,0.0,3274.76,2229.46,1045.3,31.92,0,,2,11
ORD12795,CUST1638,2024-07-26,July,Q3,Fashion,Womens Clothing,Chennai,Paid Ads,COD,3,3171.09,15,1426.99,8086.28,5857.2,2229.08,27.57,0,,2,5
ORD12796,CUST2256,2024-07-26,July,Q3,Home & Kitchen,Decor,Mumbai,Referral,Credit Card,3,10661.88,20,6397.13,25588.51,22004.43,3584.09,14.01,0,,5,3
ORD12797,CUST2525,2024-07-26,July,Q3,Electronics,Camera,Ahmedabad,Direct,Debit Card,1,59821.61,20,11964.32,47857.29,35635.93,12221.36,25.54,0,,5,10
ORD12798,CUST3618,2024-07-26,July,Q3,Home & Kitchen,Decor,Mumbai,Paid Ads,UPI,1,7524.72,10,752.47,6772.25,4254.73,2517.52,37.17,0,,5,7
ORD12799,CUST1940,2024-07-26,July,Q3,Toys,Educational,Delhi,Social Media,Debit Card,2,957.69,20,383.08,1532.3,1241.33,290.97,18.99,0,,4,7
ORD12800,CUST3401,2024-07-26,July,Q3,Electronics,Laptop,Delhi,Paid Ads,UPI,1,59252.93,15,8887.94,50364.99,29047.89,21317.1,42.33,0,,4,6
ORD12801,CUST3651,2024-07-26,July,Q3,Sports,Sportswear,Mumbai,Social Media,Net Banking,1,6208.95,0,0.0,6208.95,3385.95,2823.0,45.47,0,,3,8
ORD12802,CUST1950,2024-07-26,July,Q3,Books,Non-Fiction,Mumbai,Organic Search,Net Banking,3,463.66,15,208.65,1182.33,788.09,394.25,33.34,0,,4,11
ORD12803,CUST1297,2024-07-26,July,Q3,Toys,Action Figures,Ahmedabad,Social Media,Debit Card,1,1383.11,0,0.0,1383.11,725.6,657.51,47.54,0,,4,4
ORD12804,CUST1968,2024-07-26,July,Q3,Toys,Action Figures,Delhi,Organic Search,Credit Card,2,408.35,0,0.0,816.7,443.32,373.38,45.72,0,,1,9
ORD12805,CUST1537,2024-07-26,July,Q3,Home & Kitchen,Cookware,Mumbai,Email,Net Banking,3,13991.65,5,2098.75,39876.2,19708.34,20167.86,50.58,0,,4,10
ORD12806,CUST3632,2024-07-26,July,Q3,Toys,Board Games,Mumbai,Direct,UPI,1,932.62,5,46.63,885.99,465.84,420.15,47.42,1,Wrong Item,4,10
ORD12807,CUST1474,2024-07-26,July,Q3,Sports,Sportswear,Chennai,Organic Search,Credit Card,1,9380.17,5,469.01,8911.16,5007.83,3903.33,43.8,0,,4,5
ORD12808,CUST2335,2024-07-27,July,Q3,Electronics,Laptop,Kolkata,Paid Ads,UPI,1,74516.48,0,0.0,74516.48,48359.15,26157.33,35.1,0,,4,4
ORD12809,CUST2299,2024-07-27,July,Q3,Home & Kitchen,Decor,Delhi,Paid Ads,Debit Card,1,2331.55,0,0.0,2331.55,1155.57,1175.98,50.44,0,,5,3
ORD12810,CUST1283,2024-07-27,July,Q3,Beauty,Haircare,Mumbai,Social Media,Debit Card,2,1392.5,0,0.0,2785.0,1494.6,1290.4,46.33,0,,4,9
ORD12811,CUST1853,2024-07-27,July,Q3,Fashion,Mens Clothing,Delhi,Paid Ads,COD,1,1712.12,10,171.21,1540.91,798.24,742.67,48.2,0,,4,4
ORD12812,CUST1022,2024-07-27,July,Q3,Beauty,Skincare,Mumbai,Social Media,Credit Card,1,1816.97,15,272.55,1544.42,1070.7,473.73,30.67,0,,4,9
ORD12813,CUST2327,2024-07-27,July,Q3,Beauty,Haircare,Mumbai,Paid Ads,Credit Card,1,1860.61,20,372.12,1488.49,1121.6,366.89,24.65,0,,3,11
ORD12814,CUST2392,2024-07-27,July,Q3,Electronics,Camera,Bangalore,Organic Search,Debit Card,1,17301.95,20,3460.39,13841.56,11529.66,2311.9,16.7,0,,4,1
ORD12815,CUST2968,2024-07-27,July,Q3,Home & Kitchen,Appliances,Delhi,Organic Search,UPI,1,3162.66,5,158.13,3004.53,2070.84,933.68,31.08,0,,4,5
ORD12816,CUST1138,2024-07-27,July,Q3,Sports,Outdoor,Bangalore,Organic Search,Credit Card,2,3355.54,15,1006.66,5704.42,3498.78,2205.63,38.67,0,,4,1
ORD12817,CUST3137,2024-07-27,July,Q3,Home & Kitchen,Furniture,Delhi,Email,UPI,1,9275.29,0,0.0,9275.29,4491.45,4783.84,51.58,0,,5,9
ORD12818,CUST1835,2024-07-27,July,Q3,Electronics,Tablet,Ahmedabad,Referral,UPI,1,57322.36,0,0.0,57322.36,28031.83,29290.53,51.1,1,Late Delivery,4,7
ORD12819,CUST3594,2024-07-28,July,Q3,Electronics,Mobile,Kolkata,Paid Ads,COD,1,44306.41,15,6645.96,37660.45,30670.71,6989.74,18.56,1,Size Issue,3,10
ORD12820,CUST3592,2024-07-28,July,Q3,Fashion,Womens Clothing,Hyderabad,Social Media,Credit Card,3,4781.72,10,1434.52,12910.64,8869.71,4040.94,31.3,0,,4,9
ORD12821,CUST2743,2024-07-28,July,Q3,Books,Academic,Delhi,Organic Search,COD,1,519.19,20,103.84,415.35,239.16,176.19,42.42,1,Damaged Product,5,5
ORD12822,CUST3275,2024-07-28,July,Q3,Fashion,Accessories,Bangalore,Social Media,Credit Card,2,1127.97,10,225.59,2030.35,1092.31,938.03,46.2,0,,4,10
ORD12823,CUST1746,2024-07-28,July,Q3,Beauty,Fragrance,Bangalore,Organic Search,UPI,2,2057.54,0,0.0,4115.08,2351.56,1763.52,42.85,0,,5,9
ORD12824,CUST3793,2024-07-28,July,Q3,Fashion,Womens Clothing,Chennai,Social Media,Debit Card,2,4048.56,20,1619.42,6477.7,4064.41,2413.29,37.26,0,,5,4
ORD12825,CUST1411,2024-07-28,July,Q3,Fashion,Womens Clothing,Bangalore,Referral,Credit Card,1,742.1,10,74.21,667.89,483.04,184.85,27.68,1,Wrong Item,2,3
ORD12826,CUST2162,2024-07-28,July,Q3,Sports,Outdoor,Kolkata,Organic Search,UPI,4,1358.79,20,1087.03,4348.13,3224.7,1123.42,25.84,0,,2,2
ORD12827,CUST2242,2024-07-28,July,Q3,Beauty,Skincare,Ahmedabad,Email,Credit Card,2,2420.02,15,726.01,4114.03,2919.31,1194.72,29.04,0,,4,4
ORD12828,CUST2164,2024-07-28,July,Q3,Electronics,Headphones,Delhi,Organic Search,Credit Card,3,15609.57,0,0.0,46828.71,26491.3,20337.41,43.43,0,,3,3
ORD12829,CUST3129,2024-07-28,July,Q3,Fashion,Mens Clothing,Hyderabad,Paid Ads,Debit Card,1,2057.46,0,0.0,2057.46,1057.57,999.89,48.6,1,Damaged Product,4,9
ORD12830,CUST3149,2024-07-28,July,Q3,Electronics,Tablet,Mumbai,Organic Search,UPI,2,34699.54,0,0.0,69399.08,41455.6,27943.48,40.26,0,,5,8
ORD12831,CUST3526,2024-07-28,July,Q3,Home & Kitchen,Cookware,Delhi,Paid Ads,Credit Card,2,7340.35,0,0.0,14680.7,9237.72,5442.98,37.08,0,,4,1
ORD12832,CUST2569,2024-07-28,July,Q3,Beauty,Haircare,Bangalore,Organic Search,Credit Card,1,2044.1,0,0.0,2044.1,1109.41,934.69,45.73,1,Late Delivery,4,2
ORD12833,CUST2580,2024-07-28,July,Q3,Electronics,Tablet,Delhi,Paid Ads,Credit Card,1,20030.49,10,2003.05,18027.44,11542.29,6485.15,35.97,0,,4,3
ORD12834,CUST3402,2024-07-28,July,Q3,Fashion,Footwear,Kolkata,Paid Ads,UPI,2,1274.31,25,637.16,1911.46,1681.89,229.58,12.01,0,,3,6
ORD12835,CUST3539,2024-07-29,July,Q3,Fashion,Footwear,Mumbai,Paid Ads,Debit Card,1,1883.87,20,376.77,1507.1,917.77,589.33,39.1,0,,5,5
ORD12836,CUST3935,2024-07-29,July,Q3,Books,Fiction,Bangalore,Social Media,Credit Card,2,269.99,15,81.0,458.98,316.59,142.39,31.02,0,,4,11
ORD12837,CUST3009,2024-07-29,July,Q3,Toys,Action Figures,Hyderabad,Direct,Credit Card,1,2615.96,0,0.0,2615.96,1405.04,1210.92,46.29,0,,4,5
ORD12838,CUST1590,2024-07-29,July,Q3,Electronics,Headphones,Chennai,Paid Ads,Debit Card,1,37741.17,5,1887.06,35854.11,23614.6,12239.51,34.14,0,,3,6
ORD12839,CUST3046,2024-07-29,July,Q3,Sports,Outdoor,Bangalore,Organic Search,UPI,2,7379.28,15,2213.78,12544.78,6710.76,5834.02,46.51,0,,5,8
ORD12840,CUST3827,2024-07-29,July,Q3,Fashion,Mens Clothing,Kolkata,Organic Search,UPI,1,1193.62,0,0.0,1193.62,737.2,456.42,38.24,0,,4,1
ORD12841,CUST1909,2024-07-29,July,Q3,Fashion,Accessories,Hyderabad,Direct,COD,5,2999.07,20,2999.07,11996.28,7133.65,4862.63,40.53,1,Damaged Product,2,5
ORD12842,CUST2732,2024-07-29,July,Q3,Sports,Outdoor,Bangalore,Social Media,Credit Card,3,7868.28,25,5901.21,17703.63,11004.39,6699.24,37.84,0,,5,6
ORD12843,CUST2839,2024-07-29,July,Q3,Books,Children,Mumbai,Paid Ads,Net Banking,2,153.21,5,15.32,291.1,193.4,97.7,33.56,0,,5,11
ORD12844,CUST3610,2024-07-29,July,Q3,Toys,Educational,Bangalore,Organic Search,Debit Card,3,730.19,15,328.59,1861.98,1336.44,525.55,28.23,0,,4,10
ORD12845,CUST2806,2024-07-29,July,Q3,Home & Kitchen,Appliances,Pune,Paid Ads,Net Banking,3,2218.77,0,0.0,6656.31,4484.58,2171.73,32.63,1,Size Issue,4,11
ORD12846,CUST3946,2024-07-29,July,Q3,Fashion,Womens Clothing,Hyderabad,Organic Search,Debit Card,1,2974.23,15,446.13,2528.1,1724.8,803.3,31.77,1,Changed Mind,5,6
ORD12847,CUST2198,2024-07-29,July,Q3,Sports,Sportswear,Pune,Referral,UPI,3,4243.45,0,0.0,12730.35,7415.51,5314.84,41.75,0,,5,9
ORD12848,CUST3634,2024-07-29,July,Q3,Fashion,Accessories,Bangalore,Direct,Debit Card,1,1456.21,0,0.0,1456.21,912.69,543.52,37.32,0,,4,10
ORD12849,CUST2692,2024-07-29,July,Q3,Home & Kitchen,Decor,Mumbai,Organic Search,Debit Card,1,7506.74,15,1126.01,6380.73,3984.95,2395.78,37.55,0,,4,7
ORD12850,CUST1613,2024-07-30,July,Q3,Fashion,Accessories,Mumbai,Social Media,COD,2,2193.31,15,657.99,3728.63,2014.46,1714.17,45.97,0,,3,4
ORD12851,CUST1026,2024-07-30,July,Q3,Beauty,Haircare,Delhi,Organic Search,UPI,2,1497.76,10,299.55,2695.97,1520.26,1175.71,43.61,0,,3,7
ORD12852,CUST1531,2024-07-30,July,Q3,Fashion,Mens Clothing,Chennai,Paid Ads,Net Banking,1,1592.34,10,159.23,1433.11,811.3,621.8,43.39,0,,3,7
ORD12853,CUST2500,2024-07-30,July,Q3,Electronics,Tablet,Pune,Direct,UPI,1,73771.23,15,11065.68,62705.55,39387.55,23318.0,37.19,0,,3,11
ORD12854,CUST3110,2024-07-30,July,Q3,Books,Academic,Delhi,Social Media,UPI,2,401.92,15,120.58,683.26,551.33,131.94,19.31,0,,5,11
ORD12855,CUST3882,2024-07-30,July,Q3,Electronics,Laptop,Bangalore,Paid Ads,Credit Card,1,28876.75,30,8663.02,20213.72,18804.85,1408.88,6.97,0,,3,6
ORD12856,CUST1686,2024-07-30,July,Q3,Home & Kitchen,Cookware,Bangalore,Organic Search,Net Banking,2,14080.73,20,5632.29,22529.17,19262.13,3267.04,14.5,0,,5,8
ORD12857,CUST2510,2024-07-30,July,Q3,Fashion,Accessories,Bangalore,Email,UPI,2,2299.48,15,689.84,3909.12,3217.67,691.44,17.69,1,Late Delivery,4,8
ORD12858,CUST2179,2024-07-30,July,Q3,Electronics,Mobile,Delhi,Social Media,UPI,1,29533.39,15,4430.01,25103.38,16492.77,8610.61,34.3,0,,4,10
ORD12859,CUST1856,2024-07-30,July,Q3,Electronics,Tablet,Mumbai,Paid Ads,Debit Card,1,26239.6,10,2623.96,23615.64,13297.4,10318.24,43.69,0,,4,6
ORD12860,CUST1285,2024-07-30,July,Q3,Electronics,Tablet,Mumbai,Organic Search,UPI,2,55606.22,0,0.0,111212.44,65615.46,45596.98,41.0,0,,4,11
ORD12861,CUST3153,2024-07-30,July,Q3,Books,Fiction,Mumbai,Paid Ads,Net Banking,1,717.24,0,0.0,717.24,480.75,236.49,32.97,0,,4,2
ORD12862,CUST1894,2024-07-30,July,Q3,Fashion,Mens Clothing,Mumbai,Referral,Credit Card,1,3186.22,20,637.24,2548.98,1804.78,744.2,29.2,1,Size Issue,4,5
ORD12863,CUST1708,2024-07-30,July,Q3,Toys,Board Games,Mumbai,Social Media,Debit Card,1,1742.11,20,348.42,1393.69,1004.06,389.62,27.96,0,,5,1
ORD12864,CUST3898,2024-07-31,July,Q3,Home & Kitchen,Appliances,Hyderabad,Paid Ads,Credit Card,1,5725.51,10,572.55,5152.96,2768.91,2384.05,46.27,0,,4,10
ORD12865,CUST3225,2024-07-31,July,Q3,Fashion,Accessories,Delhi,Social Media,UPI,1,3514.45,5,175.72,3338.73,1950.92,1387.81,41.57,1,Late Delivery,5,10
ORD12866,CUST1433,2024-07-31,July,Q3,Home & Kitchen,Cookware,Ahmedabad,Email,Credit Card,1,14577.2,0,0.0,14577.2,7970.07,6607.13,45.33,0,,5,10
ORD12867,CUST1547,2024-07-31,July,Q3,Home & Kitchen,Furniture,Mumbai,Paid Ads,Credit Card,2,1181.93,5,118.19,2245.67,1271.57,974.09,43.38,0,,5,11
ORD12868,CUST1779,2024-07-31,July,Q3,Sports,Fitness Equipment,Delhi,Organic Search,Debit Card,2,8913.09,5,891.31,16934.87,11976.07,4958.8,29.28,0,,3,9
ORD12869,CUST1257,2024-07-31,July,Q3,Fashion,Footwear,Delhi,Social Media,UPI,3,1301.72,10,390.52,3514.64,1815.22,1699.43,48.35,0,,5,4
ORD12870,CUST1517,2024-07-31,July,Q3,Fashion,Womens Clothing,Mumbai,Social Media,Debit Card,1,1558.21,25,389.55,1168.66,1079.9,88.76,7.6,0,,4,1
ORD12871,CUST1819,2024-07-31,July,Q3,Books,Academic,Pune,Email,Credit Card,1,385.48,0,0.0,385.48,174.26,211.22,54.79,0,,5,3
ORD12872,CUST3484,2024-07-31,July,Q3,Toys,Board Games,Mumbai,Direct,Net Banking,2,1653.93,10,330.79,2977.07,2270.51,706.56,23.73,0,,4,10
ORD12873,CUST1586,2024-07-31,July,Q3,Books,Children,Ahmedabad,Paid Ads,Net Banking,2,151.03,5,15.1,286.96,177.31,109.64,38.21,0,,4,2
ORD12874,CUST3642,2024-07-31,July,Q3,Fashion,Mens Clothing,Kolkata,Organic Search,Debit Card,2,3196.27,30,1917.76,4474.78,3999.25,475.53,10.63,0,,5,9
ORD12875,CUST1029,2024-07-31,July,Q3,Sports,Fitness Equipment,Bangalore,Referral,UPI,2,4282.72,20,1713.09,6852.35,4255.17,2597.19,37.9,0,,3,7
ORD12876,CUST3567,2024-07-31,July,Q3,Home & Kitchen,Appliances,Hyderabad,Paid Ads,UPI,2,1897.23,5,189.72,3604.74,2328.1,1276.64,35.42,0,,4,10
ORD12877,CUST2248,2024-07-31,July,Q3,Home & Kitchen,Appliances,Hyderabad,Social Media,Credit Card,1,4067.04,30,1220.11,2846.93,2726.91,120.02,4.22,1,Damaged Product,2,10
ORD12878,CUST3556,2024-07-31,July,Q3,Fashion,Footwear,Bangalore,Social Media,Debit Card,2,2749.77,10,549.95,4949.59,2666.56,2283.02,46.13,0,,3,6
ORD12879,CUST1379,2024-07-31,July,Q3,Home & Kitchen,Decor,Hyderabad,Social Media,UPI,2,1428.32,0,0.0,2856.64,1376.24,1480.4,51.82,0,,5,4
ORD12880,CUST1241,2024-07-31,July,Q3,Electronics,Tablet,Mumbai,Organic Search,Debit Card,5,27645.34,10,13822.67,124404.03,72706.48,51697.55,41.56,0,,1,11
ORD12881,CUST2544,2024-07-31,July,Q3,Fashion,Footwear,Mumbai,Email,Debit Card,2,917.83,0,0.0,1835.66,900.27,935.39,50.96,0,,5,4
ORD12882,CUST1033,2024-08-01,August,Q3,Books,Children,Bangalore,Email,COD,2,399.64,10,79.93,719.35,381.79,337.57,46.93,0,,4,7
ORD12883,CUST1368,2024-08-01,August,Q3,Fashion,Accessories,Hyderabad,Social Media,UPI,1,1309.44,25,327.36,982.08,811.3,170.78,17.39,0,,4,8
ORD12884,CUST3128,2024-08-01,August,Q3,Electronics,Tablet,Kolkata,Paid Ads,UPI,3,16306.07,15,7337.73,41580.48,24628.2,16952.28,40.77,0,,4,4
ORD12885,CUST2002,2024-08-01,August,Q3,Electronics,Camera,Mumbai,Organic Search,Credit Card,5,28331.91,0,0.0,141659.55,87369.06,54290.49,38.32,1,Damaged Product,2,7
ORD12886,CUST2701,2024-08-01,August,Q3,Toys,Educational,Pune,Organic Search,UPI,2,2123.24,0,0.0,4246.48,2825.96,1420.52,33.45,0,,5,3
ORD12887,CUST2074,2024-08-01,August,Q3,Home & Kitchen,Furniture,Delhi,Paid Ads,Debit Card,2,7625.26,0,0.0,15250.52,9348.66,5901.86,38.7,0,,5,9
ORD12888,CUST3005,2024-08-01,August,Q3,Fashion,Accessories,Bangalore,Paid Ads,UPI,1,1674.59,0,0.0,1674.59,803.54,871.05,52.02,1,Wrong Item,4,3
ORD12889,CUST1655,2024-08-01,August,Q3,Sports,Fitness Equipment,Delhi,Referral,UPI,2,9572.66,0,0.0,19145.32,11360.73,7784.59,40.66,0,,2,3
ORD12890,CUST1835,2024-08-01,August,Q3,Sports,Fitness Equipment,Bangalore,Email,UPI,2,2205.42,10,441.08,3969.76,2418.94,1550.82,39.07,0,,4,10
ORD12891,CUST3939,2024-08-01,August,Q3,Fashion,Footwear,Mumbai,Social Media,Debit Card,2,2291.97,15,687.59,3896.35,2456.27,1440.08,36.96,0,,3,2
ORD12892,CUST3264,2024-08-01,August,Q3,Beauty,Fragrance,Bangalore,Social Media,UPI,1,1648.58,15,247.29,1401.29,873.14,528.15,37.69,0,,5,3
ORD12893,CUST2897,2024-08-01,August,Q3,Sports,Outdoor,Pune,Organic Search,Net Banking,2,1511.09,0,0.0,3022.18,2062.21,959.97,31.76,0,,5,8
ORD12894,CUST2413,2024-08-01,August,Q3,Beauty,Haircare,Bangalore,Referral,UPI,1,2457.44,5,122.87,2334.57,1562.01,772.55,33.09,0,,4,2
ORD12895,CUST1099,2024-08-02,August,Q3,Electronics,Laptop,Bangalore,Paid Ads,Credit Card,2,30971.52,0,0.0,61943.04,29947.12,31995.92,51.65,1,Changed Mind,5,1
ORD12896,CUST3181,2024-08-02,August,Q3,Books,Fiction,Pune,Organic Search,UPI,1,626.24,0,0.0,626.24,356.33,269.91,43.1,1,Wrong Item,3,5
ORD12897,CUST1676,2024-08-02,August,Q3,Home & Kitchen,Cookware,Chennai,Paid Ads,Credit Card,2,10113.33,5,1011.33,19215.33,10711.14,8504.18,44.26,0,,4,8
ORD12898,CUST2931,2024-08-02,August,Q3,Fashion,Mens Clothing,Bangalore,Direct,COD,1,2320.13,0,0.0,2320.13,1611.29,708.84,30.55,0,,5,6
ORD12899,CUST2654,2024-08-02,August,Q3,Fashion,Mens Clothing,Delhi,Direct,UPI,1,4131.12,10,413.11,3718.01,2869.09,848.92,22.83,1,Not as Described,2,2
ORD12900,CUST3124,2024-08-02,August,Q3,Electronics,Tablet,Kolkata,Organic Search,Debit Card,2,17066.28,20,6826.51,27306.05,18086.28,9219.76,33.76,0,,4,9
ORD12901,CUST3892,2024-08-02,August,Q3,Electronics,Mobile,Hyderabad,Direct,Credit Card,1,14655.46,10,1465.55,13189.91,7885.05,5304.86,40.22,0,,4,4
ORD12902,CUST1356,2024-08-02,August,Q3,Sports,Fitness Equipment,Delhi,Organic Search,Debit Card,2,5316.22,15,1594.87,9037.57,6377.91,2659.67,29.43,0,,4,3
ORD12903,CUST3724,2024-08-02,August,Q3,Electronics,Tablet,Delhi,Organic Search,COD,4,56472.4,0,0.0,225889.6,128717.94,97171.66,43.02,0,,4,4
ORD12904,CUST2867,2024-08-02,August,Q3,Fashion,Footwear,Pune,Direct,Credit Card,4,552.15,20,441.72,1766.88,1111.53,655.35,37.09,0,,4,3
ORD12905,CUST1724,2024-08-02,August,Q3,Home & Kitchen,Furniture,Mumbai,Direct,UPI,1,10084.2,0,0.0,10084.2,6202.82,3881.38,38.49,0,,4,8
ORD12906,CUST1740,2024-08-02,August,Q3,Electronics,Headphones,Ahmedabad,Social Media,Net Banking,3,55264.62,0,0.0,165793.86,88456.36,77337.5,46.65,0,,2,1
ORD12907,CUST2433,2024-08-02,August,Q3,Toys,Action Figures,Mumbai,Social Media,Debit Card,1,1440.63,0,0.0,1440.63,883.72,556.91,38.66,0,,3,1
ORD12908,CUST2966,2024-08-02,August,Q3,Fashion,Mens Clothing,Pune,Email,Debit Card,3,745.3,5,111.79,2124.1,1220.62,903.48,42.53,1,Damaged Product,4,9
ORD12909,CUST2901,2024-08-02,August,Q3,Fashion,Accessories,Bangalore,Email,UPI,2,2412.42,10,482.48,4342.36,3015.78,1326.58,30.55,0,,3,7
ORD12910,CUST2314,2024-08-02,August,Q3,Fashion,Accessories,Bangalore,Direct,UPI,1,3839.29,30,1151.79,2687.5,2368.65,318.85,11.86,1,Not as Described,5,9
ORD12911,CUST2066,2024-08-02,August,Q3,Fashion,Womens Clothing,Kolkata,Social Media,Credit Card,1,1021.81,15,153.27,868.54,589.79,278.75,32.09,0,,5,3
ORD12912,CUST2487,2024-08-02,August,Q3,Electronics,Headphones,Bangalore,Referral,Credit Card,1,65534.38,5,3276.72,62257.66,41036.65,21221.02,34.09,1,Changed Mind,4,3
ORD12913,CUST3302,2024-08-02,August,Q3,Beauty,Fragrance,Bangalore,Referral,UPI,2,2742.99,10,548.6,4937.38,3100.9,1836.48,37.2,0,,5,2
ORD12914,CUST3571,2024-08-02,August,Q3,Toys,Dolls,Mumbai,Organic Search,Net Banking,1,1655.57,10,165.56,1490.01,793.08,696.94,46.77,0,,4,2
ORD12915,CUST2088,2024-08-03,August,Q3,Fashion,Footwear,Mumbai,Direct,Credit Card,2,4014.52,20,1605.81,6423.23,3978.6,2444.63,38.06,0,,3,11
ORD12916,CUST2981,2024-08-03,August,Q3,Beauty,Makeup,Delhi,Paid Ads,Credit Card,2,2193.67,15,658.1,3729.24,2244.12,1485.12,39.82,0,,4,9
ORD12917,CUST1555,2024-08-03,August,Q3,Beauty,Skincare,Chennai,Paid Ads,Debit Card,5,2563.67,10,1281.84,11536.52,5970.88,5565.63,48.24,0,,4,2
ORD12918,CUST2552,2024-08-03,August,Q3,Sports,Fitness Equipment,Mumbai,Social Media,COD,4,9731.82,15,5839.09,33088.19,24440.31,8647.88,26.14,0,,2,4
ORD12919,CUST1633,2024-08-03,August,Q3,Fashion,Accessories,Mumbai,Organic Search,Debit Card,1,1002.52,15,150.38,852.14,543.21,308.93,36.25,1,Size Issue,4,11
ORD12920,CUST3339,2024-08-03,August,Q3,Fashion,Mens Clothing,Bangalore,Social Media,COD,2,1304.78,0,0.0,2609.56,1235.32,1374.24,52.66,0,,1,4
ORD12921,CUST1133,2024-08-03,August,Q3,Fashion,Accessories,Hyderabad,Direct,Credit Card,3,2408.29,0,0.0,7224.87,4732.21,2492.66,34.5,1,Changed Mind,4,9
ORD12922,CUST2332,2024-08-03,August,Q3,Beauty,Fragrance,Chennai,Organic Search,Net Banking,3,2326.91,15,1047.11,5933.62,4334.43,1599.19,26.95,0,,4,3
ORD12923,CUST1583,2024-08-03,August,Q3,Sports,Outdoor,Mumbai,Paid Ads,UPI,1,8767.99,20,1753.6,7014.39,4936.87,2077.52,29.62,0,,4,10
ORD12924,CUST3533,2024-08-03,August,Q3,Electronics,Tablet,Mumbai,Referral,UPI,1,11000.68,5,550.03,10450.65,5630.77,4819.88,46.12,0,,3,2
ORD12925,CUST1369,2024-08-03,August,Q3,Fashion,Accessories,Ahmedabad,Paid Ads,Debit Card,1,531.31,30,159.39,371.92,259.25,112.67,30.29,0,,1,3
ORD12926,CUST3092,2024-08-04,August,Q3,Books,Children,Delhi,Paid Ads,UPI,1,766.33,0,0.0,766.33,432.66,333.67,43.54,0,,4,9
ORD12927,CUST3743,2024-08-04,August,Q3,Sports,Fitness Equipment,Kolkata,Paid Ads,Credit Card,1,7221.86,5,361.09,6860.77,4848.12,2012.65,29.34,0,,5,5
ORD12928,CUST2857,2024-08-04,August,Q3,Toys,Action Figures,Kolkata,Social Media,Credit Card,1,996.16,5,49.81,946.35,495.19,451.16,47.67,1,Size Issue,4,5
ORD12929,CUST2566,2024-08-04,August,Q3,Sports,Fitness Equipment,Pune,Social Media,Debit Card,2,5391.51,25,2695.76,8087.26,6385.32,1701.94,21.04,0,,4,7
ORD12930,CUST3693,2024-08-04,August,Q3,Fashion,Footwear,Mumbai,Email,COD,1,3265.34,0,0.0,3265.34,2254.46,1010.88,30.96,0,,4,1
ORD12931,CUST3268,2024-08-04,August,Q3,Home & Kitchen,Furniture,Pune,Paid Ads,UPI,2,13185.31,10,2637.06,23733.56,16067.07,7666.49,32.3,0,,5,10
ORD12932,CUST1987,2024-08-04,August,Q3,Beauty,Fragrance,Pune,Email,UPI,1,1417.69,0,0.0,1417.69,793.89,623.8,44.0,0,,4,5
ORD12933,CUST3988,2024-08-04,August,Q3,Electronics,Tablet,Hyderabad,Social Media,UPI,3,39857.24,10,11957.17,107614.55,75221.76,32392.79,30.1,0,,2,9
ORD12934,CUST1418,2024-08-04,August,Q3,Home & Kitchen,Furniture,Delhi,Paid Ads,Credit Card,4,1365.79,20,1092.63,4370.53,3584.62,785.91,17.98,0,,3,6
ORD12935,CUST2607,2024-08-04,August,Q3,Beauty,Makeup,Delhi,Social Media,COD,2,2630.11,5,263.01,4997.21,3143.66,1853.55,37.09,0,,3,8
ORD12936,CUST1217,2024-08-04,August,Q3,Electronics,Tablet,Mumbai,Email,UPI,3,39518.8,20,23711.28,94845.12,79190.71,15654.41,16.51,0,,4,10
ORD12937,CUST3250,2024-08-04,August,Q3,Sports,Outdoor,Bangalore,Social Media,UPI,1,975.7,25,243.92,731.78,564.59,167.19,22.85,0,,1,8
ORD12938,CUST1744,2024-08-04,August,Q3,Home & Kitchen,Cookware,Hyderabad,Organic Search,UPI,2,9310.46,0,0.0,18620.92,12243.39,6377.53,34.25,0,,3,1
ORD12939,CUST3942,2024-08-04,August,Q3,Toys,Dolls,Delhi,Organic Search,Net Banking,1,1297.1,15,194.56,1102.53,892.41,210.12,19.06,0,,4,8
ORD12940,CUST2800,2024-08-04,August,Q3,Electronics,Camera,Bangalore,Paid Ads,COD,1,36927.69,0,0.0,36927.69,21244.9,15682.79,42.47,0,,4,6
ORD12941,CUST1495,2024-08-04,August,Q3,Fashion,Accessories,Delhi,Paid Ads,UPI,1,3537.48,0,0.0,3537.48,2126.91,1410.57,39.87,1,Not as Described,5,4
ORD12942,CUST3643,2024-08-04,August,Q3,Home & Kitchen,Appliances,Hyderabad,Social Media,Debit Card,2,11689.04,10,2337.81,21040.27,14082.18,6958.09,33.07,0,,4,3
ORD12943,CUST2920,2024-08-04,August,Q3,Fashion,Womens Clothing,Kolkata,Organic Search,UPI,1,605.89,15,90.88,515.01,391.02,123.99,24.08,0,,5,5
ORD12944,CUST1719,2024-08-05,August,Q3,Beauty,Skincare,Mumbai,Email,UPI,2,948.26,5,94.83,1801.69,1243.63,558.07,30.97,0,,5,5
ORD12945,CUST1259,2024-08-05,August,Q3,Sports,Outdoor,Bangalore,Organic Search,Debit Card,1,3285.78,0,0.0,3285.78,1500.97,1784.81,54.32,0,,5,7
ORD12946,CUST2872,2024-08-05,August,Q3,Electronics,Headphones,Mumbai,Paid Ads,Debit Card,3,36279.52,25,27209.64,81628.92,68931.8,12697.12,15.55,0,,5,9
ORD12947,CUST3815,2024-08-05,August,Q3,Home & Kitchen,Appliances,Hyderabad,Social Media,Debit Card,2,7144.14,15,2143.24,12145.04,9229.57,2915.47,24.01,0,,3,11
ORD12948,CUST1880,2024-08-05,August,Q3,Home & Kitchen,Appliances,Chennai,Organic Search,UPI,1,5027.1,0,0.0,5027.1,3142.48,1884.62,37.49,0,,5,1
ORD12949,CUST1812,2024-08-05,August,Q3,Fashion,Footwear,Ahmedabad,Direct,Debit Card,1,660.27,10,66.03,594.24,414.93,179.31,30.18,0,,4,9
ORD12950,CUST2814,2024-08-05,August,Q3,Toys,Educational,Delhi,Organic Search,Debit Card,3,601.54,0,0.0,1804.62,830.76,973.86,53.96,0,,5,3
ORD12951,CUST3937,2024-08-05,August,Q3,Sports,Outdoor,Ahmedabad,Paid Ads,UPI,1,7453.09,5,372.65,7080.44,4177.53,2902.91,41.0,0,,4,6
ORD12952,CUST3983,2024-08-06,August,Q3,Beauty,Skincare,Mumbai,Direct,UPI,1,1687.55,10,168.76,1518.8,1104.58,414.22,27.27,1,Changed Mind,3,6
ORD12953,CUST1889,2024-08-06,August,Q3,Beauty,Skincare,Hyderabad,Social Media,Credit Card,2,1309.4,10,261.88,2356.92,1789.95,566.97,24.06,0,,5,4
ORD12954,CUST3312,2024-08-06,August,Q3,Home & Kitchen,Cookware,Mumbai,Paid Ads,Debit Card,1,3288.32,0,0.0,3288.32,1668.38,1619.94,49.26,1,Size Issue,3,2
ORD12955,CUST3684,2024-08-06,August,Q3,Books,Non-Fiction,Kolkata,Paid Ads,COD,1,497.74,15,74.66,423.08,296.06,127.02,30.02,0,,5,5
ORD12956,CUST3386,2024-08-06,August,Q3,Beauty,Makeup,Bangalore,Email,UPI,1,552.95,0,0.0,552.95,360.02,192.93,34.89,0,,4,3
ORD12957,CUST1762,2024-08-06,August,Q3,Beauty,Makeup,Chennai,Referral,Debit Card,1,605.0,10,60.5,544.5,386.05,158.45,29.1,1,Damaged Product,4,4
ORD12958,CUST1119,2024-08-06,August,Q3,Books,Fiction,Pune,Direct,Net Banking,1,470.74,0,0.0,470.74,284.67,186.07,39.53,0,,4,6
ORD12959,CUST2334,2024-08-06,August,Q3,Fashion,Footwear,Mumbai,Paid Ads,Credit Card,1,4517.23,5,225.86,4291.37,2053.86,2237.51,52.14,0,,3,11
ORD12960,CUST1744,2024-08-06,August,Q3,Sports,Outdoor,Mumbai,Referral,Net Banking,1,3781.17,0,0.0,3781.17,2385.81,1395.36,36.9,0,,5,7
ORD12961,CUST1706,2024-08-06,August,Q3,Electronics,Mobile,Kolkata,Organic Search,Credit Card,1,39352.32,10,3935.23,35417.09,25315.77,10101.32,28.52,0,,5,2
ORD12962,CUST1635,2024-08-06,August,Q3,Fashion,Accessories,Delhi,Organic Search,Credit Card,4,3277.59,5,655.52,12454.84,8268.87,4185.98,33.61,1,Wrong Item,5,11
ORD12963,CUST3361,2024-08-07,August,Q3,Fashion,Footwear,Mumbai,Direct,Debit Card,2,4634.49,0,0.0,9268.98,5945.61,3323.37,35.85,0,,5,3
ORD12964,CUST3321,2024-08-07,August,Q3,Toys,Educational,Bangalore,Organic Search,Debit Card,2,2739.67,0,0.0,5479.34,3055.99,2423.35,44.23,0,,2,7
ORD12965,CUST3518,2024-08-07,August,Q3,Books,Children,Hyderabad,Organic Search,UPI,1,755.97,10,75.6,680.37,528.0,152.37,22.4,0,,4,5
ORD12966,CUST1876,2024-08-07,August,Q3,Beauty,Makeup,Mumbai,Organic Search,UPI,1,2497.36,0,0.0,2497.36,1605.05,892.31,35.73,0,,4,4
ORD12967,CUST2687,2024-08-07,August,Q3,Beauty,Skincare,Delhi,Paid Ads,COD,3,1793.39,10,538.02,4842.15,3199.43,1642.73,33.93,0,,4,4
ORD12968,CUST1701,2024-08-07,August,Q3,Home & Kitchen,Furniture,Mumbai,Email,Debit Card,2,1377.1,5,137.71,2616.49,1882.63,733.86,28.05,0,,3,9
ORD12969,CUST1412,2024-08-07,August,Q3,Toys,Board Games,Bangalore,Social Media,Debit Card,1,1181.79,15,177.27,1004.52,800.13,204.39,20.35,0,,4,9
ORD12970,CUST2749,2024-08-07,August,Q3,Home & Kitchen,Furniture,Kolkata,Organic Search,Credit Card,1,1343.68,25,335.92,1007.76,878.29,129.47,12.85,0,,4,10
ORD12971,CUST2339,2024-08-07,August,Q3,Fashion,Footwear,Ahmedabad,Social Media,Credit Card,1,3242.09,10,324.21,2917.88,1915.83,1002.05,34.34,0,,3,7
ORD12972,CUST3692,2024-08-07,August,Q3,Electronics,Camera,Hyderabad,Referral,UPI,3,59285.77,15,26678.6,151178.71,103472.98,47705.73,31.56,0,,3,1
ORD12973,CUST3396,2024-08-07,August,Q3,Sports,Fitness Equipment,Mumbai,Email,Credit Card,1,8218.53,15,1232.78,6985.75,4373.71,2612.04,37.39,0,,1,1
ORD12974,CUST1308,2024-08-07,August,Q3,Beauty,Skincare,Kolkata,Paid Ads,UPI,2,483.14,25,241.57,724.71,495.43,229.28,31.64,0,,5,3
ORD12975,CUST3622,2024-08-07,August,Q3,Fashion,Footwear,Bangalore,Referral,UPI,2,2806.85,0,0.0,5613.7,3245.22,2368.48,42.19,0,,4,3
ORD12976,CUST2241,2024-08-07,August,Q3,Electronics,Mobile,Mumbai,Email,Credit Card,5,59404.93,20,59404.93,237619.72,176564.95,61054.77,25.69,0,,3,7
ORD12977,CUST1967,2024-08-07,August,Q3,Sports,Outdoor,Kolkata,Organic Search,UPI,3,3708.84,25,2781.63,8344.89,5687.12,2657.77,31.85,0,,5,2
ORD12978,CUST3265,2024-08-07,August,Q3,Electronics,Laptop,Chennai,Organic Search,Credit Card,1,52755.58,5,2637.78,50117.8,35908.1,14209.7,28.35,0,,3,8
ORD12979,CUST3255,2024-08-08,August,Q3,Beauty,Skincare,Chennai,Organic Search,Debit Card,2,1045.56,5,104.56,1986.56,1232.34,754.23,37.97,0,,4,1
ORD12980,CUST1589,2024-08-08,August,Q3,Toys,Educational,Chennai,Email,UPI,2,1382.0,25,691.0,2073.0,1607.62,465.38,22.45,0,,5,11
ORD12981,CUST1968,2024-08-08,August,Q3,Fashion,Mens Clothing,Delhi,Organic Search,UPI,2,1327.69,10,265.54,2389.84,1484.12,905.72,37.9,0,,4,8
ORD12982,CUST1682,2024-08-08,August,Q3,Fashion,Accessories,Delhi,Social Media,Credit Card,3,3860.45,5,579.07,11002.28,5379.74,5622.54,51.1,0,,4,9
ORD12983,CUST2331,2024-08-08,August,Q3,Beauty,Fragrance,Chennai,Organic Search,UPI,3,2220.46,15,999.21,5662.17,4467.12,1195.05,21.11,0,,3,5
ORD12984,CUST3675,2024-08-08,August,Q3,Sports,Sportswear,Delhi,Referral,Credit Card,1,7555.51,5,377.78,7177.73,3998.74,3178.99,44.29,0,,3,11
ORD12985,CUST2489,2024-08-08,August,Q3,Home & Kitchen,Appliances,Bangalore,Paid Ads,UPI,1,1925.82,0,0.0,1925.82,1175.93,749.89,38.94,0,,4,4
ORD12986,CUST3877,2024-08-08,August,Q3,Toys,Educational,Pune,Direct,UPI,2,2763.34,10,552.67,4974.01,3326.28,1647.73,33.13,0,,1,6
ORD12987,CUST2001,2024-08-08,August,Q3,Electronics,Mobile,Pune,Referral,UPI,1,77387.0,10,7738.7,69648.3,46132.07,23516.23,33.76,1,Wrong Item,5,6
ORD12988,CUST3365,2024-08-08,August,Q3,Home & Kitchen,Appliances,Bangalore,Organic Search,COD,1,12069.76,20,2413.95,9655.81,7017.7,2638.11,27.32,1,Not as Described,4,8
ORD12989,CUST3212,2024-08-08,August,Q3,Beauty,Skincare,Pune,Paid Ads,UPI,1,1798.51,10,179.85,1618.66,890.91,727.75,44.96,0,,4,8
ORD12990,CUST1832,2024-08-08,August,Q3,Books,Academic,Pune,Organic Search,Credit Card,3,796.7,20,478.02,1912.08,1243.21,668.87,34.98,0,,3,1
ORD12991,CUST2311,2024-08-08,August,Q3,Electronics,Tablet,Hyderabad,Direct,Debit Card,1,51168.61,5,2558.43,48610.18,29731.37,18878.81,38.84,0,,5,9
ORD12992,CUST3277,2024-08-08,August,Q3,Sports,Sportswear,Delhi,Social Media,COD,2,5622.0,10,1124.4,10119.6,7278.64,2840.96,28.07,1,Changed Mind,4,10
ORD12993,CUST2261,2024-08-08,August,Q3,Home & Kitchen,Appliances,Delhi,Organic Search,Credit Card,1,12070.87,0,0.0,12070.87,6735.51,5335.36,44.2,0,,4,1
ORD12994,CUST2092,2024-08-08,August,Q3,Fashion,Footwear,Delhi,Organic Search,UPI,1,3624.16,5,181.21,3442.95,1815.63,1627.32,47.27,0,,4,3
ORD12995,CUST2711,2024-08-09,August,Q3,Electronics,Camera,Mumbai,Paid Ads,UPI,1,8662.34,20,1732.47,6929.87,4088.5,2841.37,41.0,0,,4,7
ORD12996,CUST1500,2024-08-09,August,Q3,Books,Fiction,Delhi,Referral,UPI,1,522.67,0,0.0,522.67,321.84,200.83,38.42,0,,4,5
ORD12997,CUST3003,2024-08-09,August,Q3,Electronics,Tablet,Delhi,Social Media,UPI,3,21140.69,20,12684.41,50737.66,35252.21,15485.45,30.52,0,,4,6
ORD12998,CUST3968,2024-08-09,August,Q3,Fashion,Mens Clothing,Bangalore,Direct,UPI,3,4709.65,0,0.0,14128.95,6800.87,7328.08,51.87,0,,4,8
ORD12999,CUST3640,2024-08-09,August,Q3,Fashion,Womens Clothing,Kolkata,Paid Ads,UPI,2,1736.54,0,0.0,3473.08,2148.51,1324.57,38.14,0,,4,4
ORD13000,CUST2896,2024-08-09,August,Q3,Books,Academic,Mumbai,Organic Search,COD,1,597.76,0,0.0,597.76,300.01,297.75,49.81,0,,2,4
ORD13001,CUST3019,2024-08-09,August,Q3,Beauty,Fragrance,Chennai,Referral,UPI,1,720.0,15,108.0,612.0,415.62,196.38,32.09,0,,1,8
ORD13002,CUST1896,2024-08-09,August,Q3,Sports,Sportswear,Chennai,Organic Search,Debit Card,1,5264.85,0,0.0,5264.85,2772.19,2492.66,47.35,0,,3,3
ORD13003,CUST1661,2024-08-10,August,Q3,Fashion,Footwear,Mumbai,Referral,UPI,1,705.84,15,105.88,599.96,482.03,117.93,19.66,0,,3,6
ORD13004,CUST2610,2024-08-10,August,Q3,Home & Kitchen,Furniture,Kolkata,Paid Ads,UPI,1,6461.12,15,969.17,5491.95,3276.25,2215.7,40.34,0,,5,4
ORD13005,CUST2187,2024-08-10,August,Q3,Home & Kitchen,Decor,Hyderabad,Organic Search,COD,2,3373.9,5,337.39,6410.41,3744.89,2665.52,41.58,0,,4,6
ORD13006,CUST2012,2024-08-10,August,Q3,Sports,Outdoor,Delhi,Social Media,Debit Card,1,3206.67,10,320.67,2886.0,2212.2,673.81,23.35,0,,5,4
ORD13007,CUST1080,2024-08-10,August,Q3,Books,Children,Chennai,Referral,Debit Card,1,153.28,5,7.66,145.62,81.19,64.43,44.24,0,,4,2
ORD13008,CUST3338,2024-08-10,August,Q3,Electronics,Laptop,Delhi,Referral,Net Banking,4,20535.23,25,20535.23,61605.69,50200.28,11405.41,18.51,0,,4,10
ORD13009,CUST2362,2024-08-10,August,Q3,Beauty,Fragrance,Chennai,Organic Search,UPI,1,2389.74,5,119.49,2270.25,1264.61,1005.65,44.3,0,,5,11
ORD13010,CUST2069,2024-08-10,August,Q3,Electronics,Mobile,Mumbai,Organic Search,Credit Card,4,54290.96,0,0.0,217163.84,103732.38,113431.46,52.23,0,,4,11
ORD13011,CUST2039,2024-08-10,August,Q3,Home & Kitchen,Furniture,Pune,Social Media,UPI,5,4701.71,5,1175.43,22333.12,14267.03,8066.09,36.12,0,,4,3
ORD13012,CUST3365,2024-08-10,August,Q3,Fashion,Footwear,Bangalore,Social Media,Net Banking,1,2580.99,15,387.15,2193.84,1752.51,441.33,20.12,0,,4,11
ORD13013,CUST3040,2024-08-10,August,Q3,Fashion,Footwear,Hyderabad,Email,COD,1,4056.16,15,608.42,3447.74,2284.19,1163.55,33.75,0,,4,8
ORD13014,CUST3503,2024-08-10,August,Q3,Fashion,Mens Clothing,Delhi,Organic Search,UPI,2,3356.85,25,1678.42,5035.27,4072.16,963.12,19.13,1,Changed Mind,5,1
ORD13015,CUST3930,2024-08-10,August,Q3,Home & Kitchen,Decor,Chennai,Referral,Credit Card,1,2179.5,20,435.9,1743.6,1312.55,431.05,24.72,0,,4,11
ORD13016,CUST3969,2024-08-11,August,Q3,Fashion,Accessories,Pune,Social Media,COD,1,1511.71,0,0.0,1511.71,837.14,674.57,44.62,0,,5,10
ORD13017,CUST1477,2024-08-11,August,Q3,Beauty,Haircare,Bangalore,Direct,UPI,2,2185.22,10,437.04,3933.4,2638.54,1294.86,32.92,0,,5,6
ORD13018,CUST1739,2024-08-11,August,Q3,Fashion,Mens Clothing,Hyderabad,Social Media,COD,1,1494.76,15,224.21,1270.55,769.55,501.0,39.43,1,Late Delivery,4,9
ORD13019,CUST2830,2024-08-11,August,Q3,Electronics,Camera,Bangalore,Paid Ads,Debit Card,1,50853.97,25,12713.49,38140.48,27690.47,10450.01,27.4,1,Damaged Product,1,1
ORD13020,CUST3472,2024-08-11,August,Q3,Sports,Fitness Equipment,Kolkata,Referral,Credit Card,2,7417.56,5,741.76,14093.36,8316.27,5777.1,40.99,0,,1,4
ORD13021,CUST3384,2024-08-11,August,Q3,Fashion,Footwear,Bangalore,Social Media,UPI,2,3241.92,5,324.19,6159.65,4318.25,1841.4,29.89,0,,2,7
ORD13022,CUST2797,2024-08-11,August,Q3,Fashion,Footwear,Pune,Direct,Debit Card,1,2572.9,20,514.58,2058.32,1381.86,676.46,32.86,0,,2,6
ORD13023,CUST1011,2024-08-11,August,Q3,Beauty,Skincare,Pune,Referral,UPI,1,1378.14,5,68.91,1309.23,838.99,470.24,35.92,0,,4,6
ORD13024,CUST1765,2024-08-11,August,Q3,Fashion,Accessories,Bangalore,Social Media,Net Banking,1,3178.54,10,317.85,2860.69,1599.92,1260.76,44.07,1,Wrong Item,2,9
ORD13025,CUST3338,2024-08-11,August,Q3,Electronics,Tablet,Delhi,Social Media,UPI,1,45609.34,25,11402.34,34207.0,23404.09,10802.92,31.58,0,,4,8
ORD13026,CUST1714,2024-08-11,August,Q3,Fashion,Womens Clothing,Bangalore,Organic Search,COD,2,2640.21,20,1056.08,4224.34,3232.18,992.15,23.49,0,,3,5
ORD13027,CUST2802,2024-08-11,August,Q3,Toys,Educational,Pune,Organic Search,UPI,2,1805.67,0,0.0,3611.34,2313.34,1298.0,35.94,0,,4,11
ORD13028,CUST1286,2024-08-11,August,Q3,Beauty,Skincare,Delhi,Organic Search,UPI,2,1160.26,5,116.03,2204.49,1312.32,892.17,40.47,0,,2,11
ORD13029,CUST1663,2024-08-12,August,Q3,Beauty,Makeup,Bangalore,Organic Search,COD,1,1095.0,5,54.75,1040.25,584.48,455.77,43.81,0,,5,2
ORD13030,CUST1227,2024-08-12,August,Q3,Beauty,Makeup,Pune,Organic Search,UPI,1,2503.36,25,625.84,1877.52,1696.2,181.32,9.66,0,,5,3
ORD13031,CUST2356,2024-08-12,August,Q3,Electronics,Tablet,Delhi,Paid Ads,UPI,1,16383.4,30,4915.02,11468.38,7928.78,3539.6,30.86,0,,4,10
ORD13032,CUST2009,2024-08-12,August,Q3,Fashion,Footwear,Hyderabad,Paid Ads,UPI,1,4344.6,15,651.69,3692.91,2737.87,955.04,25.86,0,,5,3
ORD13033,CUST3730,2024-08-12,August,Q3,Sports,Fitness Equipment,Delhi,Paid Ads,UPI,1,5240.26,10,524.03,4716.23,3262.29,1453.95,30.83,0,,3,4
ORD13034,CUST3440,2024-08-12,August,Q3,Electronics,Tablet,Mumbai,Organic Search,Debit Card,1,44918.03,0,0.0,44918.03,27964.23,16953.8,37.74,0,,5,2
ORD13035,CUST2919,2024-08-12,August,Q3,Fashion,Accessories,Pune,Organic Search,COD,1,1265.06,15,189.76,1075.3,865.12,210.18,19.55,0,,4,8
ORD13036,CUST3158,2024-08-12,August,Q3,Fashion,Footwear,Mumbai,Social Media,Net Banking,2,2255.28,5,225.53,4285.03,2850.89,1434.14,33.47,0,,4,8
ORD13037,CUST3038,2024-08-12,August,Q3,Fashion,Accessories,Delhi,Social Media,UPI,2,2313.22,10,462.64,4163.8,2430.69,1733.1,41.62,0,,2,8
ORD13038,CUST3944,2024-08-12,August,Q3,Toys,Board Games,Kolkata,Paid Ads,UPI,2,2083.89,10,416.78,3751.0,2243.73,1507.27,40.18,0,,3,10
ORD13039,CUST1460,2024-08-12,August,Q3,Electronics,Mobile,Delhi,Social Media,UPI,1,47848.5,10,4784.85,43063.65,26210.34,16853.31,39.14,1,Damaged Product,5,5
ORD13040,CUST1877,2024-08-12,August,Q3,Home & Kitchen,Furniture,Ahmedabad,Direct,UPI,3,1916.24,25,1437.18,4311.54,2631.2,1680.34,38.97,0,,4,10
ORD13041,CUST3008,2024-08-12,August,Q3,Electronics,Camera,Ahmedabad,Paid Ads,UPI,4,41490.39,0,0.0,165961.56,112584.6,53376.96,32.16,0,,3,6
ORD13042,CUST3899,2024-08-12,August,Q3,Toys,Dolls,Delhi,Social Media,COD,1,2959.36,15,443.9,2515.46,1386.13,1129.33,44.9,1,Changed Mind,4,6
ORD13043,CUST2338,2024-08-12,August,Q3,Electronics,Laptop,Mumbai,Referral,Debit Card,2,11231.9,5,1123.19,21340.61,14038.72,7301.89,34.22,0,,2,7
ORD13044,CUST1566,2024-08-12,August,Q3,Fashion,Accessories,Chennai,Direct,Credit Card,3,3866.05,15,1739.72,9858.43,7336.3,2522.13,25.58,0,,2,1
ORD13045,CUST3373,2024-08-13,August,Q3,Beauty,Makeup,Bangalore,Paid Ads,COD,1,1682.86,15,252.43,1430.43,1112.25,318.18,22.24,0,,5,10
ORD13046,CUST3286,2024-08-13,August,Q3,Beauty,Fragrance,Mumbai,Social Media,UPI,1,1051.29,0,0.0,1051.29,618.52,432.77,41.17,0,,4,3
ORD13047,CUST3125,2024-08-13,August,Q3,Fashion,Mens Clothing,Chennai,Organic Search,COD,1,3878.86,0,0.0,3878.86,2448.79,1430.07,36.87,0,,4,11
ORD13048,CUST1995,2024-08-13,August,Q3,Fashion,Womens Clothing,Mumbai,Social Media,Credit Card,1,2531.75,0,0.0,2531.75,1330.89,1200.86,47.43,0,,5,3
ORD13049,CUST1535,2024-08-13,August,Q3,Fashion,Footwear,Kolkata,Referral,Credit Card,1,2603.21,0,0.0,2603.21,1656.67,946.54,36.36,0,,4,11
ORD13050,CUST1611,2024-08-13,August,Q3,Fashion,Accessories,Mumbai,Social Media,Net Banking,4,1201.55,15,720.93,4085.27,2575.42,1509.85,36.96,0,,4,7
ORD13051,CUST1115,2024-08-13,August,Q3,Fashion,Womens Clothing,Mumbai,Referral,Credit Card,2,3132.22,0,0.0,6264.44,4232.94,2031.5,32.43,0,,3,6
ORD13052,CUST3765,2024-08-13,August,Q3,Home & Kitchen,Furniture,Mumbai,Paid Ads,COD,1,9664.56,10,966.46,8698.1,4743.81,3954.3,45.46,0,,4,9
ORD13053,CUST1403,2024-08-13,August,Q3,Fashion,Womens Clothing,Ahmedabad,Referral,COD,2,3042.02,0,0.0,6084.04,3218.09,2865.95,47.11,0,,4,9
ORD13054,CUST1551,2024-08-13,August,Q3,Fashion,Footwear,Chennai,Social Media,UPI,2,2369.27,10,473.85,4264.69,2723.2,1541.48,36.15,1,Late Delivery,1,9
ORD13055,CUST2492,2024-08-13,August,Q3,Beauty,Fragrance,Pune,Organic Search,Credit Card,1,2341.83,15,351.27,1990.56,1508.05,482.5,24.24,0,,4,4
ORD13056,CUST2626,2024-08-13,August,Q3,Toys,Dolls,Bangalore,Social Media,UPI,1,2328.75,5,116.44,2212.31,1483.88,728.43,32.93,0,,5,3
ORD13057,CUST3986,2024-08-13,August,Q3,Home & Kitchen,Decor,Delhi,Organic Search,COD,3,4831.21,10,1449.36,13044.27,7285.65,5758.62,44.15,1,Late Delivery,4,4
ORD13058,CUST3974,2024-08-13,August,Q3,Electronics,Mobile,Delhi,Organic Search,Debit Card,2,60803.9,20,24321.56,97286.24,59108.56,38177.68,39.24,1,Changed Mind,5,3
ORD13059,CUST1222,2024-08-13,August,Q3,Electronics,Laptop,Bangalore,Direct,Debit Card,1,79226.02,0,0.0,79226.02,41672.28,37553.74,47.4,0,,3,7
ORD13060,CUST3244,2024-08-14,August,Q3,Toys,Dolls,Hyderabad,Organic Search,Debit Card,1,1313.27,15,196.99,1116.28,749.8,366.48,32.83,0,,3,11
ORD13061,CUST1771,2024-08-14,August,Q3,Fashion,Footwear,Hyderabad,Email,Credit Card,1,2919.17,5,145.96,2773.21,1706.99,1066.22,38.45,0,,4,3
ORD13062,CUST1709,2024-08-14,August,Q3,Electronics,Headphones,Delhi,Paid Ads,COD,1,33382.16,0,0.0,33382.16,18603.36,14778.8,44.27,0,,3,1
ORD13063,CUST1154,2024-08-14,August,Q3,Home & Kitchen,Furniture,Ahmedabad,Organic Search,COD,1,14273.23,10,1427.32,12845.91,8789.06,4056.84,31.58,0,,2,8
ORD13064,CUST1182,2024-08-14,August,Q3,Home & Kitchen,Decor,Mumbai,Referral,Net Banking,2,2553.61,0,0.0,5107.22,2844.16,2263.06,44.31,1,Wrong Item,2,6
ORD13065,CUST2086,2024-08-14,August,Q3,Beauty,Haircare,Ahmedabad,Paid Ads,UPI,1,1308.1,20,261.62,1046.48,898.12,148.36,14.18,0,,5,5
ORD13066,CUST3270,2024-08-14,August,Q3,Fashion,Accessories,Mumbai,Social Media,UPI,1,1450.87,0,0.0,1450.87,747.55,703.32,48.48,1,Wrong Item,1,8
ORD13067,CUST3002,2024-08-14,August,Q3,Electronics,Laptop,Bangalore,Social Media,Credit Card,1,13297.46,0,0.0,13297.46,8069.47,5227.99,39.32,1,Damaged Product,3,11
ORD13068,CUST3484,2024-08-14,August,Q3,Toys,Action Figures,Delhi,Social Media,UPI,1,1081.24,10,108.12,973.12,651.82,321.3,33.02,0,,2,8
ORD13069,CUST3809,2024-08-14,August,Q3,Fashion,Womens Clothing,Bangalore,Direct,UPI,3,4392.02,10,1317.61,11858.45,6856.74,5001.72,42.18,0,,5,3
ORD13070,CUST2907,2024-08-14,August,Q3,Beauty,Haircare,Hyderabad,Social Media,COD,1,2347.25,15,352.09,1995.16,1297.85,697.32,34.95,0,,4,3
ORD13071,CUST3124,2024-08-14,August,Q3,Beauty,Skincare,Bangalore,Paid Ads,COD,2,2956.27,0,0.0,5912.54,3200.86,2711.68,45.86,0,,3,10
ORD13072,CUST3062,2024-08-14,August,Q3,Home & Kitchen,Furniture,Bangalore,Direct,Net Banking,1,14700.33,20,2940.07,11760.26,7249.1,4511.17,38.36,0,,5,7
ORD13073,CUST3072,2024-08-14,August,Q3,Fashion,Footwear,Chennai,Organic Search,COD,1,2975.32,25,743.83,2231.49,1693.92,537.57,24.09,0,,5,3
ORD13074,CUST3330,2024-08-14,August,Q3,Fashion,Accessories,Chennai,Social Media,COD,2,2084.11,10,416.82,3751.4,2278.62,1472.78,39.26,1,Damaged Product,4,9
ORD13075,CUST2795,2024-08-14,August,Q3,Home & Kitchen,Appliances,Pune,Referral,Credit Card,1,3892.09,15,583.81,3308.28,1924.95,1383.33,41.81,0,,3,8
ORD13076,CUST2430,2024-08-14,August,Q3,Books,Children,Delhi,Social Media,COD,2,735.3,10,147.06,1323.54,827.17,496.37,37.5,0,,4,8
ORD13077,CUST3800,2024-08-15,August,Q3,Toys,Dolls,Hyderabad,Email,UPI,1,1052.98,0,0.0,1052.98,584.89,468.09,44.45,0,,5,9
ORD13078,CUST1862,2024-08-15,August,Q3,Electronics,Mobile,Hyderabad,Social Media,Debit Card,2,62787.48,5,6278.75,119296.21,60632.79,58663.42,49.17,0,,2,8
ORD13079,CUST3839,2024-08-15,August,Q3,Electronics,Laptop,Delhi,Direct,Credit Card,2,52270.67,0,0.0,104541.34,50472.23,54069.11,51.72,1,Late Delivery,3,4
ORD13080,CUST3957,2024-08-15,August,Q3,Toys,Board Games,Bangalore,Referral,UPI,2,2093.43,30,1256.06,2930.8,2561.84,368.96,12.59,0,,3,7
ORD13081,CUST3887,2024-08-15,August,Q3,Beauty,Makeup,Delhi,Organic Search,Debit Card,2,2123.16,0,0.0,4246.32,2660.94,1585.38,37.34,0,,4,6
ORD13082,CUST2524,2024-08-15,August,Q3,Books,Non-Fiction,Mumbai,Organic Search,UPI,2,561.53,10,112.31,1010.75,769.63,241.13,23.86,0,,4,1
ORD13083,CUST3733,2024-08-15,August,Q3,Fashion,Mens Clothing,Delhi,Paid Ads,UPI,4,3362.96,0,0.0,13451.84,6345.92,7105.92,52.82,0,,3,5
ORD13084,CUST3106,2024-08-15,August,Q3,Home & Kitchen,Decor,Mumbai,Email,COD,1,7932.73,15,1189.91,6742.82,3803.47,2939.35,43.59,0,,3,2
ORD13085,CUST2463,2024-08-15,August,Q3,Beauty,Makeup,Chennai,Organic Search,COD,2,1691.02,0,0.0,3382.04,1565.73,1816.31,53.7,0,,5,9
ORD13086,CUST1756,2024-08-15,August,Q3,Beauty,Haircare,Chennai,Organic Search,UPI,1,830.28,15,124.54,705.74,484.1,221.64,31.41,0,,5,11
ORD13087,CUST1969,2024-08-15,August,Q3,Fashion,Mens Clothing,Ahmedabad,Paid Ads,Debit Card,1,2317.85,0,0.0,2317.85,1403.89,913.96,39.43,0,,5,3
ORD13088,CUST3610,2024-08-15,August,Q3,Electronics,Tablet,Chennai,Referral,Credit Card,1,61762.11,20,12352.42,49409.69,34023.56,15386.12,31.14,0,,5,7
ORD13089,CUST3191,2024-08-15,August,Q3,Home & Kitchen,Cookware,Mumbai,Social Media,Debit Card,3,4865.22,20,2919.13,11676.53,9479.52,2197.0,18.82,0,,4,2
ORD13090,CUST2615,2024-08-16,August,Q3,Fashion,Mens Clothing,Kolkata,Paid Ads,Credit Card,1,4660.48,15,699.07,3961.41,2897.3,1064.1,26.86,0,,2,7
ORD13091,CUST1249,2024-08-16,August,Q3,Home & Kitchen,Cookware,Kolkata,Organic Search,Net Banking,2,3028.94,0,0.0,6057.88,4219.07,1838.81,30.35,0,,4,4
ORD13092,CUST1165,2024-08-16,August,Q3,Toys,Educational,Bangalore,Paid Ads,UPI,1,2658.02,0,0.0,2658.02,1287.74,1370.28,51.55,0,,4,11
ORD13093,CUST1827,2024-08-16,August,Q3,Fashion,Footwear,Hyderabad,Organic Search,Credit Card,1,2300.24,20,460.05,1840.19,1068.64,771.55,41.93,0,,4,6
ORD13094,CUST1071,2024-08-16,August,Q3,Sports,Fitness Equipment,Ahmedabad,Organic Search,Debit Card,3,531.71,0,0.0,1595.13,827.4,767.73,48.13,0,,4,9
ORD13095,CUST2139,2024-08-16,August,Q3,Electronics,Tablet,Bangalore,Direct,UPI,1,67239.97,0,0.0,67239.97,30578.22,36661.75,54.52,0,,5,8
ORD13096,CUST2237,2024-08-16,August,Q3,Beauty,Makeup,Kolkata,Referral,UPI,1,2336.22,10,233.62,2102.6,1596.0,506.6,24.09,0,,2,9
ORD13097,CUST1967,2024-08-16,August,Q3,Toys,Action Figures,Mumbai,Organic Search,Credit Card,1,2071.71,0,0.0,2071.71,1089.69,982.02,47.4,0,,3,5
ORD13098,CUST2588,2024-08-16,August,Q3,Electronics,Tablet,Mumbai,Organic Search,Net Banking,2,56251.38,0,0.0,112502.76,66163.72,46339.04,41.19,0,,4,5
ORD13099,CUST3643,2024-08-16,August,Q3,Electronics,Laptop,Bangalore,Paid Ads,Debit Card,1,12374.23,10,1237.42,11136.81,6552.37,4584.44,41.16,0,,5,4
ORD13100,CUST1335,2024-08-16,August,Q3,Fashion,Womens Clothing,Hyderabad,Paid Ads,Credit Card,1,3110.71,5,155.54,2955.17,1590.98,1364.2,46.16,0,,5,9
ORD13101,CUST3345,2024-08-16,August,Q3,Electronics,Mobile,Pune,Organic Search,Credit Card,2,36357.49,0,0.0,72714.98,35491.54,37223.44,51.19,0,,4,10
ORD13102,CUST3350,2024-08-16,August,Q3,Beauty,Skincare,Ahmedabad,Paid Ads,UPI,1,1371.15,10,137.12,1234.04,726.83,507.2,41.1,0,,1,8
ORD13103,CUST2313,2024-08-16,August,Q3,Books,Academic,Bangalore,Organic Search,Credit Card,2,272.77,5,27.28,518.26,329.43,188.84,36.44,0,,4,6
ORD13104,CUST1448,2024-08-17,August,Q3,Fashion,Accessories,Mumbai,Email,Credit Card,1,630.68,15,94.6,536.08,437.0,99.08,18.48,0,,5,10
ORD13105,CUST2885,2024-08-17,August,Q3,Fashion,Mens Clothing,Pune,Email,Debit Card,1,1508.87,0,0.0,1508.87,889.51,619.36,41.05,1,Late Delivery,4,6
ORD13106,CUST1272,2024-08-17,August,Q3,Fashion,Womens Clothing,Hyderabad,Social Media,UPI,2,3243.68,10,648.74,5838.62,3783.28,2055.34,35.2,0,,5,6
ORD13107,CUST2420,2024-08-17,August,Q3,Beauty,Skincare,Mumbai,Paid Ads,Credit Card,3,1609.41,5,241.41,4586.82,2215.27,2371.55,51.7,0,,3,6
ORD13108,CUST1667,2024-08-17,August,Q3,Electronics,Headphones,Bangalore,Direct,Debit Card,2,11037.94,5,1103.79,20972.09,14570.63,6401.46,30.52,0,,1,7
ORD13109,CUST1860,2024-08-17,August,Q3,Home & Kitchen,Decor,Chennai,Referral,Debit Card,2,8902.3,0,0.0,17804.6,8211.67,9592.93,53.88,0,,4,6
ORD13110,CUST3981,2024-08-17,August,Q3,Home & Kitchen,Appliances,Pune,Organic Search,Credit Card,1,6604.61,0,0.0,6604.61,4468.4,2136.21,32.34,0,,5,8
ORD13111,CUST3336,2024-08-17,August,Q3,Beauty,Haircare,Bangalore,Organic Search,UPI,1,263.93,20,52.79,211.14,154.31,56.83,26.92,0,,5,7
ORD13112,CUST1383,2024-08-17,August,Q3,Fashion,Accessories,Delhi,Social Media,Credit Card,1,3244.16,5,162.21,3081.95,1596.51,1485.45,48.2,0,,5,2
ORD13113,CUST1093,2024-08-17,August,Q3,Beauty,Haircare,Ahmedabad,Organic Search,Credit Card,3,666.08,15,299.74,1698.5,1124.86,573.64,33.77,0,,4,10
ORD13114,CUST1611,2024-08-17,August,Q3,Electronics,Laptop,Chennai,Paid Ads,UPI,3,51912.13,25,38934.1,116802.29,108820.2,7982.09,6.83,0,,4,4
ORD13115,CUST3633,2024-08-18,August,Q3,Electronics,Mobile,Bangalore,Social Media,Credit Card,4,56327.23,10,22530.89,202778.03,118573.49,84204.54,41.53,0,,5,11
ORD13116,CUST3364,2024-08-18,August,Q3,Books,Non-Fiction,Delhi,Social Media,Credit Card,1,768.7,5,38.44,730.27,397.7,332.57,45.54,0,,1,7
ORD13117,CUST1685,2024-08-18,August,Q3,Beauty,Haircare,Chennai,Paid Ads,Debit Card,1,263.61,0,0.0,263.61,126.4,137.21,52.05,0,,5,2
ORD13118,CUST3989,2024-08-18,August,Q3,Electronics,Headphones,Delhi,Social Media,COD,2,50100.69,25,25050.34,75151.04,60049.24,15101.79,20.1,0,,4,4
ORD13119,CUST3403,2024-08-18,August,Q3,Fashion,Accessories,Mumbai,Referral,UPI,2,4054.46,15,1216.34,6892.58,3829.9,3062.68,44.43,0,,5,2
ORD13120,CUST2426,2024-08-18,August,Q3,Fashion,Accessories,Bangalore,Organic Search,COD,2,2252.03,15,675.61,3828.45,2889.36,939.09,24.53,0,,5,2
ORD13121,CUST3719,2024-08-18,August,Q3,Fashion,Footwear,Delhi,Social Media,COD,2,2801.01,5,280.1,5321.92,3808.29,1513.63,28.44,0,,3,7
ORD13122,CUST1098,2024-08-18,August,Q3,Fashion,Mens Clothing,Hyderabad,Organic Search,Net Banking,1,1368.64,20,273.73,1094.91,934.74,160.17,14.63,1,Not as Described,3,11
ORD13123,CUST1378,2024-08-18,August,Q3,Electronics,Tablet,Mumbai,Organic Search,UPI,1,73490.51,15,11023.58,62466.93,35053.43,27413.5,43.88,1,Changed Mind,4,2
ORD13124,CUST2240,2024-08-18,August,Q3,Home & Kitchen,Decor,Hyderabad,Social Media,UPI,1,7300.32,0,0.0,7300.32,4304.02,2996.3,41.04,0,,3,4
ORD13125,CUST1814,2024-08-18,August,Q3,Beauty,Skincare,Delhi,Organic Search,Debit Card,1,2224.57,10,222.46,2002.11,1055.06,947.05,47.3,0,,4,7
ORD13126,CUST2957,2024-08-18,August,Q3,Home & Kitchen,Decor,Mumbai,Organic Search,Credit Card,1,4198.28,5,209.91,3988.37,2489.6,1498.77,37.58,0,,4,6
ORD13127,CUST2135,2024-08-18,August,Q3,Beauty,Fragrance,Mumbai,Organic Search,UPI,1,1522.07,0,0.0,1522.07,995.05,527.02,34.63,0,,4,4
ORD13128,CUST3677,2024-08-18,August,Q3,Electronics,Tablet,Ahmedabad,Social Media,Net Banking,1,58459.44,20,11691.89,46767.55,34166.48,12601.08,26.94,0,,2,9
ORD13129,CUST3094,2024-08-18,August,Q3,Toys,Board Games,Kolkata,Email,UPI,2,839.42,0,0.0,1678.84,1121.49,557.35,33.2,0,,5,5
ORD13130,CUST1789,2024-08-18,August,Q3,Sports,Outdoor,Delhi,Organic Search,UPI,3,1760.18,10,528.05,4752.49,3434.56,1317.92,27.73,0,,4,2
ORD13131,CUST1232,2024-08-18,August,Q3,Sports,Fitness Equipment,Pune,Social Media,UPI,3,1115.72,5,167.36,3179.8,1737.63,1442.17,45.35,0,,5,7
ORD13132,CUST3507,2024-08-18,August,Q3,Sports,Outdoor,Hyderabad,Organic Search,Debit Card,1,793.45,5,39.67,753.78,482.04,271.74,36.05,0,,2,10
ORD13133,CUST1804,2024-08-19,August,Q3,Toys,Dolls,Ahmedabad,Social Media,Debit Card,1,1859.53,10,185.95,1673.58,840.23,833.34,49.79,0,,5,2
ORD13134,CUST1020,2024-08-19,August,Q3,Home & Kitchen,Decor,Delhi,Paid Ads,UPI,1,7320.54,30,2196.16,5124.38,4019.05,1105.32,21.57,0,,3,8
ORD13135,CUST3361,2024-08-19,August,Q3,Fashion,Footwear,Chennai,Social Media,Debit Card,5,3576.52,5,894.13,16988.47,9111.01,7877.46,46.37,0,,4,7
ORD13136,CUST2702,2024-08-19,August,Q3,Home & Kitchen,Cookware,Mumbai,Referral,UPI,1,7099.88,0,0.0,7099.88,4858.3,2241.58,31.57,1,Size Issue,4,9
ORD13137,CUST2925,2024-08-19,August,Q3,Beauty,Skincare,Bangalore,Referral,COD,1,877.27,10,87.73,789.54,483.68,305.86,38.74,0,,5,6
ORD13138,CUST1338,2024-08-19,August,Q3,Beauty,Skincare,Ahmedabad,Organic Search,COD,3,695.26,0,0.0,2085.78,1279.66,806.12,38.65,0,,4,7
ORD13139,CUST1861,2024-08-19,August,Q3,Home & Kitchen,Furniture,Bangalore,Direct,Credit Card,1,7351.97,0,0.0,7351.97,4653.76,2698.21,36.7,0,,2,10
ORD13140,CUST3813,2024-08-19,August,Q3,Electronics,Headphones,Delhi,Organic Search,COD,3,53103.44,0,0.0,159310.32,102484.83,56825.49,35.67,0,,5,9
ORD13141,CUST3430,2024-08-19,August,Q3,Fashion,Accessories,Mumbai,Referral,Debit Card,1,4116.59,0,0.0,4116.59,2609.69,1506.9,36.61,0,,4,7
ORD13142,CUST3047,2024-08-19,August,Q3,Books,Academic,Chennai,Paid Ads,Debit Card,1,694.62,5,34.73,659.89,362.79,297.1,45.02,0,,3,9
ORD13143,CUST1380,2024-08-19,August,Q3,Home & Kitchen,Decor,Hyderabad,Paid Ads,UPI,1,13183.61,5,659.18,12524.43,8193.84,4330.59,34.58,0,,4,8
ORD13144,CUST3493,2024-08-19,August,Q3,Home & Kitchen,Cookware,Delhi,Organic Search,Debit Card,3,13706.08,0,0.0,41118.24,24146.78,16971.46,41.27,0,,3,5
ORD13145,CUST1471,2024-08-20,August,Q3,Fashion,Womens Clothing,Ahmedabad,Organic Search,Credit Card,3,1601.89,15,720.85,4084.82,2880.25,1204.57,29.49,0,,3,7
ORD13146,CUST1594,2024-08-20,August,Q3,Fashion,Accessories,Mumbai,Email,Debit Card,2,3749.21,0,0.0,7498.42,3375.82,4122.6,54.98,0,,4,7
ORD13147,CUST2629,2024-08-20,August,Q3,Books,Children,Delhi,Referral,UPI,1,195.4,25,48.85,146.55,100.55,46.0,31.39,0,,3,1
ORD13148,CUST1198,2024-08-20,August,Q3,Beauty,Skincare,Kolkata,Social Media,Debit Card,1,2296.1,10,229.61,2066.49,1567.48,499.01,24.15,0,,4,4
ORD13149,CUST3593,2024-08-20,August,Q3,Sports,Outdoor,Delhi,Email,UPI,5,6979.22,0,0.0,34896.1,18233.88,16662.22,47.75,0,,4,5
ORD13150,CUST1618,2024-08-20,August,Q3,Home & Kitchen,Decor,Delhi,Email,UPI,2,6570.12,30,3942.07,9198.17,7352.02,1846.15,20.07,0,,5,6
ORD13151,CUST3997,2024-08-20,August,Q3,Beauty,Makeup,Bangalore,Organic Search,UPI,2,1655.35,5,165.54,3145.16,1644.32,1500.84,47.72,0,,5,7
ORD13152,CUST1621,2024-08-20,August,Q3,Fashion,Mens Clothing,Pune,Organic Search,COD,1,2615.94,5,130.8,2485.14,1267.82,1217.33,48.98,1,Changed Mind,2,5
ORD13153,CUST1473,2024-08-20,August,Q3,Beauty,Haircare,Mumbai,Organic Search,Debit Card,1,1278.88,0,0.0,1278.88,642.21,636.67,49.78,0,,5,2
ORD13154,CUST1848,2024-08-20,August,Q3,Fashion,Footwear,Ahmedabad,Paid Ads,Credit Card,1,4023.69,15,603.55,3420.14,2367.59,1052.55,30.78,0,,5,5
ORD13155,CUST1644,2024-08-20,August,Q3,Fashion,Womens Clothing,Pune,Organic Search,Debit Card,2,4809.09,10,961.82,8656.36,6538.03,2118.34,24.47,1,Late Delivery,4,5
ORD13156,CUST1483,2024-08-20,August,Q3,Beauty,Haircare,Mumbai,Organic Search,Debit Card,3,2673.4,0,0.0,8020.2,4263.14,3757.06,46.85,0,,5,7
ORD13157,CUST3813,2024-08-20,August,Q3,Toys,Dolls,Chennai,Organic Search,UPI,1,1750.82,0,0.0,1750.82,929.43,821.39,46.91,0,,4,3
ORD13158,CUST3868,2024-08-20,August,Q3,Electronics,Headphones,Bangalore,Organic Search,Credit Card,1,58684.61,15,8802.69,49881.92,34684.67,15197.25,30.47,0,,5,1
ORD13159,CUST2885,2024-08-20,August,Q3,Sports,Sportswear,Bangalore,Direct,Debit Card,1,6266.28,0,0.0,6266.28,3378.69,2887.59,46.08,0,,4,6
ORD13160,CUST2679,2024-08-20,August,Q3,Fashion,Accessories,Pune,Organic Search,UPI,1,4951.44,0,0.0,4951.44,3355.12,1596.32,32.24,0,,4,7
ORD13161,CUST2911,2024-08-20,August,Q3,Fashion,Mens Clothing,Ahmedabad,Social Media,UPI,4,3716.44,10,1486.58,13379.18,8093.84,5285.34,39.5,0,,5,11
ORD13162,CUST3704,2024-08-20,August,Q3,Electronics,Headphones,Mumbai,Social Media,UPI,1,37889.08,20,7577.82,30311.26,21695.69,8615.58,28.42,1,Size Issue,4,10
ORD13163,CUST1571,2024-08-20,August,Q3,Fashion,Mens Clothing,Bangalore,Social Media,COD,3,4224.89,0,0.0,12674.67,7393.73,5280.94,41.67,0,,3,8
ORD13164,CUST1219,2024-08-21,August,Q3,Home & Kitchen,Appliances,Bangalore,Organic Search,UPI,2,1648.97,0,0.0,3297.94,2128.88,1169.06,35.45,0,,3,7
ORD13165,CUST1471,2024-08-21,August,Q3,Electronics,Tablet,Delhi,Paid Ads,UPI,2,65874.68,20,26349.87,105399.49,77860.77,27538.71,26.13,0,,5,7
ORD13166,CUST3481,2024-08-21,August,Q3,Home & Kitchen,Appliances,Delhi,Organic Search,Debit Card,4,12561.97,0,0.0,50247.88,25615.81,24632.07,49.02,0,,5,7
ORD13167,CUST3758,2024-08-21,August,Q3,Books,Academic,Mumbai,Paid Ads,Net Banking,2,621.35,10,124.27,1118.43,597.73,520.7,46.56,0,,4,1
ORD13168,CUST1365,2024-08-21,August,Q3,Electronics,Tablet,Chennai,Organic Search,UPI,3,7992.98,25,5994.74,17984.2,16412.23,1571.97,8.74,0,,4,9
ORD13169,CUST1474,2024-08-21,August,Q3,Sports,Fitness Equipment,Bangalore,Social Media,Credit Card,1,4294.58,20,858.92,3435.66,2793.16,642.51,18.7,0,,3,9
ORD13170,CUST1461,2024-08-21,August,Q3,Fashion,Womens Clothing,Mumbai,Social Media,Debit Card,2,4673.25,0,0.0,9346.5,4259.59,5086.91,54.43,1,Changed Mind,4,7
ORD13171,CUST2567,2024-08-21,August,Q3,Beauty,Makeup,Pune,Social Media,UPI,2,1961.95,5,196.2,3727.7,2571.65,1156.05,31.01,0,,5,9
ORD13172,CUST2649,2024-08-21,August,Q3,Fashion,Mens Clothing,Pune,Paid Ads,Net Banking,1,2480.21,0,0.0,2480.21,1482.3,997.91,40.24,1,Size Issue,5,11
ORD13173,CUST1428,2024-08-21,August,Q3,Electronics,Headphones,Bangalore,Paid Ads,Credit Card,2,64056.76,25,32028.38,96085.14,74270.43,21814.71,22.7,0,,4,4
ORD13174,CUST1530,2024-08-21,August,Q3,Electronics,Tablet,Delhi,Direct,Credit Card,2,12771.73,30,7663.04,17880.42,11572.65,6307.77,35.28,1,Late Delivery,5,7
ORD13175,CUST1740,2024-08-21,August,Q3,Electronics,Camera,Hyderabad,Organic Search,COD,3,68530.28,0,0.0,205590.84,132650.5,72940.34,35.48,0,,5,2
ORD13176,CUST1171,2024-08-21,August,Q3,Electronics,Camera,Delhi,Email,COD,1,61845.53,15,9276.83,52568.7,30892.85,21675.85,41.23,0,,3,6
ORD13177,CUST1495,2024-08-21,August,Q3,Beauty,Makeup,Delhi,Email,Debit Card,2,1823.47,20,729.39,2917.55,2304.85,612.7,21.0,0,,4,2
ORD13178,CUST3529,2024-08-21,August,Q3,Books,Children,Chennai,Paid Ads,Debit Card,1,664.55,0,0.0,664.55,301.68,362.87,54.6,0,,3,10
ORD13179,CUST3955,2024-08-21,August,Q3,Sports,Sportswear,Mumbai,Paid Ads,UPI,2,7358.95,0,0.0,14717.9,9553.22,5164.68,35.09,0,,4,3
ORD13180,CUST1130,2024-08-21,August,Q3,Beauty,Skincare,Mumbai,Paid Ads,Debit Card,1,1226.1,0,0.0,1226.1,558.81,667.29,54.42,1,Size Issue,5,11
ORD13181,CUST2828,2024-08-22,August,Q3,Electronics,Mobile,Mumbai,Organic Search,COD,2,54240.27,5,5424.03,103056.51,55213.69,47842.82,46.42,0,,3,11
ORD13182,CUST1557,2024-08-22,August,Q3,Fashion,Womens Clothing,Mumbai,Organic Search,Credit Card,1,1138.78,20,227.76,911.02,588.83,322.2,35.37,1,Wrong Item,5,1
ORD13183,CUST3961,2024-08-22,August,Q3,Fashion,Accessories,Mumbai,Organic Search,Credit Card,1,1593.81,25,398.45,1195.36,779.97,415.38,34.75,0,,4,7
ORD13184,CUST2404,2024-08-22,August,Q3,Fashion,Womens Clothing,Ahmedabad,Organic Search,Credit Card,1,2671.66,0,0.0,2671.66,1523.55,1148.11,42.97,0,,5,2
ORD13185,CUST3710,2024-08-22,August,Q3,Home & Kitchen,Cookware,Delhi,Social Media,Debit Card,1,4556.01,0,0.0,4556.01,2373.33,2182.68,47.91,0,,1,3
ORD13186,CUST3167,2024-08-22,August,Q3,Home & Kitchen,Appliances,Mumbai,Direct,Credit Card,2,5486.36,5,548.64,10424.08,7662.49,2761.59,26.49,0,,2,1
ORD13187,CUST2792,2024-08-22,August,Q3,Fashion,Womens Clothing,Delhi,Organic Search,Credit Card,3,3621.72,15,1629.77,9235.39,6464.69,2770.7,30.0,1,Damaged Product,4,3
ORD13188,CUST2018,2024-08-22,August,Q3,Fashion,Footwear,Ahmedabad,Referral,UPI,1,2562.09,10,256.21,2305.88,1515.78,790.1,34.26,0,,5,11
ORD13189,CUST1810,2024-08-22,August,Q3,Sports,Outdoor,Bangalore,Referral,Credit Card,1,7236.29,10,723.63,6512.66,3655.9,2856.76,43.86,0,,5,4
ORD13190,CUST3551,2024-08-22,August,Q3,Sports,Sportswear,Delhi,Referral,COD,1,7648.77,10,764.88,6883.89,4223.44,2660.45,38.65,0,,4,7
ORD13191,CUST3988,2024-08-22,August,Q3,Fashion,Mens Clothing,Kolkata,Direct,Debit Card,2,3906.41,0,0.0,7812.82,3757.92,4054.9,51.9,0,,3,6
ORD13192,CUST1876,2024-08-22,August,Q3,Books,Fiction,Bangalore,Paid Ads,UPI,1,372.59,10,37.26,335.33,238.69,96.64,28.82,0,,3,1
ORD13193,CUST1151,2024-08-22,August,Q3,Toys,Board Games,Delhi,Organic Search,Credit Card,1,2160.82,30,648.25,1512.57,1151.26,361.31,23.89,0,,5,11
ORD13194,CUST2202,2024-08-22,August,Q3,Fashion,Womens Clothing,Delhi,Social Media,Credit Card,1,1987.98,0,0.0,1987.98,1268.31,719.67,36.2,0,,2,4
ORD13195,CUST3342,2024-08-22,August,Q3,Fashion,Womens Clothing,Delhi,Social Media,UPI,1,2526.69,10,252.67,2274.02,1371.8,902.22,39.68,1,Wrong Item,4,9
ORD13196,CUST1788,2024-08-22,August,Q3,Home & Kitchen,Appliances,Delhi,Direct,UPI,1,4462.49,0,0.0,4462.49,3111.2,1351.29,30.28,0,,4,3
ORD13197,CUST2767,2024-08-23,August,Q3,Toys,Educational,Chennai,Referral,UPI,1,1043.31,10,104.33,938.98,514.12,424.86,45.25,0,,4,6
ORD13198,CUST2557,2024-08-23,August,Q3,Books,Children,Delhi,Social Media,UPI,2,173.23,10,34.65,311.81,156.04,155.78,49.96,0,,4,11
ORD13199,CUST2381,2024-08-23,August,Q3,Electronics,Tablet,Hyderabad,Paid Ads,UPI,2,15501.57,10,3100.31,27902.83,18561.78,9341.05,33.48,0,,5,2
ORD13200,CUST1853,2024-08-23,August,Q3,Fashion,Womens Clothing,Mumbai,Organic Search,Debit Card,1,2848.01,20,569.6,2278.41,1960.11,318.3,13.97,0,,5,5
ORD13201,CUST3196,2024-08-23,August,Q3,Home & Kitchen,Decor,Mumbai,Organic Search,COD,2,1168.35,5,116.84,2219.86,1429.51,790.36,35.6,0,,5,9
ORD13202,CUST1054,2024-08-23,August,Q3,Home & Kitchen,Furniture,Bangalore,Social Media,UPI,1,13298.42,10,1329.84,11968.58,6269.29,5699.29,47.62,0,,4,2
ORD13203,CUST3704,2024-08-23,August,Q3,Electronics,Camera,Ahmedabad,Social Media,Net Banking,4,47265.46,0,0.0,189061.84,110623.88,78437.96,41.49,0,,2,3
ORD13204,CUST1732,2024-08-23,August,Q3,Books,Academic,Delhi,Direct,COD,1,613.97,15,92.1,521.87,415.89,105.99,20.31,0,,5,2
ORD13205,CUST2865,2024-08-23,August,Q3,Beauty,Makeup,Chennai,Social Media,Credit Card,2,1058.66,0,0.0,2117.32,956.24,1161.08,54.84,0,,3,2
ORD13206,CUST3664,2024-08-23,August,Q3,Sports,Fitness Equipment,Delhi,Direct,Debit Card,2,7300.45,20,2920.18,11680.72,7179.67,4501.05,38.53,1,Size Issue,4,6
ORD13207,CUST3724,2024-08-23,August,Q3,Books,Fiction,Mumbai,Social Media,UPI,1,518.97,0,0.0,518.97,339.22,179.75,34.64,0,,3,6
ORD13208,CUST2234,2024-08-23,August,Q3,Beauty,Fragrance,Mumbai,Direct,UPI,3,1053.28,0,0.0,3159.84,2128.08,1031.76,32.65,0,,4,5
ORD13209,CUST3133,2024-08-24,August,Q3,Fashion,Footwear,Delhi,Organic Search,UPI,1,3708.85,0,0.0,3708.85,2324.67,1384.18,37.32,0,,4,2
ORD13210,CUST1424,2024-08-24,August,Q3,Home & Kitchen,Furniture,Mumbai,Direct,UPI,2,10360.56,30,6216.34,14504.78,14461.06,43.72,0.3,0,,5,1
ORD13211,CUST1612,2024-08-24,August,Q3,Electronics,Tablet,Mumbai,Social Media,Debit Card,1,16583.1,5,829.16,15753.94,7836.41,7917.54,50.26,0,,5,3
ORD13212,CUST2155,2024-08-24,August,Q3,Beauty,Fragrance,Pune,Organic Search,Credit Card,1,2454.56,0,0.0,2454.56,1439.4,1015.16,41.36,0,,4,3
ORD13213,CUST1721,2024-08-24,August,Q3,Electronics,Camera,Mumbai,Organic Search,Credit Card,2,14641.48,0,0.0,29282.96,18192.0,11090.96,37.88,0,,2,9
ORD13214,CUST1411,2024-08-24,August,Q3,Beauty,Haircare,Hyderabad,Referral,UPI,1,1900.86,5,95.04,1805.82,1189.29,616.52,34.14,0,,4,4
ORD13215,CUST1369,2024-08-24,August,Q3,Fashion,Mens Clothing,Delhi,Organic Search,UPI,1,4366.16,0,0.0,4366.16,2830.89,1535.27,35.16,0,,4,9
ORD13216,CUST2165,2024-08-24,August,Q3,Electronics,Mobile,Bangalore,Paid Ads,Debit Card,1,24297.93,10,2429.79,21868.14,16508.17,5359.97,24.51,1,Not as Described,5,11
ORD13217,CUST1093,2024-08-24,August,Q3,Electronics,Camera,Hyderabad,Paid Ads,UPI,2,22093.85,0,0.0,44187.7,23879.49,20308.21,45.96,0,,2,1
ORD13218,CUST3287,2024-08-24,August,Q3,Electronics,Camera,Delhi,Social Media,Credit Card,1,68818.94,10,6881.89,61937.05,31707.7,30229.35,48.81,0,,2,3
ORD13219,CUST3797,2024-08-24,August,Q3,Beauty,Haircare,Delhi,Direct,Credit Card,1,1833.05,0,0.0,1833.05,990.97,842.08,45.94,0,,4,1
ORD13220,CUST2617,2024-08-24,August,Q3,Beauty,Skincare,Chennai,Paid Ads,UPI,2,615.42,5,61.54,1169.3,760.54,408.76,34.96,0,,5,6
ORD13221,CUST3561,2024-08-24,August,Q3,Home & Kitchen,Appliances,Kolkata,Paid Ads,Debit Card,1,971.35,10,97.14,874.22,488.94,385.27,44.07,0,,4,1
ORD13222,CUST3149,2024-08-24,August,Q3,Electronics,Laptop,Mumbai,Referral,UPI,1,32312.13,0,0.0,32312.13,21083.45,11228.68,34.75,0,,3,2
ORD13223,CUST1575,2024-08-25,August,Q3,Electronics,Headphones,Mumbai,Email,COD,1,43144.37,5,2157.22,40987.15,21785.37,19201.79,46.85,0,,4,9
ORD13224,CUST2380,2024-08-25,August,Q3,Electronics,Laptop,Kolkata,Direct,COD,1,70267.44,5,3513.37,66754.07,31797.13,34956.94,52.37,0,,4,11
ORD13225,CUST1035,2024-08-25,August,Q3,Electronics,Mobile,Delhi,Paid Ads,Credit Card,1,43761.35,0,0.0,43761.35,25251.18,18510.17,42.3,0,,3,1
ORD13226,CUST3361,2024-08-25,August,Q3,Books,Children,Hyderabad,Organic Search,UPI,4,460.03,10,184.01,1656.11,1162.25,493.86,29.82,0,,5,4
ORD13227,CUST3723,2024-08-25,August,Q3,Fashion,Accessories,Delhi,Paid Ads,UPI,1,4550.02,10,455.0,4095.02,2445.24,1649.77,40.29,0,,2,6
ORD13228,CUST2337,2024-08-25,August,Q3,Fashion,Footwear,Mumbai,Email,UPI,1,4875.81,10,487.58,4388.23,3106.98,1281.25,29.2,0,,4,2
ORD13229,CUST1551,2024-08-25,August,Q3,Electronics,Laptop,Hyderabad,Organic Search,UPI,1,53288.86,0,0.0,53288.86,29820.5,23468.36,44.04,0,,5,1
ORD13230,CUST1614,2024-08-25,August,Q3,Fashion,Mens Clothing,Bangalore,Organic Search,Credit Card,1,3142.11,0,0.0,3142.11,1548.84,1593.27,50.71,0,,1,4
ORD13231,CUST3442,2024-08-25,August,Q3,Home & Kitchen,Decor,Delhi,Organic Search,Credit Card,2,7915.55,0,0.0,15831.1,7482.4,8348.7,52.74,1,Not as Described,5,3
ORD13232,CUST2174,2024-08-25,August,Q3,Home & Kitchen,Furniture,Bangalore,Paid Ads,UPI,1,8231.39,10,823.14,7408.25,5166.41,2241.85,30.26,0,,5,7
ORD13233,CUST2538,2024-08-25,August,Q3,Fashion,Mens Clothing,Pune,Direct,UPI,1,2200.9,10,220.09,1980.81,1202.63,778.18,39.29,0,,2,7
ORD13234,CUST1527,2024-08-25,August,Q3,Electronics,Mobile,Hyderabad,Organic Search,Debit Card,1,74456.17,5,3722.81,70733.36,50495.69,20237.68,28.61,0,,5,10
ORD13235,CUST1070,2024-08-25,August,Q3,Fashion,Accessories,Mumbai,Social Media,Credit Card,3,3417.69,15,1537.96,8715.11,5998.7,2716.41,31.17,1,Changed Mind,4,11
ORD13236,CUST3422,2024-08-25,August,Q3,Fashion,Accessories,Hyderabad,Referral,UPI,1,4418.52,0,0.0,4418.52,2373.22,2045.3,46.29,1,Not as Described,4,7
ORD13237,CUST1793,2024-08-25,August,Q3,Fashion,Accessories,Chennai,Organic Search,Debit Card,1,2669.24,30,800.77,1868.47,1434.04,434.42,23.25,1,Changed Mind,5,9
ORD13238,CUST3869,2024-08-26,August,Q3,Toys,Action Figures,Pune,Social Media,Credit Card,2,1606.8,0,0.0,3213.6,1551.72,1661.88,51.71,0,,5,9
ORD13239,CUST2502,2024-08-26,August,Q3,Home & Kitchen,Furniture,Hyderabad,Referral,Credit Card,1,6194.19,15,929.13,5265.06,3706.9,1558.17,29.59,0,,4,4
ORD13240,CUST2433,2024-08-26,August,Q3,Home & Kitchen,Furniture,Mumbai,Referral,Debit Card,2,10296.18,5,1029.62,19562.74,12263.61,7299.13,37.31,0,,3,9
ORD13241,CUST3955,2024-08-26,August,Q3,Fashion,Womens Clothing,Chennai,Organic Search,UPI,2,791.39,20,316.56,1266.22,1028.8,237.42,18.75,0,,3,11
ORD13242,CUST2558,2024-08-26,August,Q3,Fashion,Footwear,Chennai,Organic Search,Debit Card,1,1511.71,0,0.0,1511.71,756.31,755.4,49.97,1,Wrong Item,5,7
ORD13243,CUST1270,2024-08-26,August,Q3,Home & Kitchen,Decor,Mumbai,Organic Search,Credit Card,1,3731.3,5,186.56,3544.74,1950.34,1594.39,44.98,0,,5,6
ORD13244,CUST3683,2024-08-26,August,Q3,Beauty,Fragrance,Bangalore,Email,Credit Card,4,620.25,5,124.05,2356.95,1176.76,1180.19,50.07,0,,2,11
ORD13245,CUST1005,2024-08-26,August,Q3,Beauty,Fragrance,Delhi,Email,Debit Card,2,1904.2,30,1142.52,2665.88,1994.98,670.9,25.17,0,,1,9
ORD13246,CUST1879,2024-08-26,August,Q3,Electronics,Laptop,Chennai,Social Media,UPI,3,59657.14,30,53691.43,125279.99,99691.65,25588.34,20.42,0,,5,4
ORD13247,CUST3931,2024-08-26,August,Q3,Home & Kitchen,Appliances,Delhi,Paid Ads,Credit Card,1,2498.2,0,0.0,2498.2,1726.27,771.93,30.9,0,,4,1
ORD13248,CUST3731,2024-08-26,August,Q3,Fashion,Womens Clothing,Hyderabad,Organic Search,UPI,1,1386.24,10,138.62,1247.62,850.13,397.48,31.86,0,,3,6
ORD13249,CUST3330,2024-08-26,August,Q3,Books,Non-Fiction,Kolkata,Social Media,Credit Card,3,474.21,10,142.26,1280.37,918.62,361.75,28.25,0,,3,1
ORD13250,CUST3442,2024-08-26,August,Q3,Beauty,Makeup,Pune,Paid Ads,Credit Card,1,1794.34,0,0.0,1794.34,953.47,840.87,46.86,0,,4,10
ORD13251,CUST2414,2024-08-26,August,Q3,Home & Kitchen,Furniture,Kolkata,Email,Credit Card,4,9868.64,0,0.0,39474.56,19189.7,20284.86,51.39,0,,5,9
ORD13252,CUST1525,2024-08-27,August,Q3,Electronics,Tablet,Ahmedabad,Paid Ads,Credit Card,1,5915.06,30,1774.52,4140.54,3041.41,1099.14,26.55,0,,5,5
ORD13253,CUST3844,2024-08-27,August,Q3,Home & Kitchen,Furniture,Mumbai,Paid Ads,UPI,3,11396.84,10,3419.05,30771.47,17577.92,13193.54,42.88,0,,4,2
ORD13254,CUST3389,2024-08-27,August,Q3,Electronics,Tablet,Hyderabad,Paid Ads,UPI,1,66417.24,0,0.0,66417.24,39569.99,26847.25,40.42,0,,5,8
ORD13255,CUST3033,2024-08-27,August,Q3,Fashion,Womens Clothing,Bangalore,Organic Search,COD,1,4044.58,0,0.0,4044.58,2165.34,1879.24,46.46,0,,3,10
ORD13256,CUST1069,2024-08-27,August,Q3,Electronics,Mobile,Kolkata,Organic Search,Credit Card,3,72360.1,0,0.0,217080.3,144217.24,72863.06,33.57,0,,5,11
ORD13257,CUST1398,2024-08-27,August,Q3,Beauty,Makeup,Delhi,Organic Search,Credit Card,1,2275.86,10,227.59,2048.27,1586.58,461.69,22.54,0,,3,6
ORD13258,CUST1937,2024-08-27,August,Q3,Fashion,Footwear,Ahmedabad,Paid Ads,Debit Card,1,2136.02,5,106.8,2029.22,1144.53,884.69,43.6,0,,5,3
ORD13259,CUST2858,2024-08-27,August,Q3,Fashion,Womens Clothing,Hyderabad,Organic Search,UPI,1,647.78,10,64.78,583.0,405.68,177.32,30.41,0,,4,11
ORD13260,CUST1485,2024-08-28,August,Q3,Books,Children,Pune,Organic Search,Debit Card,2,557.16,0,0.0,1114.32,684.61,429.71,38.56,0,,3,2
ORD13261,CUST1581,2024-08-28,August,Q3,Fashion,Womens Clothing,Mumbai,Email,Debit Card,5,4784.13,5,1196.03,22724.62,11927.21,10797.41,47.51,0,,5,10
ORD13262,CUST2128,2024-08-28,August,Q3,Home & Kitchen,Decor,Mumbai,Paid Ads,Debit Card,1,8005.31,0,0.0,8005.31,5439.63,2565.68,32.05,0,,3,11
ORD13263,CUST1781,2024-08-28,August,Q3,Fashion,Accessories,Chennai,Social Media,Credit Card,1,1721.63,20,344.33,1377.3,860.58,516.73,37.52,0,,5,4
ORD13264,CUST2736,2024-08-28,August,Q3,Electronics,Mobile,Mumbai,Email,Net Banking,1,77124.21,0,0.0,77124.21,48915.2,28209.01,36.58,1,Not as Described,2,1
ORD13265,CUST2470,2024-08-28,August,Q3,Sports,Fitness Equipment,Pune,Social Media,UPI,2,8542.75,15,2562.82,14522.68,9173.25,5349.43,36.84,0,,1,1
ORD13266,CUST3251,2024-08-28,August,Q3,Electronics,Tablet,Mumbai,Referral,UPI,1,45329.68,5,2266.48,43063.2,24558.28,18504.92,42.97,0,,5,5
ORD13267,CUST2337,2024-08-28,August,Q3,Home & Kitchen,Furniture,Hyderabad,Organic Search,UPI,1,1928.15,10,192.82,1735.34,1087.21,648.12,37.35,0,,4,10
ORD13268,CUST3210,2024-08-28,August,Q3,Home & Kitchen,Decor,Delhi,Email,UPI,1,12130.43,0,0.0,12130.43,8080.41,4050.02,33.39,0,,4,9
ORD13269,CUST2501,2024-08-28,August,Q3,Home & Kitchen,Appliances,Hyderabad,Referral,Credit Card,2,7142.19,15,2142.66,12141.72,6928.82,5212.9,42.93,0,,2,5
ORD13270,CUST2586,2024-08-28,August,Q3,Beauty,Haircare,Chennai,Direct,UPI,3,1664.26,20,998.56,3994.22,2314.86,1679.36,42.04,0,,4,6
ORD13271,CUST2257,2024-08-28,August,Q3,Fashion,Accessories,Delhi,Organic Search,Credit Card,1,1601.12,0,0.0,1601.12,881.43,719.69,44.95,0,,4,10
ORD13272,CUST1533,2024-08-28,August,Q3,Electronics,Tablet,Mumbai,Paid Ads,Debit Card,1,64795.24,0,0.0,64795.24,30058.27,34736.97,53.61,0,,4,9
ORD13273,CUST1868,2024-08-28,August,Q3,Beauty,Makeup,Mumbai,Organic Search,UPI,2,711.52,15,213.46,1209.58,884.99,324.6,26.84,1,Not as Described,4,3
ORD13274,CUST1110,2024-08-29,August,Q3,Home & Kitchen,Cookware,Hyderabad,Social Media,UPI,2,14095.93,0,0.0,28191.86,18045.08,10146.78,35.99,0,,4,4
ORD13275,CUST2062,2024-08-29,August,Q3,Sports,Fitness Equipment,Bangalore,Email,UPI,1,8646.46,10,864.65,7781.81,5738.47,2043.35,26.26,0,,5,2
ORD13276,CUST1306,2024-08-29,August,Q3,Sports,Sportswear,Chennai,Paid Ads,UPI,1,2669.23,0,0.0,2669.23,1697.53,971.7,36.4,0,,4,4
ORD13277,CUST1639,2024-08-29,August,Q3,Sports,Fitness Equipment,Bangalore,Social Media,Credit Card,1,7315.11,10,731.51,6583.6,4967.6,1616.0,24.55,0,,4,8
ORD13278,CUST1105,2024-08-29,August,Q3,Home & Kitchen,Cookware,Bangalore,Social Media,Debit Card,2,3319.52,10,663.9,5975.14,4229.57,1745.57,29.21,0,,4,2
ORD13279,CUST1576,2024-08-29,August,Q3,Fashion,Footwear,Bangalore,Paid Ads,Credit Card,2,4907.2,0,0.0,9814.4,6713.24,3101.16,31.6,0,,4,4
ORD13280,CUST2973,2024-08-29,August,Q3,Sports,Fitness Equipment,Mumbai,Direct,UPI,1,3024.75,10,302.48,2722.28,1507.17,1215.11,44.64,1,Late Delivery,3,8
ORD13281,CUST1220,2024-08-29,August,Q3,Home & Kitchen,Appliances,Delhi,Email,Net Banking,1,4740.17,5,237.01,4503.16,2725.44,1777.73,39.48,0,,4,7
ORD13282,CUST2730,2024-08-29,August,Q3,Electronics,Headphones,Ahmedabad,Organic Search,Debit Card,1,60733.28,0,0.0,60733.28,42421.14,18312.14,30.15,0,,5,9
ORD13283,CUST1504,2024-08-29,August,Q3,Books,Fiction,Kolkata,Social Media,Credit Card,4,626.67,5,125.33,2381.35,1555.13,826.22,34.7,1,Late Delivery,5,2
ORD13284,CUST2482,2024-08-29,August,Q3,Books,Fiction,Delhi,Organic Search,UPI,1,746.35,10,74.64,671.72,499.8,171.91,25.59,1,Not as Described,4,4
ORD13285,CUST3515,2024-08-29,August,Q3,Home & Kitchen,Decor,Hyderabad,Social Media,COD,3,13667.2,0,0.0,41001.6,18762.27,22239.33,54.24,0,,4,9
ORD13286,CUST1663,2024-08-29,August,Q3,Electronics,Camera,Pune,Referral,UPI,2,14941.17,25,7470.58,22411.76,19959.59,2452.16,10.94,0,,4,6
ORD13287,CUST2963,2024-08-30,August,Q3,Fashion,Accessories,Bangalore,Direct,Credit Card,1,1862.42,15,279.36,1583.06,1162.95,420.11,26.54,0,,4,9
ORD13288,CUST1945,2024-08-30,August,Q3,Sports,Outdoor,Mumbai,Paid Ads,Net Banking,1,2473.45,0,0.0,2473.45,1218.64,1254.81,50.73,0,,5,9
ORD13289,CUST3283,2024-08-30,August,Q3,Books,Children,Mumbai,Paid Ads,COD,4,308.56,20,246.85,987.39,563.33,424.06,42.95,0,,5,7
ORD13290,CUST3026,2024-08-30,August,Q3,Fashion,Footwear,Bangalore,Organic Search,Credit Card,1,3927.56,5,196.38,3731.18,2022.62,1708.56,45.79,0,,1,7
ORD13291,CUST2138,2024-08-30,August,Q3,Electronics,Laptop,Ahmedabad,Social Media,Net Banking,3,40796.17,10,12238.85,110149.66,83094.86,27054.8,24.56,1,Not as Described,5,8
ORD13292,CUST1247,2024-08-30,August,Q3,Books,Fiction,Chennai,Organic Search,UPI,1,213.88,0,0.0,213.88,131.97,81.91,38.3,0,,5,2
ORD13293,CUST1681,2024-08-30,August,Q3,Fashion,Womens Clothing,Mumbai,Social Media,Debit Card,2,4467.38,15,1340.21,7594.55,6074.45,1520.1,20.02,0,,2,10
ORD13294,CUST3453,2024-08-30,August,Q3,Home & Kitchen,Decor,Mumbai,Organic Search,UPI,3,1525.38,15,686.42,3889.72,2569.68,1320.04,33.94,0,,3,7
ORD13295,CUST3537,2024-08-30,August,Q3,Toys,Board Games,Pune,Paid Ads,COD,4,2433.04,10,973.22,8758.94,6658.32,2100.62,23.98,0,,5,6
ORD13296,CUST1251,2024-08-30,August,Q3,Electronics,Camera,Pune,Organic Search,UPI,1,10479.09,0,0.0,10479.09,5928.44,4550.65,43.43,0,,4,7
ORD13297,CUST2814,2024-08-30,August,Q3,Beauty,Fragrance,Hyderabad,Referral,Credit Card,2,1539.24,0,0.0,3078.48,1542.51,1535.97,49.89,0,,5,6
ORD13298,CUST3944,2024-08-30,August,Q3,Electronics,Headphones,Hyderabad,Email,Net Banking,1,38142.36,5,1907.12,36235.24,18607.69,17627.55,48.65,0,,3,11
ORD13299,CUST3955,2024-08-30,August,Q3,Fashion,Accessories,Mumbai,Paid Ads,Credit Card,1,2642.16,0,0.0,2642.16,1845.42,796.74,30.15,0,,1,3
ORD13300,CUST1349,2024-08-30,August,Q3,Sports,Fitness Equipment,Pune,Organic Search,UPI,1,1448.82,5,72.44,1376.38,772.9,603.48,43.85,0,,3,5
ORD13301,CUST2766,2024-08-30,August,Q3,Fashion,Mens Clothing,Pune,Social Media,UPI,1,3152.19,15,472.83,2679.36,1544.61,1134.75,42.35,0,,4,3
ORD13302,CUST2745,2024-08-30,August,Q3,Toys,Educational,Delhi,Organic Search,Credit Card,1,1915.39,20,383.08,1532.31,865.95,666.36,43.49,0,,4,6
ORD13303,CUST3419,2024-08-31,August,Q3,Home & Kitchen,Appliances,Chennai,Social Media,Credit Card,1,5059.45,5,252.97,4806.48,2637.96,2168.52,45.12,0,,5,3
ORD13304,CUST1091,2024-08-31,August,Q3,Fashion,Womens Clothing,Delhi,Direct,COD,4,543.21,0,0.0,2172.84,1460.75,712.09,32.77,0,,5,2
ORD13305,CUST2688,2024-08-31,August,Q3,Fashion,Footwear,Mumbai,Social Media,Debit Card,2,2433.9,20,973.56,3894.24,2840.37,1053.87,27.06,0,,5,11
ORD13306,CUST1934,2024-08-31,August,Q3,Fashion,Mens Clothing,Delhi,Social Media,UPI,1,4572.45,20,914.49,3657.96,2780.55,877.41,23.99,0,,2,4
ORD13307,CUST1532,2024-08-31,August,Q3,Fashion,Footwear,Mumbai,Social Media,UPI,5,3739.92,5,934.98,17764.62,12726.91,5037.71,28.36,0,,3,9
ORD13308,CUST1518,2024-08-31,August,Q3,Electronics,Mobile,Delhi,Referral,UPI,1,38198.14,0,0.0,38198.14,22086.55,16111.59,42.18,0,,2,1
ORD13309,CUST2152,2024-08-31,August,Q3,Fashion,Womens Clothing,Bangalore,Referral,UPI,1,3391.82,15,508.77,2883.05,2237.14,645.9,22.4,0,,4,8
ORD13310,CUST3175,2024-08-31,August,Q3,Home & Kitchen,Appliances,Bangalore,Social Media,Debit Card,2,9162.91,15,2748.87,15576.95,9730.25,5846.7,37.53,0,,3,5
ORD13311,CUST3662,2024-08-31,August,Q3,Beauty,Makeup,Bangalore,Paid Ads,Debit Card,1,1977.81,0,0.0,1977.81,1373.14,604.67,30.57,0,,4,2
ORD13312,CUST1438,2024-08-31,August,Q3,Beauty,Makeup,Delhi,Paid Ads,COD,2,2315.52,10,463.1,4167.94,2175.22,1992.72,47.81,1,Changed Mind,3,9
ORD13313,CUST2402,2024-08-31,August,Q3,Beauty,Fragrance,Mumbai,Organic Search,UPI,1,2978.27,10,297.83,2680.44,1879.91,800.54,29.87,0,,2,2
ORD13314,CUST2308,2024-08-31,August,Q3,Electronics,Headphones,Hyderabad,Social Media,Credit Card,1,23881.08,5,1194.05,22687.03,14690.25,7996.78,35.25,1,Late Delivery,4,11
ORD13315,CUST2069,2024-08-31,August,Q3,Fashion,Footwear,Bangalore,Social Media,Net Banking,1,2332.26,15,349.84,1982.42,1161.27,821.15,41.42,1,Changed Mind,4,11
ORD13316,CUST1649,2024-08-31,August,Q3,Beauty,Makeup,Delhi,Organic Search,UPI,4,958.08,5,191.62,3640.7,2097.09,1543.62,42.4,1,Changed Mind,5,3
ORD13317,CUST3803,2024-08-31,August,Q3,Home & Kitchen,Decor,Kolkata,Organic Search,Credit Card,2,9762.02,15,2928.61,16595.43,10312.74,6282.69,37.86,0,,5,1
ORD13318,CUST3587,2024-09-01,September,Q3,Electronics,Tablet,Chennai,Paid Ads,Net Banking,2,29647.95,10,5929.59,53366.31,28083.91,25282.4,47.38,0,,2,1
ORD13319,CUST3629,2024-09-01,September,Q3,Sports,Fitness Equipment,Kolkata,Direct,UPI,2,5091.16,0,0.0,10182.32,6070.67,4111.65,40.38,1,Wrong Item,5,2
ORD13320,CUST1031,2024-09-01,September,Q3,Sports,Outdoor,Bangalore,Social Media,Credit Card,1,3195.68,10,319.57,2876.11,2231.92,644.19,22.4,0,,4,2
ORD13321,CUST1908,2024-09-01,September,Q3,Home & Kitchen,Appliances,Mumbai,Social Media,Credit Card,2,9962.97,15,2988.89,16937.05,11754.25,5182.8,30.6,0,,4,6
ORD13322,CUST3872,2024-09-01,September,Q3,Electronics,Laptop,Chennai,Paid Ads,UPI,1,24814.99,30,7444.5,17370.49,14549.4,2821.09,16.24,0,,2,11
ORD13323,CUST3909,2024-09-01,September,Q3,Sports,Sportswear,Delhi,Social Media,UPI,1,5555.81,5,277.79,5278.02,2556.11,2721.91,51.57,0,,5,8
ORD13324,CUST2169,2024-09-01,September,Q3,Home & Kitchen,Appliances,Bangalore,Paid Ads,Credit Card,2,5644.22,0,0.0,11288.44,5472.69,5815.75,51.52,0,,2,4
ORD13325,CUST1132,2024-09-01,September,Q3,Sports,Fitness Equipment,Mumbai,Social Media,Debit Card,1,6939.5,30,2081.85,4857.65,4013.15,844.5,17.39,0,,3,3
ORD13326,CUST2022,2024-09-01,September,Q3,Sports,Fitness Equipment,Pune,Organic Search,Debit Card,1,5279.09,10,527.91,4751.18,3675.8,1075.38,22.63,0,,2,2
ORD13327,CUST1240,2024-09-01,September,Q3,Sports,Fitness Equipment,Mumbai,Paid Ads,UPI,3,6446.26,25,4834.7,14504.08,12940.58,1563.5,10.78,0,,4,1
ORD13328,CUST1510,2024-09-01,September,Q3,Home & Kitchen,Cookware,Kolkata,Paid Ads,Credit Card,2,2382.87,0,0.0,4765.74,2549.92,2215.82,46.49,0,,4,8
ORD13329,CUST1069,2024-09-01,September,Q3,Electronics,Laptop,Kolkata,Paid Ads,Credit Card,2,61745.92,5,6174.59,117317.25,72335.48,44981.77,38.34,0,,5,7
ORD13330,CUST3523,2024-09-02,September,Q3,Beauty,Haircare,Bangalore,Referral,UPI,1,710.1,0,0.0,710.1,417.66,292.44,41.18,0,,5,11
ORD13331,CUST2487,2024-09-02,September,Q3,Home & Kitchen,Cookware,Chennai,Organic Search,UPI,1,892.55,20,178.51,714.04,554.58,159.46,22.33,0,,5,2
ORD13332,CUST2661,2024-09-02,September,Q3,Beauty,Fragrance,Hyderabad,Paid Ads,UPI,2,2701.43,20,1080.57,4322.29,3360.28,962.0,22.26,0,,5,7
ORD13333,CUST3033,2024-09-02,September,Q3,Electronics,Headphones,Pune,Social Media,Debit Card,2,43216.09,10,8643.22,77788.96,55960.35,21828.61,28.06,0,,3,6
ORD13334,CUST3311,2024-09-02,September,Q3,Electronics,Laptop,Bangalore,Direct,Debit Card,1,42184.09,0,0.0,42184.09,19246.19,22937.9,54.38,0,,4,8
ORD13335,CUST3620,2024-09-02,September,Q3,Books,Children,Pune,Paid Ads,Debit Card,4,266.22,0,0.0,1064.88,730.42,334.46,31.41,0,,4,6
ORD13336,CUST2849,2024-09-02,September,Q3,Beauty,Fragrance,Bangalore,Email,Net Banking,4,2329.23,10,931.69,8385.23,4355.8,4029.42,48.05,0,,4,4
ORD13337,CUST2509,2024-09-02,September,Q3,Books,Fiction,Ahmedabad,Direct,UPI,1,587.43,10,58.74,528.69,334.27,194.42,36.77,0,,4,8
ORD13338,CUST2733,2024-09-02,September,Q3,Sports,Outdoor,Bangalore,Paid Ads,Credit Card,3,1398.4,15,629.28,3565.92,2852.29,713.63,20.01,0,,5,1
ORD13339,CUST2262,2024-09-02,September,Q3,Home & Kitchen,Cookware,Bangalore,Paid Ads,Debit Card,1,13040.82,5,652.04,12388.78,7458.27,4930.51,39.8,0,,2,10
ORD13340,CUST3551,2024-09-02,September,Q3,Beauty,Fragrance,Pune,Paid Ads,UPI,1,1158.81,5,57.94,1100.87,539.9,560.97,50.96,0,,5,1
ORD13341,CUST1265,2024-09-02,September,Q3,Books,Academic,Pune,Direct,UPI,1,596.52,0,0.0,596.52,302.62,293.9,49.27,1,Late Delivery,3,4
ORD13342,CUST2519,2024-09-02,September,Q3,Home & Kitchen,Appliances,Hyderabad,Organic Search,UPI,2,12480.32,10,2496.06,22464.58,14843.26,7621.31,33.93,0,,1,1
ORD13343,CUST2813,2024-09-02,September,Q3,Beauty,Fragrance,Mumbai,Paid Ads,COD,3,742.07,5,111.31,2114.9,1050.69,1064.21,50.32,0,,4,5
ORD13344,CUST3417,2024-09-02,September,Q3,Electronics,Tablet,Bangalore,Social Media,UPI,2,13153.38,25,6576.69,19730.07,14624.44,5105.63,25.88,0,,4,11
ORD13345,CUST3773,2024-09-03,September,Q3,Home & Kitchen,Cookware,Ahmedabad,Social Media,UPI,2,4091.6,10,818.32,7364.88,4355.7,3009.18,40.86,0,,1,9
ORD13346,CUST2425,2024-09-03,September,Q3,Beauty,Haircare,Chennai,Paid Ads,COD,1,1060.16,5,53.01,1007.15,693.13,314.02,31.18,0,,4,9
ORD13347,CUST2523,2024-09-03,September,Q3,Fashion,Mens Clothing,Pune,Social Media,UPI,1,1874.23,0,0.0,1874.23,895.01,979.22,52.25,0,,4,9
ORD13348,CUST2167,2024-09-03,September,Q3,Fashion,Footwear,Mumbai,Organic Search,UPI,1,3948.89,25,987.22,2961.67,2451.07,510.59,17.24,0,,2,6
ORD13349,CUST2741,2024-09-03,September,Q3,Fashion,Mens Clothing,Bangalore,Paid Ads,Net Banking,1,2623.44,0,0.0,2623.44,1447.21,1176.23,44.84,0,,5,1
ORD13350,CUST1706,2024-09-03,September,Q3,Fashion,Womens Clothing,Hyderabad,Social Media,Debit Card,2,3581.36,5,358.14,6804.58,4275.7,2528.89,37.16,1,Wrong Item,3,10
ORD13351,CUST2008,2024-09-03,September,Q3,Fashion,Footwear,Pune,Direct,Debit Card,1,4673.98,25,1168.49,3505.48,2343.45,1162.03,33.15,1,Late Delivery,5,5
ORD13352,CUST2029,2024-09-04,September,Q3,Fashion,Womens Clothing,Mumbai,Organic Search,COD,2,1446.31,15,433.89,2458.73,1742.59,716.14,29.13,0,,4,10
ORD13353,CUST2964,2024-09-04,September,Q3,Books,Non-Fiction,Kolkata,Direct,UPI,1,586.73,10,58.67,528.06,362.89,165.17,31.28,0,,4,2
ORD13354,CUST1435,2024-09-04,September,Q3,Home & Kitchen,Decor,Hyderabad,Social Media,Net Banking,1,5397.47,0,0.0,5397.47,2523.63,2873.84,53.24,0,,5,1
ORD13355,CUST1560,2024-09-04,September,Q3,Electronics,Camera,Mumbai,Organic Search,Credit Card,1,19392.8,20,3878.56,15514.24,12723.35,2790.89,17.99,0,,5,5
ORD13356,CUST2028,2024-09-04,September,Q3,Electronics,Camera,Delhi,Email,UPI,3,34718.0,0,0.0,104154.0,69295.07,34858.93,33.47,1,Wrong Item,5,5
ORD13357,CUST2891,2024-09-04,September,Q3,Beauty,Haircare,Delhi,Organic Search,Credit Card,1,680.98,0,0.0,680.98,317.26,363.72,53.41,0,,3,1
ORD13358,CUST2778,2024-09-04,September,Q3,Fashion,Mens Clothing,Bangalore,Referral,UPI,1,1210.74,0,0.0,1210.74,727.41,483.33,39.92,0,,1,7
ORD13359,CUST1011,2024-09-04,September,Q3,Sports,Sportswear,Mumbai,Direct,Credit Card,3,6794.61,0,0.0,20383.83,12199.78,8184.05,40.15,1,Late Delivery,4,3
ORD13360,CUST1452,2024-09-04,September,Q3,Beauty,Haircare,Mumbai,Paid Ads,Credit Card,5,1111.91,25,1389.89,4169.66,2519.11,1650.55,39.58,0,,4,11
ORD13361,CUST1180,2024-09-04,September,Q3,Sports,Outdoor,Pune,Organic Search,Credit Card,2,5406.43,10,1081.29,9731.57,5791.22,3940.35,40.49,0,,5,6
ORD13362,CUST3273,2024-09-04,September,Q3,Fashion,Mens Clothing,Mumbai,Paid Ads,UPI,1,2631.99,10,263.2,2368.79,1821.95,546.84,23.09,1,Late Delivery,4,2
ORD13363,CUST1243,2024-09-04,September,Q3,Beauty,Haircare,Delhi,Paid Ads,Debit Card,1,1866.64,25,466.66,1399.98,1099.19,300.79,21.48,0,,4,9
ORD13364,CUST1485,2024-09-04,September,Q3,Fashion,Accessories,Bangalore,Paid Ads,Credit Card,5,2376.09,0,0.0,11880.45,8117.95,3762.5,31.67,0,,4,2
ORD13365,CUST3106,2024-09-04,September,Q3,Toys,Action Figures,Bangalore,Paid Ads,Debit Card,3,2261.46,0,0.0,6784.38,4198.93,2585.45,38.11,0,,5,2
ORD13366,CUST1502,2024-09-04,September,Q3,Beauty,Makeup,Pune,Social Media,Credit Card,2,840.43,10,168.09,1512.77,768.32,744.46,49.21,0,,3,1
ORD13367,CUST1158,2024-09-05,September,Q3,Fashion,Mens Clothing,Bangalore,Organic Search,Net Banking,1,1682.85,10,168.28,1514.56,789.98,724.59,47.84,0,,5,1
ORD13368,CUST1848,2024-09-05,September,Q3,Fashion,Footwear,Pune,Direct,Debit Card,1,4704.48,10,470.45,4234.03,2966.39,1267.65,29.94,0,,4,4
ORD13369,CUST1109,2024-09-05,September,Q3,Electronics,Mobile,Hyderabad,Email,Debit Card,1,67582.93,0,0.0,67582.93,39782.15,27800.78,41.14,0,,5,7
ORD13370,CUST2689,2024-09-05,September,Q3,Beauty,Fragrance,Mumbai,Paid Ads,COD,2,1238.22,10,247.64,2228.8,1193.12,1035.68,46.47,1,Wrong Item,4,4
ORD13371,CUST3268,2024-09-05,September,Q3,Fashion,Footwear,Mumbai,Direct,UPI,1,1878.05,0,0.0,1878.05,1133.43,744.62,39.65,1,Late Delivery,5,5
ORD13372,CUST1941,2024-09-05,September,Q3,Home & Kitchen,Cookware,Bangalore,Organic Search,UPI,5,11119.28,0,0.0,55596.4,36280.65,19315.75,34.74,0,,2,6
ORD13373,CUST1411,2024-09-05,September,Q3,Fashion,Footwear,Bangalore,Organic Search,UPI,1,4231.54,0,0.0,4231.54,2700.76,1530.78,36.18,0,,5,5
ORD13374,CUST2840,2024-09-05,September,Q3,Beauty,Haircare,Chennai,Social Media,Net Banking,2,1082.97,5,108.3,2057.64,1107.97,949.68,46.15,0,,4,5
ORD13375,CUST2632,2024-09-05,September,Q3,Sports,Fitness Equipment,Hyderabad,Paid Ads,Credit Card,1,3426.16,5,171.31,3254.85,1762.93,1491.93,45.84,1,Damaged Product,4,4
ORD13376,CUST2131,2024-09-05,September,Q3,Sports,Fitness Equipment,Bangalore,Social Media,Net Banking,1,5851.22,5,292.56,5558.66,4048.81,1509.85,27.16,0,,2,9
ORD13377,CUST1368,2024-09-05,September,Q3,Sports,Outdoor,Mumbai,Direct,COD,1,7745.6,30,2323.68,5421.92,5203.89,218.03,4.02,0,,5,5
ORD13378,CUST3002,2024-09-05,September,Q3,Electronics,Tablet,Delhi,Referral,UPI,2,5425.44,25,2712.72,8138.16,5746.46,2391.7,29.39,1,Changed Mind,3,9
ORD13379,CUST1663,2024-09-05,September,Q3,Electronics,Tablet,Hyderabad,Social Media,UPI,2,75499.05,10,15099.81,135898.29,99056.81,36841.48,27.11,0,,3,4
ORD13380,CUST2735,2024-09-06,September,Q3,Beauty,Makeup,Bangalore,Email,UPI,1,354.86,30,106.46,248.4,174.04,74.37,29.94,0,,2,9
ORD13381,CUST3114,2024-09-06,September,Q3,Fashion,Mens Clothing,Bangalore,Organic Search,Credit Card,3,2339.54,30,2105.59,4913.03,3503.77,1409.27,28.68,0,,1,5
ORD13382,CUST1174,2024-09-06,September,Q3,Fashion,Footwear,Mumbai,Organic Search,Credit Card,1,3406.07,5,170.3,3235.77,1687.02,1548.74,47.86,0,,4,8
ORD13383,CUST3229,2024-09-06,September,Q3,Electronics,Mobile,Chennai,Email,Net Banking,4,15494.77,5,3098.95,58880.13,29249.8,29630.33,50.32,0,,3,1
ORD13384,CUST1053,2024-09-06,September,Q3,Fashion,Accessories,Kolkata,Paid Ads,UPI,3,2556.0,25,1917.0,5751.0,5089.02,661.98,11.51,0,,3,4
ORD13385,CUST3117,2024-09-06,September,Q3,Electronics,Headphones,Delhi,Paid Ads,Debit Card,4,25565.55,10,10226.22,92035.98,60815.51,31220.47,33.92,0,,4,4
ORD13386,CUST1399,2024-09-06,September,Q3,Books,Non-Fiction,Bangalore,Paid Ads,UPI,1,682.05,0,0.0,682.05,351.08,330.97,48.53,0,,4,2
ORD13387,CUST3976,2024-09-06,September,Q3,Fashion,Womens Clothing,Ahmedabad,Social Media,UPI,1,1409.96,15,211.49,1198.47,933.62,264.84,22.1,1,Not as Described,4,3
ORD13388,CUST3745,2024-09-06,September,Q3,Home & Kitchen,Cookware,Delhi,Organic Search,Credit Card,5,10201.18,0,0.0,51005.9,33187.59,17818.31,34.93,0,,4,8
ORD13389,CUST2500,2024-09-06,September,Q3,Electronics,Headphones,Hyderabad,Social Media,UPI,1,24194.7,5,1209.73,22984.96,11498.24,11486.73,49.97,0,,4,8
ORD13390,CUST2834,2024-09-06,September,Q3,Beauty,Makeup,Mumbai,Organic Search,UPI,1,2531.14,0,0.0,2531.14,1546.61,984.53,38.9,1,Size Issue,4,1
ORD13391,CUST1439,2024-09-07,September,Q3,Fashion,Mens Clothing,Hyderabad,Organic Search,Credit Card,2,606.56,0,0.0,1213.12,764.82,448.3,36.95,1,Wrong Item,5,2
ORD13392,CUST1606,2024-09-07,September,Q3,Books,Fiction,Mumbai,Paid Ads,Net Banking,1,427.87,0,0.0,427.87,269.11,158.76,37.1,0,,1,4
ORD13393,CUST3427,2024-09-07,September,Q3,Books,Children,Ahmedabad,Organic Search,Credit Card,2,398.56,20,159.42,637.7,502.81,134.88,21.15,1,Changed Mind,5,11
ORD13394,CUST1124,2024-09-07,September,Q3,Fashion,Mens Clothing,Chennai,Direct,UPI,3,3011.31,0,0.0,9033.93,4447.99,4585.94,50.76,0,,3,6
ORD13395,CUST3948,2024-09-07,September,Q3,Books,Children,Pune,Organic Search,Credit Card,2,630.36,0,0.0,1260.72,666.63,594.09,47.12,1,Not as Described,5,3
ORD13396,CUST1443,2024-09-07,September,Q3,Toys,Educational,Chennai,Organic Search,UPI,1,2453.18,0,0.0,2453.18,1621.66,831.52,33.9,1,Late Delivery,4,7
ORD13397,CUST2403,2024-09-07,September,Q3,Sports,Fitness Equipment,Hyderabad,Social Media,Debit Card,1,6366.78,10,636.68,5730.1,4295.02,1435.09,25.04,0,,3,3
ORD13398,CUST3884,2024-09-07,September,Q3,Sports,Fitness Equipment,Bangalore,Paid Ads,Debit Card,1,4680.98,30,1404.29,3276.69,2433.16,843.53,25.74,0,,4,8
ORD13399,CUST1249,2024-09-07,September,Q3,Fashion,Accessories,Kolkata,Organic Search,COD,1,1732.83,0,0.0,1732.83,789.75,943.08,54.42,0,,5,6
ORD13400,CUST2898,2024-09-07,September,Q3,Home & Kitchen,Cookware,Ahmedabad,Organic Search,Credit Card,1,1856.86,0,0.0,1856.86,1234.7,622.16,33.51,0,,4,8
ORD13401,CUST1345,2024-09-07,September,Q3,Electronics,Mobile,Bangalore,Referral,UPI,1,17031.35,5,851.57,16179.78,9269.7,6910.08,42.71,1,Late Delivery,4,7
ORD13402,CUST1800,2024-09-07,September,Q3,Electronics,Laptop,Ahmedabad,Social Media,UPI,1,59213.69,10,5921.37,53292.32,31523.35,21768.97,40.85,0,,2,5
ORD13403,CUST3082,2024-09-07,September,Q3,Toys,Board Games,Hyderabad,Paid Ads,Net Banking,1,2842.03,0,0.0,2842.03,1525.46,1316.57,46.33,1,Late Delivery,5,5
ORD13404,CUST1173,2024-09-07,September,Q3,Fashion,Accessories,Bangalore,Paid Ads,UPI,3,3168.23,5,475.23,9029.46,5264.88,3764.58,41.69,0,,5,3
ORD13405,CUST2673,2024-09-07,September,Q3,Beauty,Fragrance,Bangalore,Organic Search,Credit Card,1,2865.73,5,143.29,2722.44,1560.58,1161.86,42.68,0,,4,4
ORD13406,CUST2855,2024-09-07,September,Q3,Sports,Outdoor,Delhi,Paid Ads,Credit Card,1,9493.73,5,474.69,9019.04,5616.56,3402.48,37.73,0,,5,8
ORD13407,CUST1416,2024-09-07,September,Q3,Books,Non-Fiction,Mumbai,Social Media,COD,2,657.8,25,328.9,986.7,617.98,368.72,37.37,0,,4,5
ORD13408,CUST2009,2024-09-07,September,Q3,Toys,Action Figures,Delhi,Direct,COD,2,1353.17,0,0.0,2706.34,1875.18,831.16,30.71,0,,5,9
ORD13409,CUST1220,2024-09-07,September,Q3,Fashion,Footwear,Bangalore,Organic Search,Debit Card,1,4818.79,0,0.0,4818.79,3296.6,1522.19,31.59,0,,4,3
ORD13410,CUST2892,2024-09-08,September,Q3,Electronics,Tablet,Delhi,Direct,UPI,2,57986.65,20,23194.66,92778.64,79279.54,13499.1,14.55,0,,4,10
ORD13411,CUST3918,2024-09-08,September,Q3,Fashion,Accessories,Bangalore,Organic Search,UPI,1,1624.31,20,324.86,1299.45,1087.99,211.45,16.27,0,,2,3
ORD13412,CUST1938,2024-09-08,September,Q3,Electronics,Headphones,Ahmedabad,Organic Search,Net Banking,1,79019.69,0,0.0,79019.69,48603.56,30416.13,38.49,1,Wrong Item,5,8
ORD13413,CUST2360,2024-09-08,September,Q3,Electronics,Camera,Delhi,Organic Search,Net Banking,3,48958.58,30,44062.72,102813.02,74212.95,28600.06,27.82,0,,5,8
ORD13414,CUST1326,2024-09-08,September,Q3,Fashion,Womens Clothing,Bangalore,Organic Search,Net Banking,3,766.93,15,345.12,1955.67,1063.82,891.85,45.6,0,,5,7
ORD13415,CUST1195,2024-09-08,September,Q3,Sports,Outdoor,Mumbai,Direct,COD,2,1033.09,0,0.0,2066.18,981.08,1085.1,52.52,1,Size Issue,4,6
ORD13416,CUST2178,2024-09-08,September,Q3,Home & Kitchen,Cookware,Mumbai,Paid Ads,COD,2,5666.23,10,1133.25,10199.21,6017.52,4181.7,41.0,0,,3,7
ORD13417,CUST2479,2024-09-08,September,Q3,Fashion,Footwear,Pune,Organic Search,Credit Card,3,2920.53,0,0.0,8761.59,5046.42,3715.17,42.4,0,,4,7
ORD13418,CUST3173,2024-09-08,September,Q3,Beauty,Haircare,Hyderabad,Referral,COD,4,1426.75,0,0.0,5707.0,3985.27,1721.73,30.17,1,Not as Described,5,6
ORD13419,CUST2128,2024-09-08,September,Q3,Fashion,Accessories,Pune,Direct,UPI,1,1779.06,0,0.0,1779.06,994.25,784.81,44.11,0,,5,9
ORD13420,CUST3015,2024-09-08,September,Q3,Electronics,Tablet,Mumbai,Email,Net Banking,2,40388.07,10,8077.61,72698.53,46943.98,25754.54,35.43,0,,3,5
ORD13421,CUST2229,2024-09-08,September,Q3,Sports,Outdoor,Hyderabad,Referral,UPI,1,8868.07,20,1773.61,7094.46,5531.81,1562.65,22.03,0,,4,5
ORD13422,CUST1817,2024-09-08,September,Q3,Home & Kitchen,Appliances,Delhi,Organic Search,Credit Card,1,1850.64,5,92.53,1758.11,916.41,841.7,47.88,0,,5,6
ORD13423,CUST2640,2024-09-08,September,Q3,Sports,Outdoor,Delhi,Direct,UPI,1,9783.2,5,489.16,9294.04,6683.95,2610.09,28.08,0,,3,10
ORD13424,CUST1716,2024-09-09,September,Q3,Electronics,Camera,Mumbai,Social Media,UPI,2,59933.68,10,11986.74,107880.62,69793.81,38086.82,35.3,1,Wrong Item,4,11
ORD13425,CUST1467,2024-09-09,September,Q3,Sports,Sportswear,Mumbai,Direct,Credit Card,3,8330.95,10,2499.29,22493.56,12972.89,9520.67,42.33,1,Not as Described,3,4
ORD13426,CUST3883,2024-09-09,September,Q3,Home & Kitchen,Appliances,Delhi,Email,Debit Card,3,13210.1,15,5944.54,33685.76,27098.3,6587.46,19.56,0,,4,10
ORD13427,CUST1805,2024-09-09,September,Q3,Home & Kitchen,Cookware,Mumbai,Paid Ads,UPI,1,9175.28,5,458.76,8716.52,5563.55,3152.97,36.17,0,,5,10
ORD13428,CUST1101,2024-09-09,September,Q3,Home & Kitchen,Appliances,Ahmedabad,Email,Debit Card,1,8952.05,10,895.2,8056.84,5110.93,2945.92,36.56,0,,5,9
ORD13429,CUST1071,2024-09-09,September,Q3,Books,Academic,Delhi,Organic Search,Debit Card,1,515.19,5,25.76,489.43,306.56,182.87,37.36,0,,4,2
ORD13430,CUST3314,2024-09-09,September,Q3,Home & Kitchen,Furniture,Mumbai,Paid Ads,Credit Card,1,7023.31,15,1053.5,5969.81,4474.38,1495.43,25.05,0,,4,11
ORD13431,CUST2782,2024-09-09,September,Q3,Home & Kitchen,Appliances,Mumbai,Organic Search,Net Banking,3,5455.36,0,0.0,16366.08,7997.03,8369.05,51.14,0,,4,3
ORD13432,CUST1744,2024-09-09,September,Q3,Toys,Dolls,Hyderabad,Referral,UPI,1,1775.78,0,0.0,1775.78,1183.04,592.74,33.38,0,,5,9
ORD13433,CUST2429,2024-09-09,September,Q3,Sports,Fitness Equipment,Mumbai,Paid Ads,Credit Card,2,6776.56,5,677.66,12875.46,9349.98,3525.48,27.38,0,,4,1
ORD13434,CUST3177,2024-09-09,September,Q3,Fashion,Mens Clothing,Kolkata,Social Media,UPI,1,3005.03,20,601.01,2404.02,1778.23,625.8,26.03,0,,4,5
ORD13435,CUST3163,2024-09-10,September,Q3,Beauty,Makeup,Ahmedabad,Paid Ads,UPI,1,2488.47,10,248.85,2239.62,1544.26,695.36,31.05,0,,5,3
ORD13436,CUST3770,2024-09-10,September,Q3,Fashion,Accessories,Delhi,Referral,Credit Card,2,3603.07,30,2161.84,5044.3,4791.78,252.51,5.01,0,,5,3
ORD13437,CUST2455,2024-09-10,September,Q3,Fashion,Womens Clothing,Bangalore,Paid Ads,Debit Card,1,1132.1,0,0.0,1132.1,615.53,516.57,45.63,0,,5,1
ORD13438,CUST2830,2024-09-10,September,Q3,Home & Kitchen,Furniture,Mumbai,Email,UPI,1,11732.66,10,1173.27,10559.39,8191.84,2367.56,22.42,0,,5,8
ORD13439,CUST2744,2024-09-10,September,Q3,Books,Children,Hyderabad,Direct,UPI,1,715.97,5,35.8,680.17,443.99,236.18,34.72,0,,4,3
ORD13440,CUST3881,2024-09-10,September,Q3,Books,Fiction,Bangalore,Paid Ads,UPI,2,604.51,10,120.9,1088.12,672.21,415.9,38.22,1,Not as Described,5,4
ORD13441,CUST2759,2024-09-10,September,Q3,Fashion,Footwear,Delhi,Paid Ads,Debit Card,5,3825.76,20,3825.76,15303.04,11847.13,3455.91,22.58,0,,4,5
ORD13442,CUST3441,2024-09-10,September,Q3,Home & Kitchen,Appliances,Delhi,Email,Credit Card,3,14392.24,20,8635.34,34541.38,25060.63,9480.74,27.45,0,,1,5
ORD13443,CUST2039,2024-09-10,September,Q3,Fashion,Accessories,Hyderabad,Direct,Net Banking,5,2125.53,15,1594.15,9033.5,5079.06,3954.44,43.78,0,,4,2
ORD13444,CUST3032,2024-09-10,September,Q3,Toys,Action Figures,Bangalore,Email,Credit Card,3,2386.3,10,715.89,6443.01,4645.89,1797.12,27.89,1,Not as Described,4,7
ORD13445,CUST1121,2024-09-10,September,Q3,Toys,Dolls,Mumbai,Organic Search,UPI,3,2317.64,25,1738.23,5214.69,4109.83,1104.86,21.19,0,,3,6
ORD13446,CUST1837,2024-09-10,September,Q3,Beauty,Makeup,Chennai,Direct,Credit Card,2,801.48,5,80.15,1522.81,1040.26,482.55,31.69,0,,5,11
ORD13447,CUST1493,2024-09-11,September,Q3,Sports,Fitness Equipment,Hyderabad,Paid Ads,Debit Card,1,3552.04,20,710.41,2841.63,1735.98,1105.65,38.91,0,,2,7
ORD13448,CUST3298,2024-09-11,September,Q3,Beauty,Haircare,Kolkata,Social Media,Debit Card,1,837.51,25,209.38,628.13,489.6,138.53,22.05,0,,5,10
ORD13449,CUST1022,2024-09-11,September,Q3,Home & Kitchen,Decor,Mumbai,Direct,Credit Card,3,5943.29,10,1782.99,16046.88,11440.64,4606.24,28.7,0,,3,10
ORD13450,CUST2367,2024-09-11,September,Q3,Electronics,Laptop,Pune,Organic Search,Debit Card,1,19923.89,15,2988.58,16935.31,13888.47,3046.84,17.99,0,,4,3
ORD13451,CUST1814,2024-09-11,September,Q3,Home & Kitchen,Appliances,Chennai,Email,Credit Card,1,14594.43,5,729.72,13864.71,9794.31,4070.4,29.36,0,,4,8
ORD13452,CUST3748,2024-09-11,September,Q3,Beauty,Makeup,Mumbai,Social Media,UPI,4,925.27,0,0.0,3701.08,2465.24,1235.84,33.39,0,,5,6
ORD13453,CUST1820,2024-09-11,September,Q3,Beauty,Skincare,Chennai,Direct,UPI,1,1890.13,10,189.01,1701.12,967.49,733.63,43.13,0,,3,7
ORD13454,CUST3486,2024-09-11,September,Q3,Fashion,Mens Clothing,Bangalore,Organic Search,Credit Card,5,4697.07,0,0.0,23485.35,15488.5,7996.85,34.05,0,,5,9
ORD13455,CUST2648,2024-09-11,September,Q3,Toys,Action Figures,Ahmedabad,Paid Ads,COD,2,678.73,10,135.75,1221.71,668.31,553.41,45.3,0,,5,8
ORD13456,CUST1641,2024-09-11,September,Q3,Electronics,Camera,Mumbai,Direct,Credit Card,1,53168.02,20,10633.6,42534.42,26558.86,15975.56,37.56,0,,5,8
ORD13457,CUST2800,2024-09-11,September,Q3,Home & Kitchen,Cookware,Hyderabad,Organic Search,Credit Card,2,6868.1,0,0.0,13736.2,6559.44,7176.76,52.25,0,,2,3
ORD13458,CUST2041,2024-09-11,September,Q3,Beauty,Fragrance,Bangalore,Organic Search,UPI,3,2456.98,0,0.0,7370.94,4897.25,2473.69,33.56,0,,4,1
ORD13459,CUST2791,2024-09-11,September,Q3,Beauty,Fragrance,Ahmedabad,Referral,UPI,1,2434.67,10,243.47,2191.2,1161.49,1029.71,46.99,0,,5,1
ORD13460,CUST2612,2024-09-11,September,Q3,Beauty,Skincare,Delhi,Paid Ads,UPI,2,2528.69,5,252.87,4804.51,2450.44,2354.07,49.0,0,,3,10
ORD13461,CUST2789,2024-09-11,September,Q3,Fashion,Accessories,Ahmedabad,Referral,Credit Card,3,771.29,5,115.69,2198.18,1183.48,1014.7,46.16,0,,3,2
ORD13462,CUST1609,2024-09-12,September,Q3,Electronics,Camera,Kolkata,Organic Search,COD,1,79223.23,5,3961.16,75262.07,46992.49,28269.57,37.56,0,,4,8
ORD13463,CUST1323,2024-09-12,September,Q3,Beauty,Makeup,Delhi,Paid Ads,UPI,1,1245.73,0,0.0,1245.73,834.7,411.03,33.0,0,,5,10
ORD13464,CUST2446,2024-09-12,September,Q3,Home & Kitchen,Decor,Pune,Email,Credit Card,1,8833.15,0,0.0,8833.15,4898.49,3934.66,44.54,0,,4,6
ORD13465,CUST3396,2024-09-12,September,Q3,Electronics,Headphones,Ahmedabad,Social Media,Debit Card,1,79674.08,20,15934.82,63739.26,46734.54,17004.72,26.68,1,Late Delivery,4,6
ORD13466,CUST1262,2024-09-12,September,Q3,Beauty,Skincare,Delhi,Social Media,COD,1,2887.41,0,0.0,2887.41,1419.52,1467.89,50.84,0,,4,1
ORD13467,CUST3148,2024-09-12,September,Q3,Home & Kitchen,Cookware,Bangalore,Social Media,UPI,2,13197.75,5,1319.78,25075.72,13632.92,11442.81,45.63,0,,5,2
ORD13468,CUST1985,2024-09-12,September,Q3,Beauty,Skincare,Bangalore,Direct,Credit Card,1,1115.8,30,334.74,781.06,539.47,241.59,30.93,0,,1,5
ORD13469,CUST1566,2024-09-12,September,Q3,Sports,Sportswear,Delhi,Organic Search,Debit Card,3,5618.69,20,3371.21,13484.86,9312.64,4172.22,30.94,0,,3,3
ORD13470,CUST3865,2024-09-12,September,Q3,Electronics,Tablet,Mumbai,Paid Ads,Credit Card,1,26198.48,0,0.0,26198.48,15655.79,10542.69,40.24,0,,3,2
ORD13471,CUST2945,2024-09-12,September,Q3,Electronics,Laptop,Delhi,Organic Search,UPI,1,30031.44,10,3003.14,27028.3,15646.53,11381.77,42.11,0,,2,9
ORD13472,CUST1077,2024-09-12,September,Q3,Sports,Fitness Equipment,Delhi,Social Media,COD,2,1137.54,15,341.26,1933.82,1504.96,428.85,22.18,0,,4,10
ORD13473,CUST1131,2024-09-12,September,Q3,Home & Kitchen,Appliances,Bangalore,Organic Search,Debit Card,3,1872.85,15,842.78,4775.77,3906.63,869.14,18.2,0,,3,7
ORD13474,CUST1235,2024-09-12,September,Q3,Beauty,Skincare,Mumbai,Paid Ads,Debit Card,1,458.0,15,68.7,389.3,219.86,169.44,43.52,0,,4,1
ORD13475,CUST2089,2024-09-13,September,Q3,Sports,Fitness Equipment,Kolkata,Paid Ads,COD,1,5803.76,10,580.38,5223.38,2637.61,2585.78,49.5,0,,4,11
ORD13476,CUST2650,2024-09-13,September,Q3,Sports,Outdoor,Chennai,Organic Search,UPI,3,1567.18,0,0.0,4701.54,3043.98,1657.56,35.26,0,,4,1
ORD13477,CUST2699,2024-09-13,September,Q3,Toys,Educational,Mumbai,Organic Search,UPI,1,727.2,10,72.72,654.48,361.9,292.58,44.7,0,,5,3
ORD13478,CUST2743,2024-09-13,September,Q3,Home & Kitchen,Decor,Hyderabad,Social Media,Debit Card,1,8091.71,10,809.17,7282.54,4355.66,2926.88,40.19,0,,3,10
ORD13479,CUST1410,2024-09-13,September,Q3,Home & Kitchen,Appliances,Hyderabad,Paid Ads,UPI,1,12891.1,10,1289.11,11601.99,7071.51,4530.48,39.05,0,,4,6
ORD13480,CUST2272,2024-09-13,September,Q3,Fashion,Accessories,Ahmedabad,Direct,UPI,2,3082.66,0,0.0,6165.32,4187.18,1978.14,32.09,0,,3,2
ORD13481,CUST2353,2024-09-13,September,Q3,Electronics,Camera,Mumbai,Social Media,Debit Card,1,40133.51,0,0.0,40133.51,24670.45,15463.06,38.53,0,,4,11
ORD13482,CUST3567,2024-09-13,September,Q3,Home & Kitchen,Decor,Delhi,Organic Search,Net Banking,2,10032.47,30,6019.48,14045.46,9232.93,4812.53,34.26,0,,5,8
ORD13483,CUST3413,2024-09-13,September,Q3,Fashion,Footwear,Kolkata,Social Media,COD,2,1358.99,0,0.0,2717.98,1233.15,1484.83,54.63,0,,5,4
ORD13484,CUST1102,2024-09-13,September,Q3,Books,Non-Fiction,Ahmedabad,Organic Search,UPI,4,197.5,0,0.0,790.0,394.91,395.09,50.01,0,,4,8
ORD13485,CUST1277,2024-09-13,September,Q3,Home & Kitchen,Furniture,Chennai,Email,UPI,1,10512.13,15,1576.82,8935.31,5566.62,3368.69,37.7,0,,5,7
ORD13486,CUST1477,2024-09-14,September,Q3,Home & Kitchen,Furniture,Pune,Referral,UPI,1,12412.13,5,620.61,11791.52,7088.95,4702.57,39.88,0,,5,2
ORD13487,CUST1207,2024-09-14,September,Q3,Fashion,Mens Clothing,Mumbai,Social Media,Credit Card,1,2595.72,0,0.0,2595.72,1711.77,883.95,34.05,0,,3,9
ORD13488,CUST2830,2024-09-14,September,Q3,Electronics,Camera,Bangalore,Social Media,Debit Card,1,71701.68,10,7170.17,64531.51,37909.0,26622.52,41.26,0,,3,5
ORD13489,CUST3410,2024-09-14,September,Q3,Electronics,Headphones,Delhi,Organic Search,UPI,2,79576.23,10,15915.25,143237.21,86600.31,56636.9,39.54,0,,4,6
ORD13490,CUST2989,2024-09-14,September,Q3,Fashion,Mens Clothing,Mumbai,Paid Ads,UPI,2,1184.92,10,236.98,2132.86,1261.55,871.31,40.85,0,,5,2
ORD13491,CUST3730,2024-09-14,September,Q3,Electronics,Tablet,Pune,Direct,COD,2,29782.21,25,14891.1,44673.32,26937.49,17735.82,39.7,0,,4,3
ORD13492,CUST2914,2024-09-14,September,Q3,Home & Kitchen,Cookware,Mumbai,Organic Search,Credit Card,3,3379.77,0,0.0,10139.31,6983.96,3155.35,31.12,0,,3,10
ORD13493,CUST1509,2024-09-14,September,Q3,Books,Fiction,Bangalore,Organic Search,UPI,4,523.9,15,314.34,1781.26,1015.84,765.42,42.97,0,,5,8
ORD13494,CUST2033,2024-09-14,September,Q3,Books,Children,Ahmedabad,Paid Ads,UPI,1,445.13,0,0.0,445.13,232.32,212.81,47.81,0,,3,11
ORD13495,CUST1152,2024-09-14,September,Q3,Beauty,Skincare,Mumbai,Email,UPI,5,2387.12,5,596.78,11338.82,5756.85,5581.97,49.23,0,,4,5
ORD13496,CUST1080,2024-09-14,September,Q3,Fashion,Mens Clothing,Ahmedabad,Paid Ads,COD,1,3827.56,15,574.13,3253.43,2191.8,1061.63,32.63,0,,1,10
ORD13497,CUST3683,2024-09-14,September,Q3,Books,Non-Fiction,Ahmedabad,Referral,Net Banking,2,766.53,0,0.0,1533.06,1047.14,485.92,31.7,0,,1,1
ORD13498,CUST2075,2024-09-14,September,Q3,Books,Children,Hyderabad,Organic Search,Credit Card,1,728.11,10,72.81,655.3,345.98,309.32,47.2,0,,4,9
ORD13499,CUST3398,2024-09-14,September,Q3,Electronics,Tablet,Mumbai,Paid Ads,Credit Card,3,35109.96,0,0.0,105329.88,59008.35,46321.53,43.98,0,,4,11
ORD13500,CUST1966,2024-09-15,September,Q3,Beauty,Fragrance,Delhi,Email,Credit Card,1,1022.68,0,0.0,1022.68,465.93,556.75,54.44,0,,3,1
ORD13501,CUST3227,2024-09-15,September,Q3,Fashion,Accessories,Bangalore,Organic Search,UPI,2,3306.6,10,661.32,5951.88,4250.47,1701.41,28.59,0,,5,9
ORD13502,CUST3261,2024-09-15,September,Q3,Sports,Outdoor,Delhi,Social Media,Debit Card,4,4204.5,15,2522.7,14295.3,10264.14,4031.16,28.2,1,Late Delivery,2,10
ORD13503,CUST1278,2024-09-15,September,Q3,Toys,Educational,Delhi,Organic Search,UPI,2,323.05,0,0.0,646.1,403.76,242.34,37.51,0,,4,6
ORD13504,CUST3928,2024-09-15,September,Q3,Electronics,Tablet,Ahmedabad,Organic Search,Debit Card,2,29178.82,25,14589.41,43768.23,33152.05,10616.18,24.26,0,,4,7
ORD13505,CUST3305,2024-09-15,September,Q3,Books,Academic,Mumbai,Organic Search,UPI,1,247.82,0,0.0,247.82,167.75,80.07,32.31,0,,5,1
ORD13506,CUST3866,2024-09-15,September,Q3,Home & Kitchen,Cookware,Chennai,Referral,UPI,1,12949.16,0,0.0,12949.16,7152.98,5796.18,44.76,0,,5,10
ORD13507,CUST3897,2024-09-15,September,Q3,Toys,Board Games,Mumbai,Social Media,UPI,5,1877.82,0,0.0,9389.1,5431.79,3957.31,42.15,0,,2,11
ORD13508,CUST3584,2024-09-15,September,Q3,Home & Kitchen,Furniture,Hyderabad,Email,UPI,2,11702.46,0,0.0,23404.92,14600.51,8804.41,37.62,0,,3,1
ORD13509,CUST3852,2024-09-15,September,Q3,Sports,Fitness Equipment,Kolkata,Paid Ads,Credit Card,2,5557.46,0,0.0,11114.92,6448.21,4666.71,41.99,0,,5,5
ORD13510,CUST2104,2024-09-15,September,Q3,Electronics,Laptop,Delhi,Social Media,Debit Card,1,54020.95,15,8103.14,45917.81,26866.45,19051.36,41.49,0,,4,2
ORD13511,CUST3351,2024-09-15,September,Q3,Fashion,Mens Clothing,Mumbai,Paid Ads,UPI,1,1401.49,10,140.15,1261.34,741.76,519.58,41.19,0,,4,11
ORD13512,CUST1012,2024-09-15,September,Q3,Electronics,Mobile,Hyderabad,Referral,UPI,1,66614.36,5,3330.72,63283.64,31513.5,31770.15,50.2,0,,3,10
ORD13513,CUST2290,2024-09-15,September,Q3,Toys,Board Games,Chennai,Email,COD,1,2798.46,25,699.62,2098.85,1561.97,536.88,25.58,0,,5,5
ORD13514,CUST2021,2024-09-16,September,Q3,Sports,Fitness Equipment,Chennai,Email,COD,1,8985.81,5,449.29,8536.52,5412.58,3123.93,36.59,0,,5,5
ORD13515,CUST3734,2024-09-16,September,Q3,Books,Non-Fiction,Delhi,Organic Search,COD,1,614.69,0,0.0,614.69,294.83,319.86,52.04,0,,1,6
ORD13516,CUST3898,2024-09-16,September,Q3,Toys,Dolls,Delhi,Social Media,Debit Card,1,1857.51,0,0.0,1857.51,1128.71,728.8,39.24,0,,4,9
ORD13517,CUST1269,2024-09-16,September,Q3,Electronics,Laptop,Ahmedabad,Paid Ads,UPI,2,19163.55,0,0.0,38327.1,25802.49,12524.61,32.68,0,,5,6
ORD13518,CUST2297,2024-09-16,September,Q3,Fashion,Womens Clothing,Kolkata,Referral,Debit Card,1,1167.28,10,116.73,1050.55,623.83,426.72,40.62,1,Damaged Product,4,10
ORD13519,CUST1705,2024-09-16,September,Q3,Electronics,Tablet,Bangalore,Organic Search,Credit Card,2,28136.12,0,0.0,56272.24,28446.08,27826.16,49.45,0,,4,11
ORD13520,CUST1173,2024-09-16,September,Q3,Fashion,Womens Clothing,Pune,Organic Search,Debit Card,3,954.03,10,286.21,2575.88,1926.91,648.97,25.19,1,Not as Described,4,1
ORD13521,CUST2046,2024-09-16,September,Q3,Fashion,Mens Clothing,Bangalore,Paid Ads,Credit Card,1,2900.4,15,435.06,2465.34,1806.91,658.43,26.71,0,,1,5
ORD13522,CUST3500,2024-09-16,September,Q3,Home & Kitchen,Decor,Bangalore,Organic Search,Debit Card,3,14211.83,15,6395.32,36240.17,20309.36,15930.81,43.96,0,,5,2
ORD13523,CUST3493,2024-09-16,September,Q3,Fashion,Accessories,Mumbai,Organic Search,UPI,4,677.54,15,406.52,2303.64,1496.08,807.55,35.06,1,Not as Described,4,11
ORD13524,CUST3055,2024-09-16,September,Q3,Electronics,Laptop,Bangalore,Direct,Net Banking,1,14549.27,0,0.0,14549.27,8999.05,5550.22,38.15,0,,4,8
ORD13525,CUST1155,2024-09-16,September,Q3,Electronics,Tablet,Bangalore,Social Media,Debit Card,1,31138.97,0,0.0,31138.97,18483.97,12655.0,40.64,0,,3,7
ORD13526,CUST3415,2024-09-16,September,Q3,Electronics,Tablet,Mumbai,Direct,COD,1,10195.02,10,1019.5,9175.52,6164.28,3011.23,32.82,0,,5,11
ORD13527,CUST2219,2024-09-16,September,Q3,Toys,Action Figures,Bangalore,Direct,Credit Card,2,2650.5,0,0.0,5301.0,3137.05,2163.95,40.82,0,,5,6
ORD13528,CUST3648,2024-09-16,September,Q3,Sports,Fitness Equipment,Pune,Paid Ads,Credit Card,1,9320.42,0,0.0,9320.42,6053.76,3266.66,35.05,0,,4,2
ORD13529,CUST3449,2024-09-16,September,Q3,Toys,Board Games,Chennai,Social Media,UPI,1,2077.05,10,207.7,1869.35,1101.06,768.29,41.1,0,,5,3
ORD13530,CUST3035,2024-09-16,September,Q3,Fashion,Womens Clothing,Hyderabad,Organic Search,UPI,2,1407.66,5,140.77,2674.55,1765.53,909.02,33.99,0,,2,9
ORD13531,CUST2617,2024-09-17,September,Q3,Fashion,Accessories,Kolkata,Direct,Credit Card,1,1234.8,15,185.22,1049.58,861.61,187.97,17.91,0,,5,9
ORD13532,CUST3482,2024-09-17,September,Q3,Sports,Outdoor,Mumbai,Paid Ads,Credit Card,4,9914.53,5,1982.91,37675.21,21712.41,15962.8,42.37,0,,4,7
ORD13533,CUST3167,2024-09-17,September,Q3,Fashion,Accessories,Hyderabad,Paid Ads,UPI,1,1548.4,30,464.52,1083.88,1002.99,80.89,7.46,1,Damaged Product,3,2
ORD13534,CUST3018,2024-09-17,September,Q3,Fashion,Mens Clothing,Pune,Paid Ads,Debit Card,3,4639.45,15,2087.75,11830.6,7119.62,4710.98,39.82,1,Late Delivery,3,7
ORD13535,CUST3616,2024-09-17,September,Q3,Fashion,Accessories,Hyderabad,Paid Ads,UPI,1,3975.55,0,0.0,3975.55,2069.17,1906.38,47.95,0,,4,1
ORD13536,CUST1916,2024-09-17,September,Q3,Electronics,Camera,Delhi,Organic Search,UPI,1,7047.23,10,704.72,6342.51,4818.3,1524.2,24.03,0,,5,9
ORD13537,CUST3654,2024-09-17,September,Q3,Fashion,Womens Clothing,Mumbai,Paid Ads,Credit Card,1,4449.37,10,444.94,4004.43,2031.07,1973.36,49.28,0,,5,9
ORD13538,CUST1266,2024-09-17,September,Q3,Fashion,Womens Clothing,Kolkata,Email,COD,5,4749.74,15,3562.3,20186.39,11977.82,8208.58,40.66,0,,4,6
ORD13539,CUST1813,2024-09-17,September,Q3,Beauty,Makeup,Bangalore,Direct,Debit Card,1,544.71,10,54.47,490.24,310.88,179.36,36.59,0,,2,10
ORD13540,CUST2897,2024-09-17,September,Q3,Electronics,Camera,Kolkata,Paid Ads,UPI,2,76101.03,10,15220.21,136981.85,83781.44,53200.42,38.84,0,,5,1
ORD13541,CUST3417,2024-09-17,September,Q3,Fashion,Accessories,Hyderabad,Paid Ads,UPI,3,614.41,5,92.16,1751.07,1119.38,631.69,36.07,1,Damaged Product,4,8
ORD13542,CUST2798,2024-09-18,September,Q3,Sports,Fitness Equipment,Chennai,Direct,Net Banking,2,8741.56,0,0.0,17483.12,8709.75,8773.37,50.18,1,Not as Described,4,6
ORD13543,CUST3806,2024-09-18,September,Q3,Electronics,Headphones,Pune,Organic Search,UPI,1,69064.11,25,17266.03,51798.08,32296.92,19501.17,37.65,0,,5,9
ORD13544,CUST1492,2024-09-18,September,Q3,Fashion,Mens Clothing,Hyderabad,Direct,UPI,4,1438.63,5,287.73,5466.79,3120.87,2345.93,42.91,0,,3,9
ORD13545,CUST2698,2024-09-18,September,Q3,Books,Fiction,Bangalore,Organic Search,Debit Card,3,181.99,0,0.0,545.97,317.26,228.71,41.89,1,Not as Described,4,7
ORD13546,CUST2565,2024-09-18,September,Q3,Electronics,Tablet,Bangalore,Social Media,UPI,1,37891.01,0,0.0,37891.01,22374.66,15516.35,40.95,0,,1,4
ORD13547,CUST3469,2024-09-18,September,Q3,Electronics,Tablet,Pune,Social Media,UPI,2,19897.83,20,7959.13,31836.53,23892.25,7944.27,24.95,0,,2,11
ORD13548,CUST3279,2024-09-18,September,Q3,Home & Kitchen,Appliances,Delhi,Social Media,Debit Card,4,11747.97,10,4699.19,42292.69,27592.01,14700.68,34.76,0,,5,1
ORD13549,CUST2198,2024-09-18,September,Q3,Fashion,Footwear,Bangalore,Direct,COD,5,3155.98,15,2366.98,13412.92,8070.44,5342.47,39.83,0,,3,3
ORD13550,CUST1418,2024-09-18,September,Q3,Home & Kitchen,Cookware,Mumbai,Organic Search,Credit Card,1,2570.02,20,514.0,2056.02,1647.74,408.28,19.86,0,,4,6
ORD13551,CUST2682,2024-09-18,September,Q3,Sports,Outdoor,Kolkata,Paid Ads,COD,3,9707.82,20,5824.69,23298.77,13744.67,9554.09,41.01,1,Damaged Product,3,1
ORD13552,CUST2564,2024-09-18,September,Q3,Electronics,Tablet,Mumbai,Social Media,COD,1,43002.75,10,4300.27,38702.48,21483.68,17218.8,44.49,1,Not as Described,4,4
ORD13553,CUST1407,2024-09-18,September,Q3,Home & Kitchen,Appliances,Hyderabad,Email,UPI,1,9011.91,0,0.0,9011.91,5721.16,3290.75,36.52,0,,2,8
ORD13554,CUST1608,2024-09-18,September,Q3,Home & Kitchen,Appliances,Bangalore,Organic Search,UPI,1,8134.25,0,0.0,8134.25,4229.25,3905.0,48.01,0,,5,8
ORD13555,CUST1885,2024-09-19,September,Q3,Electronics,Laptop,Bangalore,Email,Debit Card,1,17216.22,10,1721.62,15494.6,9871.24,5623.36,36.29,0,,2,6
ORD13556,CUST2986,2024-09-19,September,Q3,Home & Kitchen,Cookware,Chennai,Paid Ads,Net Banking,2,3776.86,5,377.69,7176.03,4017.06,3158.97,44.02,1,Late Delivery,5,6
ORD13557,CUST2174,2024-09-19,September,Q3,Fashion,Mens Clothing,Mumbai,Organic Search,Credit Card,1,4733.13,10,473.31,4259.82,2729.81,1530.01,35.92,0,,4,3
ORD13558,CUST1201,2024-09-19,September,Q3,Home & Kitchen,Appliances,Hyderabad,Email,UPI,1,11317.12,10,1131.71,10185.41,6073.49,4111.92,40.37,0,,4,7
ORD13559,CUST2986,2024-09-19,September,Q3,Electronics,Camera,Pune,Organic Search,UPI,1,31879.28,10,3187.93,28691.35,22269.33,6422.02,22.38,0,,5,8
ORD13560,CUST2965,2024-09-19,September,Q3,Home & Kitchen,Decor,Pune,Social Media,Net Banking,1,14934.08,0,0.0,14934.08,8054.99,6879.09,46.06,0,,3,2
ORD13561,CUST3338,2024-09-19,September,Q3,Fashion,Mens Clothing,Mumbai,Organic Search,UPI,5,2368.08,0,0.0,11840.4,7184.31,4656.09,39.32,0,,3,5
ORD13562,CUST2090,2024-09-19,September,Q3,Sports,Outdoor,Kolkata,Paid Ads,UPI,3,2498.11,15,1124.15,6370.18,5036.83,1333.35,20.93,0,,3,6
ORD13563,CUST2016,2024-09-19,September,Q3,Electronics,Tablet,Hyderabad,Social Media,Credit Card,1,11809.32,0,0.0,11809.32,7197.59,4611.73,39.05,0,,4,1
ORD13564,CUST1955,2024-09-20,September,Q3,Fashion,Accessories,Kolkata,Social Media,Debit Card,3,2781.1,15,1251.49,7091.8,4934.76,2157.04,30.42,0,,5,5
ORD13565,CUST1713,2024-09-20,September,Q3,Home & Kitchen,Cookware,Bangalore,Paid Ads,Credit Card,1,7587.3,10,758.73,6828.57,4494.01,2334.56,34.19,0,,3,3
ORD13566,CUST2320,2024-09-20,September,Q3,Beauty,Fragrance,Hyderabad,Paid Ads,COD,2,1624.46,30,974.68,2274.24,1865.25,408.99,17.98,0,,5,3
ORD13567,CUST2789,2024-09-20,September,Q3,Home & Kitchen,Decor,Kolkata,Organic Search,UPI,4,14217.54,20,11374.03,45496.13,37073.38,8422.75,18.51,0,,4,6
ORD13568,CUST1749,2024-09-20,September,Q3,Beauty,Fragrance,Kolkata,Paid Ads,UPI,1,245.21,5,12.26,232.95,113.44,119.51,51.3,1,Wrong Item,1,11
ORD13569,CUST1863,2024-09-20,September,Q3,Sports,Sportswear,Bangalore,Referral,UPI,2,4110.28,10,822.06,7398.5,5518.32,1880.19,25.41,0,,5,1
ORD13570,CUST3821,2024-09-20,September,Q3,Books,Children,Delhi,Direct,UPI,1,423.01,0,0.0,423.01,252.36,170.65,40.34,0,,5,5
ORD13571,CUST3111,2024-09-20,September,Q3,Fashion,Mens Clothing,Bangalore,Organic Search,Credit Card,1,4827.06,5,241.35,4585.71,3196.57,1389.14,30.29,0,,5,5
ORD13572,CUST3743,2024-09-20,September,Q3,Home & Kitchen,Furniture,Bangalore,Organic Search,Debit Card,2,2220.94,15,666.28,3775.6,2010.39,1765.21,46.75,1,Changed Mind,4,5
ORD13573,CUST3420,2024-09-20,September,Q3,Sports,Outdoor,Delhi,Referral,Credit Card,5,3923.73,10,1961.86,17656.78,13091.9,4564.89,25.85,0,,3,3
ORD13574,CUST3437,2024-09-20,September,Q3,Toys,Board Games,Delhi,Social Media,UPI,1,1136.95,10,113.7,1023.26,545.78,477.48,46.66,0,,4,6
ORD13575,CUST2184,2024-09-20,September,Q3,Books,Children,Kolkata,Social Media,Credit Card,4,192.45,0,0.0,769.8,485.21,284.59,36.97,0,,4,11
ORD13576,CUST3387,2024-09-21,September,Q3,Fashion,Footwear,Mumbai,Email,UPI,3,4756.73,20,2854.04,11416.15,7907.55,3508.61,30.73,1,Not as Described,4,1
ORD13577,CUST3328,2024-09-21,September,Q3,Electronics,Tablet,Chennai,Paid Ads,UPI,1,53900.14,0,0.0,53900.14,33432.54,20467.6,37.97,0,,5,10
ORD13578,CUST1466,2024-09-21,September,Q3,Home & Kitchen,Furniture,Mumbai,Paid Ads,UPI,1,4056.9,20,811.38,3245.52,2462.73,782.79,24.12,0,,5,1
ORD13579,CUST3500,2024-09-21,September,Q3,Beauty,Haircare,Delhi,Referral,Credit Card,2,2163.4,10,432.68,3894.12,2123.81,1770.31,45.46,0,,3,11
ORD13580,CUST2827,2024-09-21,September,Q3,Home & Kitchen,Decor,Mumbai,Social Media,Debit Card,1,10036.14,5,501.81,9534.33,5807.45,3726.89,39.09,0,,4,2
ORD13581,CUST1060,2024-09-21,September,Q3,Home & Kitchen,Appliances,Delhi,Organic Search,Debit Card,1,12304.41,0,0.0,12304.41,6389.77,5914.64,48.07,0,,5,4
ORD13582,CUST1274,2024-09-21,September,Q3,Sports,Fitness Equipment,Pune,Organic Search,UPI,5,8821.45,0,0.0,44107.25,26028.09,18079.16,40.99,0,,3,10
ORD13583,CUST3914,2024-09-21,September,Q3,Fashion,Footwear,Kolkata,Organic Search,Credit Card,2,571.33,20,228.53,914.13,725.02,189.11,20.69,0,,4,9
ORD13584,CUST2081,2024-09-21,September,Q3,Books,Children,Delhi,Email,COD,1,776.75,20,155.35,621.4,365.32,256.08,41.21,0,,1,10
ORD13585,CUST1676,2024-09-21,September,Q3,Fashion,Accessories,Bangalore,Paid Ads,UPI,2,3783.33,10,756.67,6809.99,4380.65,2429.35,35.67,0,,4,8
ORD13586,CUST2764,2024-09-22,September,Q3,Fashion,Footwear,Bangalore,Organic Search,Credit Card,1,4537.99,10,453.8,4084.19,2742.79,1341.4,32.84,0,,4,11
ORD13587,CUST3704,2024-09-22,September,Q3,Home & Kitchen,Appliances,Kolkata,Referral,UPI,1,1444.25,10,144.43,1299.82,756.56,543.27,41.8,0,,2,10
ORD13588,CUST1571,2024-09-22,September,Q3,Sports,Fitness Equipment,Pune,Organic Search,UPI,4,8550.44,10,3420.18,30781.58,23539.39,7242.19,23.53,0,,1,11
ORD13589,CUST1107,2024-09-22,September,Q3,Electronics,Camera,Bangalore,Organic Search,UPI,3,18301.88,10,5490.56,49415.08,31849.43,17565.65,35.55,0,,4,2
ORD13590,CUST1877,2024-09-22,September,Q3,Electronics,Laptop,Chennai,Organic Search,Credit Card,1,5695.55,5,284.78,5410.77,2822.88,2587.89,47.83,1,Not as Described,4,1
ORD13591,CUST2913,2024-09-22,September,Q3,Toys,Educational,Pune,Organic Search,Credit Card,1,1700.28,20,340.06,1360.22,810.94,549.28,40.38,0,,1,4
ORD13592,CUST1208,2024-09-22,September,Q3,Electronics,Mobile,Mumbai,Paid Ads,Credit Card,2,15516.53,15,4654.96,26378.1,18167.22,8210.89,31.13,1,Late Delivery,5,5
ORD13593,CUST3111,2024-09-22,September,Q3,Home & Kitchen,Appliances,Bangalore,Referral,Debit Card,1,7471.34,5,373.57,7097.77,4062.99,3034.79,42.76,0,,4,2
ORD13594,CUST2887,2024-09-22,September,Q3,Home & Kitchen,Furniture,Kolkata,Direct,UPI,1,1353.67,20,270.73,1082.94,674.31,408.62,37.73,0,,3,10
ORD13595,CUST3214,2024-09-22,September,Q3,Home & Kitchen,Furniture,Chennai,Paid Ads,UPI,1,9266.1,10,926.61,8339.49,4240.86,4098.63,49.15,1,Changed Mind,5,6
ORD13596,CUST1702,2024-09-22,September,Q3,Beauty,Haircare,Hyderabad,Paid Ads,Net Banking,2,787.51,0,0.0,1575.02,931.86,643.16,40.83,0,,3,8
ORD13597,CUST1432,2024-09-22,September,Q3,Fashion,Womens Clothing,Bangalore,Social Media,Credit Card,1,3829.32,0,0.0,3829.32,2296.25,1533.07,40.03,0,,3,11
ORD13598,CUST1364,2024-09-22,September,Q3,Home & Kitchen,Appliances,Delhi,Organic Search,Credit Card,1,4961.8,15,744.27,4217.53,2408.71,1808.82,42.89,0,,5,5
ORD13599,CUST2682,2024-09-23,September,Q3,Fashion,Mens Clothing,Bangalore,Organic Search,UPI,1,3279.0,20,655.8,2623.2,1968.82,654.38,24.95,0,,3,4
ORD13600,CUST1224,2024-09-23,September,Q3,Beauty,Fragrance,Hyderabad,Referral,Debit Card,1,2505.1,20,501.02,2004.08,1723.49,280.59,14.0,0,,5,7
ORD13601,CUST1648,2024-09-23,September,Q3,Electronics,Tablet,Bangalore,Organic Search,Debit Card,1,36442.94,15,5466.44,30976.5,25312.32,5664.18,18.29,0,,5,5
ORD13602,CUST3706,2024-09-23,September,Q3,Home & Kitchen,Decor,Chennai,Organic Search,UPI,1,3279.85,0,0.0,3279.85,2204.46,1075.39,32.79,0,,4,8
ORD13603,CUST3725,2024-09-23,September,Q3,Electronics,Laptop,Kolkata,Paid Ads,Credit Card,1,43894.98,0,0.0,43894.98,28609.42,15285.56,34.82,0,,1,7
ORD13604,CUST3700,2024-09-23,September,Q3,Fashion,Womens Clothing,Mumbai,Paid Ads,UPI,3,1181.21,5,177.18,3366.45,1780.11,1586.33,47.12,0,,2,5
ORD13605,CUST1112,2024-09-23,September,Q3,Fashion,Mens Clothing,Bangalore,Organic Search,Debit Card,1,4142.38,20,828.48,3313.9,2026.07,1287.83,38.86,0,,2,11
ORD13606,CUST3583,2024-09-23,September,Q3,Electronics,Mobile,Bangalore,Organic Search,UPI,1,55150.09,30,16545.03,38605.06,30952.27,7652.8,19.82,0,,5,8
ORD13607,CUST3705,2024-09-23,September,Q3,Sports,Outdoor,Chennai,Paid Ads,COD,4,3968.15,0,0.0,15872.6,9601.46,6271.14,39.51,0,,4,1
ORD13608,CUST3571,2024-09-23,September,Q3,Fashion,Footwear,Delhi,Social Media,Credit Card,2,4662.3,15,1398.69,7925.91,6179.13,1746.78,22.04,0,,1,8
ORD13609,CUST2062,2024-09-23,September,Q3,Books,Academic,Hyderabad,Organic Search,Net Banking,2,661.26,10,132.25,1190.27,671.83,518.44,43.56,0,,4,3
ORD13610,CUST1389,2024-09-23,September,Q3,Toys,Board Games,Kolkata,Paid Ads,UPI,1,380.95,0,0.0,380.95,217.11,163.84,43.01,0,,3,1
ORD13611,CUST3235,2024-09-24,September,Q3,Home & Kitchen,Furniture,Bangalore,Social Media,Net Banking,1,3697.89,10,369.79,3328.1,2262.59,1065.51,32.02,0,,3,9
ORD13612,CUST1342,2024-09-24,September,Q3,Electronics,Camera,Kolkata,Direct,Credit Card,2,35274.07,20,14109.63,56438.51,39605.62,16832.89,29.83,1,Wrong Item,3,11
ORD13613,CUST1963,2024-09-24,September,Q3,Fashion,Mens Clothing,Ahmedabad,Paid Ads,UPI,2,2179.33,0,0.0,4358.66,2456.32,1902.34,43.65,0,,5,6
ORD13614,CUST2512,2024-09-24,September,Q3,Sports,Fitness Equipment,Mumbai,Organic Search,Debit Card,1,8493.54,20,1698.71,6794.83,4300.1,2494.73,36.72,0,,1,11
ORD13615,CUST3803,2024-09-24,September,Q3,Fashion,Footwear,Delhi,Paid Ads,UPI,1,3298.61,0,0.0,3298.61,2298.03,1000.58,30.33,0,,4,11
ORD13616,CUST3874,2024-09-24,September,Q3,Electronics,Tablet,Ahmedabad,Email,UPI,3,7135.86,0,0.0,21407.58,12176.6,9230.98,43.12,0,,2,8
ORD13617,CUST3519,2024-09-24,September,Q3,Home & Kitchen,Cookware,Ahmedabad,Organic Search,UPI,1,1166.79,0,0.0,1166.79,680.45,486.34,41.68,0,,4,11
ORD13618,CUST3341,2024-09-24,September,Q3,Sports,Sportswear,Mumbai,Paid Ads,COD,1,770.72,20,154.14,616.58,388.94,227.64,36.92,1,Wrong Item,4,10
ORD13619,CUST3101,2024-09-24,September,Q3,Sports,Fitness Equipment,Mumbai,Organic Search,Debit Card,1,4969.77,5,248.49,4721.28,2875.18,1846.1,39.1,0,,1,11
ORD13620,CUST3439,2024-09-25,September,Q3,Electronics,Mobile,Mumbai,Organic Search,Credit Card,3,60121.31,15,27054.59,153309.34,92677.73,60631.61,39.55,0,,4,4
ORD13621,CUST3066,2024-09-25,September,Q3,Beauty,Haircare,Ahmedabad,Paid Ads,UPI,3,604.15,10,181.24,1631.2,907.28,723.92,44.38,0,,4,2
ORD13622,CUST3394,2024-09-25,September,Q3,Fashion,Accessories,Mumbai,Paid Ads,UPI,2,2334.44,10,466.89,4201.99,2422.82,1779.17,42.34,1,Damaged Product,3,6
ORD13623,CUST2837,2024-09-25,September,Q3,Fashion,Footwear,Bangalore,Direct,Debit Card,1,2927.64,20,585.53,2342.11,1319.46,1022.65,43.66,0,,5,2
ORD13624,CUST1600,2024-09-25,September,Q3,Books,Academic,Pune,Social Media,UPI,1,645.63,5,32.28,613.35,382.56,230.79,37.63,0,,4,1
ORD13625,CUST1458,2024-09-25,September,Q3,Fashion,Footwear,Mumbai,Paid Ads,Net Banking,1,3751.35,20,750.27,3001.08,2051.5,949.58,31.64,1,Late Delivery,5,7
ORD13626,CUST1342,2024-09-25,September,Q3,Fashion,Mens Clothing,Hyderabad,Paid Ads,UPI,2,1263.83,0,0.0,2527.66,1705.34,822.32,32.53,0,,4,7
ORD13627,CUST2820,2024-09-25,September,Q3,Electronics,Camera,Delhi,Paid Ads,Credit Card,2,12508.64,10,2501.73,22515.55,11512.37,11003.18,48.87,0,,5,6
ORD13628,CUST1091,2024-09-25,September,Q3,Books,Academic,Kolkata,Organic Search,Credit Card,4,376.63,15,225.98,1280.54,694.2,586.34,45.79,0,,4,2
ORD13629,CUST3993,2024-09-25,September,Q3,Sports,Fitness Equipment,Delhi,Direct,Net Banking,1,2615.65,20,523.13,2092.52,1756.33,336.19,16.07,0,,3,5
ORD13630,CUST3201,2024-09-25,September,Q3,Home & Kitchen,Cookware,Chennai,Referral,UPI,2,6762.34,0,0.0,13524.68,6514.31,7010.37,51.83,0,,5,1
ORD13631,CUST3062,2024-09-25,September,Q3,Sports,Sportswear,Chennai,Organic Search,COD,1,1130.09,10,113.01,1017.08,509.15,507.93,49.94,1,Damaged Product,5,2
ORD13632,CUST3563,2024-09-25,September,Q3,Electronics,Mobile,Delhi,Organic Search,Debit Card,1,77654.78,5,3882.74,73772.04,38418.03,35354.01,47.92,0,,5,5
ORD13633,CUST3407,2024-09-26,September,Q3,Home & Kitchen,Appliances,Mumbai,Organic Search,UPI,1,7394.95,5,369.75,7025.2,4850.86,2174.34,30.95,0,,2,5
ORD13634,CUST2186,2024-09-26,September,Q3,Fashion,Accessories,Bangalore,Social Media,UPI,1,2367.85,0,0.0,2367.85,1540.71,827.14,34.93,0,,4,7
ORD13635,CUST3709,2024-09-26,September,Q3,Electronics,Mobile,Delhi,Social Media,Debit Card,4,72360.75,0,0.0,289443.0,154861.57,134581.43,46.5,0,,4,5
ORD13636,CUST3081,2024-09-26,September,Q3,Home & Kitchen,Cookware,Pune,Direct,UPI,1,7053.9,20,1410.78,5643.12,4352.31,1290.81,22.87,0,,4,11
ORD13637,CUST1125,2024-09-26,September,Q3,Books,Fiction,Pune,Email,UPI,5,707.0,15,530.25,3004.75,2039.03,965.72,32.14,0,,5,6
ORD13638,CUST1289,2024-09-26,September,Q3,Electronics,Camera,Bangalore,Paid Ads,UPI,1,65706.88,5,3285.34,62421.54,44429.92,17991.61,28.82,1,Wrong Item,4,2
ORD13639,CUST3238,2024-09-26,September,Q3,Fashion,Mens Clothing,Hyderabad,Social Media,COD,1,503.25,20,100.65,402.6,233.56,169.04,41.99,0,,4,5
ORD13640,CUST2634,2024-09-26,September,Q3,Fashion,Mens Clothing,Hyderabad,Social Media,COD,1,2643.1,0,0.0,2643.1,1726.72,916.38,34.67,0,,4,8
ORD13641,CUST2065,2024-09-26,September,Q3,Fashion,Womens Clothing,Pune,Social Media,COD,1,4547.97,10,454.8,4093.17,2240.56,1852.62,45.26,1,Not as Described,3,1
ORD13642,CUST2245,2024-09-26,September,Q3,Books,Fiction,Bangalore,Paid Ads,COD,1,316.96,20,63.39,253.57,173.66,79.9,31.51,1,Damaged Product,4,11
ORD13643,CUST3191,2024-09-26,September,Q3,Home & Kitchen,Furniture,Delhi,Social Media,UPI,1,5384.85,20,1076.97,4307.88,2681.6,1626.28,37.75,0,,1,10
ORD13644,CUST1566,2024-09-26,September,Q3,Home & Kitchen,Decor,Delhi,Social Media,Debit Card,1,8467.8,5,423.39,8044.41,5297.91,2746.5,34.14,0,,3,7
ORD13645,CUST1658,2024-09-26,September,Q3,Sports,Fitness Equipment,Bangalore,Social Media,COD,5,9590.6,15,7192.95,40760.05,29710.79,11049.26,27.11,0,,3,8
ORD13646,CUST1492,2024-09-27,September,Q3,Electronics,Headphones,Bangalore,Social Media,UPI,2,55132.4,5,5513.24,104751.56,64722.61,40028.95,38.21,0,,4,11
ORD13647,CUST2848,2024-09-27,September,Q3,Home & Kitchen,Appliances,Bangalore,Email,Credit Card,2,2168.86,20,867.54,3470.18,2709.08,761.09,21.93,0,,4,5
ORD13648,CUST2458,2024-09-27,September,Q3,Fashion,Accessories,Mumbai,Social Media,UPI,1,2717.61,10,271.76,2445.85,1657.45,788.4,32.23,0,,5,4
ORD13649,CUST3137,2024-09-27,September,Q3,Home & Kitchen,Cookware,Chennai,Social Media,Credit Card,1,12601.47,15,1890.22,10711.25,8116.74,2594.51,24.22,0,,4,1
ORD13650,CUST3101,2024-09-27,September,Q3,Toys,Board Games,Delhi,Social Media,UPI,1,1842.35,0,0.0,1842.35,939.33,903.02,49.01,0,,4,9
ORD13651,CUST1954,2024-09-27,September,Q3,Sports,Sportswear,Mumbai,Paid Ads,Debit Card,3,1695.41,10,508.62,4577.61,2834.19,1743.42,38.09,0,,3,2
ORD13652,CUST3339,2024-09-27,September,Q3,Fashion,Footwear,Bangalore,Organic Search,Debit Card,1,2816.3,10,281.63,2534.67,1374.09,1160.58,45.79,0,,5,11
ORD13653,CUST2803,2024-09-27,September,Q3,Sports,Outdoor,Delhi,Organic Search,Net Banking,1,8151.75,10,815.18,7336.58,4543.77,2792.8,38.07,0,,2,5
ORD13654,CUST3076,2024-09-27,September,Q3,Electronics,Laptop,Hyderabad,Social Media,UPI,2,15694.66,15,4708.4,26680.92,19631.6,7049.32,26.42,0,,5,7
ORD13655,CUST2531,2024-09-27,September,Q3,Electronics,Mobile,Delhi,Social Media,UPI,1,54440.74,25,13610.18,40830.56,33908.29,6922.26,16.95,0,,4,8
ORD13656,CUST2792,2024-09-28,September,Q3,Fashion,Womens Clothing,Bangalore,Referral,UPI,3,3844.33,15,1729.95,9803.04,7235.3,2567.74,26.19,0,,3,11
ORD13657,CUST1047,2024-09-28,September,Q3,Fashion,Accessories,Bangalore,Paid Ads,COD,1,3727.71,0,0.0,3727.71,1965.22,1762.49,47.28,0,,4,10
ORD13658,CUST3208,2024-09-28,September,Q3,Home & Kitchen,Appliances,Delhi,Paid Ads,UPI,1,4808.66,20,961.73,3846.93,2959.99,886.94,23.06,0,,1,4
ORD13659,CUST1706,2024-09-28,September,Q3,Home & Kitchen,Cookware,Mumbai,Organic Search,UPI,2,9533.21,0,0.0,19066.42,10331.46,8734.96,45.81,0,,3,10
ORD13660,CUST1252,2024-09-28,September,Q3,Books,Non-Fiction,Kolkata,Organic Search,Net Banking,1,312.36,10,31.24,281.12,214.32,66.81,23.76,0,,4,1
ORD13661,CUST1105,2024-09-28,September,Q3,Home & Kitchen,Appliances,Bangalore,Email,Credit Card,1,4359.52,20,871.9,3487.62,2336.01,1151.6,33.02,0,,4,7
ORD13662,CUST2062,2024-09-28,September,Q3,Home & Kitchen,Decor,Bangalore,Organic Search,Net Banking,1,11166.43,0,0.0,11166.43,6708.28,4458.15,39.92,0,,2,10
ORD13663,CUST3212,2024-09-28,September,Q3,Electronics,Headphones,Mumbai,Social Media,Debit Card,2,27583.11,20,11033.24,44132.98,35170.47,8962.5,20.31,0,,4,11
ORD13664,CUST1191,2024-09-28,September,Q3,Electronics,Camera,Bangalore,Social Media,UPI,5,58284.54,15,43713.4,247709.3,197177.14,50532.15,20.4,0,,5,11
ORD13665,CUST2715,2024-09-28,September,Q3,Home & Kitchen,Furniture,Hyderabad,Paid Ads,Credit Card,2,7362.52,10,1472.5,13252.54,8238.4,5014.14,37.84,1,Wrong Item,4,9
ORD13666,CUST2942,2024-09-28,September,Q3,Fashion,Mens Clothing,Hyderabad,Direct,UPI,3,3158.53,5,473.78,9001.81,5117.97,3883.84,43.15,0,,3,1
ORD13667,CUST2311,2024-09-28,September,Q3,Sports,Outdoor,Chennai,Paid Ads,UPI,1,5410.59,5,270.53,5140.06,3016.44,2123.62,41.32,0,,2,1
ORD13668,CUST2938,2024-09-28,September,Q3,Electronics,Headphones,Mumbai,Paid Ads,Net Banking,1,79073.22,30,23721.97,55351.25,41981.88,13369.38,24.15,0,,1,7
ORD13669,CUST3730,2024-09-28,September,Q3,Electronics,Tablet,Delhi,Direct,Net Banking,1,25004.44,0,0.0,25004.44,15339.75,9664.69,38.65,0,,5,9
ORD13670,CUST1383,2024-09-28,September,Q3,Fashion,Footwear,Pune,Direct,Net Banking,2,4547.89,10,909.58,8186.2,6214.05,1972.15,24.09,1,Wrong Item,4,5
ORD13671,CUST1736,2024-09-28,September,Q3,Fashion,Womens Clothing,Ahmedabad,Organic Search,Debit Card,1,1975.75,0,0.0,1975.75,951.36,1024.39,51.85,0,,4,4
ORD13672,CUST1773,2024-09-28,September,Q3,Electronics,Laptop,Mumbai,Organic Search,Net Banking,2,33107.8,0,0.0,66215.6,39082.47,27133.13,40.98,0,,2,6
ORD13673,CUST2557,2024-09-28,September,Q3,Beauty,Fragrance,Bangalore,Organic Search,UPI,2,606.62,15,181.99,1031.25,818.22,213.03,20.66,0,,3,9
ORD13674,CUST3307,2024-09-29,September,Q3,Electronics,Laptop,Delhi,Paid Ads,COD,5,60230.77,5,15057.69,286096.16,143056.7,143039.45,50.0,0,,5,2
ORD13675,CUST1348,2024-09-29,September,Q3,Home & Kitchen,Furniture,Mumbai,Referral,Credit Card,1,12880.63,30,3864.19,9016.44,7386.61,1629.83,18.08,0,,4,5
ORD13676,CUST2226,2024-09-29,September,Q3,Fashion,Accessories,Delhi,Social Media,UPI,1,3865.71,10,386.57,3479.14,2575.75,903.39,25.97,0,,5,4
ORD13677,CUST3439,2024-09-29,September,Q3,Electronics,Tablet,Mumbai,Paid Ads,Net Banking,1,64982.85,10,6498.28,58484.56,43870.77,14613.79,24.99,0,,5,3
ORD13678,CUST2651,2024-09-29,September,Q3,Fashion,Accessories,Chennai,Direct,Net Banking,1,3343.46,0,0.0,3343.46,1934.49,1408.97,42.14,1,Not as Described,5,5
ORD13679,CUST1374,2024-09-29,September,Q3,Sports,Outdoor,Bangalore,Paid Ads,UPI,3,8044.85,25,6033.64,18100.91,11011.1,7089.81,39.17,0,,3,7
ORD13680,CUST3654,2024-09-29,September,Q3,Fashion,Footwear,Mumbai,Paid Ads,UPI,1,4907.89,0,0.0,4907.89,2338.17,2569.72,52.36,0,,3,11
ORD13681,CUST3736,2024-09-29,September,Q3,Sports,Fitness Equipment,Mumbai,Referral,Credit Card,5,636.06,10,318.03,2862.27,1897.62,964.65,33.7,0,,3,3
ORD13682,CUST1344,2024-09-30,September,Q3,Electronics,Tablet,Pune,Direct,UPI,5,52597.3,5,13149.32,249837.18,126487.21,123349.96,49.37,0,,5,3
ORD13683,CUST1646,2024-09-30,September,Q3,Sports,Fitness Equipment,Mumbai,Direct,UPI,2,8436.1,5,843.61,16028.59,8222.74,7805.85,48.7,0,,4,6
ORD13684,CUST3092,2024-09-30,September,Q3,Fashion,Mens Clothing,Hyderabad,Social Media,Credit Card,1,1570.23,10,157.02,1413.21,1009.7,403.5,28.55,0,,5,5
ORD13685,CUST3046,2024-09-30,September,Q3,Beauty,Skincare,Delhi,Email,Credit Card,1,1310.94,15,196.64,1114.3,835.95,278.35,24.98,0,,5,3
ORD13686,CUST3762,2024-09-30,September,Q3,Home & Kitchen,Cookware,Hyderabad,Organic Search,Credit Card,1,966.32,0,0.0,966.32,638.44,327.88,33.93,0,,5,1
ORD13687,CUST3418,2024-09-30,September,Q3,Books,Academic,Delhi,Social Media,UPI,1,462.5,10,46.25,416.25,220.35,195.9,47.06,0,,4,10
ORD13688,CUST2107,2024-09-30,September,Q3,Fashion,Footwear,Mumbai,Referral,Credit Card,1,4359.56,15,653.93,3705.63,2177.76,1527.87,41.23,0,,3,2
ORD13689,CUST1677,2024-09-30,September,Q3,Electronics,Tablet,Delhi,Paid Ads,UPI,1,19081.12,5,954.06,18127.06,12559.96,5567.1,30.71,0,,3,3
ORD13690,CUST3457,2024-09-30,September,Q3,Electronics,Laptop,Mumbai,Email,Debit Card,2,70214.44,0,0.0,140428.88,88508.38,51920.5,36.97,0,,4,4
ORD13691,CUST3746,2024-09-30,September,Q3,Sports,Outdoor,Bangalore,Paid Ads,UPI,1,9722.41,5,486.12,9236.29,6334.04,2902.25,31.42,0,,5,5
ORD13692,CUST2734,2024-09-30,September,Q3,Home & Kitchen,Cookware,Hyderabad,Organic Search,UPI,1,6560.33,0,0.0,6560.33,4575.41,1984.92,30.26,0,,5,10
ORD13693,CUST3292,2024-09-30,September,Q3,Sports,Outdoor,Delhi,Email,UPI,1,9930.64,0,0.0,9930.64,6614.88,3315.76,33.39,0,,3,9
ORD13694,CUST3067,2024-09-30,September,Q3,Fashion,Mens Clothing,Mumbai,Organic Search,UPI,5,2539.37,5,634.84,12062.01,7365.64,4696.36,38.94,1,Wrong Item,3,4
ORD13695,CUST1616,2024-09-30,September,Q3,Fashion,Womens Clothing,Bangalore,Social Media,UPI,2,1682.62,10,336.52,3028.72,1775.81,1252.91,41.37,0,,4,9
ORD13696,CUST2897,2024-10-01,October,Q4,Electronics,Camera,Hyderabad,Organic Search,Debit Card,1,37989.72,0,0.0,37989.72,22505.84,15483.88,40.76,0,,4,5
ORD13697,CUST3974,2024-10-01,October,Q4,Toys,Action Figures,Ahmedabad,Referral,COD,2,2311.39,10,462.28,4160.5,2818.26,1342.24,32.26,1,Late Delivery,2,3
ORD13698,CUST2606,2024-10-01,October,Q4,Beauty,Makeup,Hyderabad,Paid Ads,Debit Card,2,2035.29,30,1221.17,2849.41,2172.99,676.42,23.74,0,,4,7
ORD13699,CUST3369,2024-10-01,October,Q4,Toys,Dolls,Bangalore,Organic Search,Debit Card,3,1689.13,30,1520.22,3547.17,3256.99,290.19,8.18,0,,5,8
ORD13700,CUST3745,2024-10-01,October,Q4,Fashion,Accessories,Hyderabad,Organic Search,UPI,1,2018.08,20,403.62,1614.46,954.93,659.53,40.85,0,,5,9
ORD13701,CUST2954,2024-10-01,October,Q4,Home & Kitchen,Decor,Kolkata,Referral,Debit Card,3,14952.94,0,0.0,44858.82,28927.13,15931.69,35.52,0,,4,9
ORD13702,CUST3722,2024-10-01,October,Q4,Beauty,Makeup,Pune,Email,COD,1,721.69,0,0.0,721.69,330.53,391.16,54.2,0,,4,6
ORD13703,CUST3602,2024-10-01,October,Q4,Fashion,Footwear,Delhi,Email,Debit Card,4,2034.42,20,1627.54,6510.14,4675.03,1835.12,28.19,1,Late Delivery,3,9
ORD13704,CUST1204,2024-10-01,October,Q4,Sports,Fitness Equipment,Delhi,Paid Ads,UPI,1,8783.73,0,0.0,8783.73,5844.33,2939.4,33.46,0,,5,3
ORD13705,CUST2094,2024-10-01,October,Q4,Toys,Educational,Delhi,Paid Ads,Credit Card,4,2384.42,0,0.0,9537.68,4498.2,5039.48,52.84,0,,2,2
ORD13706,CUST1176,2024-10-01,October,Q4,Books,Non-Fiction,Bangalore,Organic Search,Debit Card,4,446.61,10,178.64,1607.8,1035.13,572.67,35.62,0,,3,5
ORD13707,CUST3411,2024-10-01,October,Q4,Beauty,Fragrance,Chennai,Social Media,Debit Card,1,470.21,0,0.0,470.21,230.33,239.88,51.02,0,,1,7
ORD13708,CUST2452,2024-10-01,October,Q4,Fashion,Accessories,Bangalore,Organic Search,COD,5,4352.96,20,4352.96,17411.84,14663.03,2748.81,15.79,0,,4,11
ORD13709,CUST1939,2024-10-01,October,Q4,Fashion,Womens Clothing,Mumbai,Referral,Net Banking,1,3934.71,15,590.21,3344.5,2589.38,755.12,22.58,0,,5,7
ORD13710,CUST3922,2024-10-01,October,Q4,Toys,Dolls,Chennai,Email,UPI,1,1009.73,15,151.46,858.27,690.13,168.14,19.59,0,,5,11
ORD13711,CUST1482,2024-10-01,October,Q4,Electronics,Headphones,Pune,Paid Ads,COD,1,63646.57,20,12729.31,50917.26,42563.36,8353.89,16.41,0,,4,6
ORD13712,CUST2059,2024-10-01,October,Q4,Beauty,Fragrance,Delhi,Organic Search,UPI,5,1394.24,0,0.0,6971.2,4420.71,2550.49,36.59,0,,5,3
ORD13713,CUST1362,2024-10-01,October,Q4,Beauty,Haircare,Chennai,Email,Net Banking,1,271.16,15,40.67,230.49,134.56,95.93,41.62,0,,3,6
ORD13714,CUST3379,2024-10-02,October,Q4,Home & Kitchen,Decor,Bangalore,Organic Search,COD,2,8515.13,5,851.51,16178.75,8951.54,7227.21,44.67,0,,4,1
ORD13715,CUST2734,2024-10-02,October,Q4,Toys,Action Figures,Kolkata,Organic Search,Credit Card,2,555.38,15,166.61,944.15,637.81,306.33,32.45,0,,5,3
ORD13716,CUST1460,2024-10-02,October,Q4,Fashion,Mens Clothing,Pune,Organic Search,UPI,4,4887.9,0,0.0,19551.6,11676.69,7874.91,40.28,0,,4,2
ORD13717,CUST2452,2024-10-02,October,Q4,Fashion,Footwear,Bangalore,Social Media,UPI,2,4235.35,15,1270.61,7200.1,5468.23,1731.87,24.05,0,,2,4
ORD13718,CUST2749,2024-10-02,October,Q4,Electronics,Tablet,Chennai,Email,Credit Card,1,14020.83,30,4206.25,9814.58,7104.91,2709.67,27.61,1,Not as Described,5,8
ORD13719,CUST1180,2024-10-02,October,Q4,Fashion,Womens Clothing,Kolkata,Paid Ads,Debit Card,1,3707.13,0,0.0,3707.13,1787.09,1920.04,51.79,0,,3,3
ORD13720,CUST3024,2024-10-02,October,Q4,Fashion,Footwear,Bangalore,Organic Search,Net Banking,1,1068.35,0,0.0,1068.35,609.66,458.69,42.93,0,,2,6
ORD13721,CUST3260,2024-10-02,October,Q4,Fashion,Womens Clothing,Delhi,Paid Ads,Net Banking,2,2064.31,0,0.0,4128.62,2020.8,2107.82,51.05,0,,4,10
ORD13722,CUST3630,2024-10-02,October,Q4,Sports,Fitness Equipment,Chennai,Email,UPI,1,4799.37,5,239.97,4559.4,2992.09,1567.31,34.38,0,,2,1
ORD13723,CUST2016,2024-10-02,October,Q4,Toys,Educational,Delhi,Organic Search,Net Banking,1,1793.91,0,0.0,1793.91,1065.42,728.49,40.61,0,,4,4
ORD13724,CUST1725,2024-10-02,October,Q4,Electronics,Camera,Bangalore,Organic Search,COD,3,75466.15,20,45279.69,181118.76,143825.72,37293.04,20.59,0,,4,5
ORD13725,CUST2996,2024-10-02,October,Q4,Fashion,Footwear,Kolkata,Referral,Credit Card,1,4848.32,10,484.83,4363.49,2258.63,2104.85,48.24,0,,3,5
ORD13726,CUST2163,2024-10-02,October,Q4,Books,Non-Fiction,Chennai,Referral,Debit Card,2,781.59,10,156.32,1406.86,1080.43,326.43,23.2,0,,5,1
ORD13727,CUST3761,2024-10-02,October,Q4,Electronics,Mobile,Bangalore,Referral,Credit Card,1,18695.93,15,2804.39,15891.54,8413.19,7478.35,47.06,1,Damaged Product,5,9
ORD13728,CUST3830,2024-10-02,October,Q4,Electronics,Mobile,Delhi,Email,Credit Card,1,66502.0,5,3325.1,63176.9,35336.54,27840.36,44.07,1,Changed Mind,2,5
ORD13729,CUST3265,2024-10-03,October,Q4,Electronics,Camera,Delhi,Organic Search,Credit Card,1,71421.82,5,3571.09,67850.73,44275.01,23575.72,34.75,0,,5,9
ORD13730,CUST3286,2024-10-03,October,Q4,Home & Kitchen,Decor,Delhi,Organic Search,UPI,1,8054.85,15,1208.23,6846.62,3715.59,3131.04,45.73,0,,4,7
ORD13731,CUST1918,2024-10-03,October,Q4,Electronics,Laptop,Mumbai,Paid Ads,COD,3,15628.13,15,7032.66,39851.73,22074.92,17776.81,44.61,1,Late Delivery,5,5
ORD13732,CUST2365,2024-10-03,October,Q4,Toys,Educational,Chennai,Paid Ads,COD,1,2137.55,0,0.0,2137.55,1002.88,1134.67,53.08,0,,5,9
ORD13733,CUST3960,2024-10-03,October,Q4,Fashion,Accessories,Delhi,Referral,UPI,1,3991.6,0,0.0,3991.6,2376.51,1615.09,40.46,0,,3,5
ORD13734,CUST2545,2024-10-03,October,Q4,Home & Kitchen,Cookware,Bangalore,Email,Net Banking,2,3621.22,0,0.0,7242.44,4881.27,2361.17,32.6,0,,4,10
ORD13735,CUST2450,2024-10-03,October,Q4,Fashion,Mens Clothing,Bangalore,Email,UPI,2,3850.68,5,385.07,7316.29,4535.02,2781.27,38.01,0,,5,9
ORD13736,CUST1438,2024-10-03,October,Q4,Home & Kitchen,Decor,Ahmedabad,Organic Search,COD,2,8263.16,0,0.0,16526.32,9930.55,6595.77,39.91,0,,4,5
ORD13737,CUST2885,2024-10-03,October,Q4,Beauty,Makeup,Bangalore,Direct,UPI,4,2383.83,15,1430.3,8105.02,5115.7,2989.32,36.88,0,,2,1
ORD13738,CUST3379,2024-10-03,October,Q4,Sports,Sportswear,Mumbai,Direct,Debit Card,2,5847.39,20,2338.96,9355.82,5317.44,4038.38,43.16,0,,1,7
ORD13739,CUST3697,2024-10-03,October,Q4,Sports,Sportswear,Mumbai,Organic Search,COD,1,5540.33,0,0.0,5540.33,2523.09,3017.24,54.46,0,,2,5
ORD13740,CUST3744,2024-10-03,October,Q4,Home & Kitchen,Decor,Hyderabad,Direct,Debit Card,3,1467.33,10,440.2,3961.79,2958.48,1003.31,25.32,0,,1,5
ORD13741,CUST3626,2024-10-03,October,Q4,Books,Fiction,Hyderabad,Organic Search,UPI,1,496.55,5,24.83,471.72,236.18,235.54,49.93,0,,4,6
ORD13742,CUST2630,2024-10-03,October,Q4,Sports,Fitness Equipment,Bangalore,Organic Search,Debit Card,1,5624.84,10,562.48,5062.36,3937.09,1125.26,22.23,0,,3,6
ORD13743,CUST1744,2024-10-03,October,Q4,Sports,Sportswear,Bangalore,Social Media,UPI,1,7090.1,10,709.01,6381.09,3481.99,2899.1,45.43,1,Late Delivery,2,7
ORD13744,CUST2199,2024-10-04,October,Q4,Electronics,Mobile,Mumbai,Social Media,Net Banking,1,79788.11,20,15957.62,63830.49,49361.6,14468.89,22.67,0,,4,8
ORD13745,CUST3621,2024-10-04,October,Q4,Electronics,Tablet,Bangalore,Organic Search,Credit Card,1,17506.51,0,0.0,17506.51,12031.15,5475.36,31.28,0,,5,1
ORD13746,CUST1185,2024-10-04,October,Q4,Fashion,Footwear,Bangalore,Paid Ads,COD,1,1214.37,0,0.0,1214.37,656.45,557.92,45.94,0,,5,10
ORD13747,CUST3477,2024-10-04,October,Q4,Beauty,Skincare,Mumbai,Referral,Credit Card,1,2105.11,10,210.51,1894.6,1333.82,560.78,29.6,0,,3,11
ORD13748,CUST2727,2024-10-04,October,Q4,Fashion,Accessories,Mumbai,Social Media,Debit Card,3,3357.08,5,503.56,9567.68,5415.45,4152.23,43.4,0,,5,3
ORD13749,CUST3875,2024-10-04,October,Q4,Fashion,Footwear,Mumbai,Email,Credit Card,4,4365.23,0,0.0,17460.92,9188.55,8272.37,47.38,0,,5,6
ORD13750,CUST3620,2024-10-04,October,Q4,Books,Non-Fiction,Mumbai,Organic Search,UPI,2,297.07,0,0.0,594.14,297.34,296.8,49.95,0,,5,1
ORD13751,CUST2159,2024-10-04,October,Q4,Books,Non-Fiction,Hyderabad,Organic Search,Credit Card,3,754.92,10,226.48,2038.28,1483.95,554.34,27.2,0,,5,5
ORD13752,CUST3497,2024-10-04,October,Q4,Books,Academic,Mumbai,Organic Search,UPI,1,615.46,5,30.77,584.69,316.56,268.13,45.86,0,,5,5
ORD13753,CUST2541,2024-10-04,October,Q4,Fashion,Footwear,Delhi,Organic Search,Debit Card,3,2933.7,30,2640.33,6160.77,4583.52,1577.25,25.6,0,,3,10
ORD13754,CUST2571,2024-10-04,October,Q4,Beauty,Makeup,Mumbai,Organic Search,Credit Card,1,2874.37,5,143.72,2730.65,2011.32,719.33,26.34,0,,2,9
ORD13755,CUST3239,2024-10-05,October,Q4,Fashion,Womens Clothing,Ahmedabad,Organic Search,UPI,1,2408.07,0,0.0,2408.07,1280.68,1127.39,46.82,0,,4,11
ORD13756,CUST2018,2024-10-05,October,Q4,Electronics,Tablet,Kolkata,Social Media,Credit Card,1,20164.71,10,2016.47,18148.24,11205.4,6942.84,38.26,0,,2,2
ORD13757,CUST3950,2024-10-05,October,Q4,Electronics,Camera,Delhi,Paid Ads,Credit Card,1,8668.41,0,0.0,8668.41,6046.34,2622.07,30.25,0,,5,7
ORD13758,CUST2084,2024-10-05,October,Q4,Fashion,Womens Clothing,Delhi,Direct,Debit Card,1,4861.16,10,486.12,4375.04,2636.33,1738.71,39.74,0,,4,9
ORD13759,CUST3505,2024-10-05,October,Q4,Fashion,Mens Clothing,Delhi,Organic Search,UPI,1,2303.93,10,230.39,2073.54,1247.67,825.87,39.83,0,,5,8
ORD13760,CUST2758,2024-10-05,October,Q4,Sports,Outdoor,Bangalore,Paid Ads,UPI,1,4202.84,10,420.28,3782.56,2760.97,1021.59,27.01,0,,5,1
ORD13761,CUST1104,2024-10-05,October,Q4,Electronics,Camera,Mumbai,Organic Search,Credit Card,1,44131.14,15,6619.67,37511.47,23300.47,14211.0,37.88,0,,4,1
ORD13762,CUST2088,2024-10-05,October,Q4,Beauty,Haircare,Chennai,Paid Ads,Credit Card,1,1379.54,0,0.0,1379.54,701.42,678.12,49.16,0,,2,2
ORD13763,CUST2855,2024-10-05,October,Q4,Home & Kitchen,Decor,Bangalore,Organic Search,Debit Card,5,7566.95,25,9458.69,28376.06,21028.65,7347.41,25.89,0,,3,1
ORD13764,CUST3095,2024-10-05,October,Q4,Fashion,Accessories,Kolkata,Referral,Debit Card,1,1948.65,15,292.3,1656.35,1218.22,438.13,26.45,0,,4,8
ORD13765,CUST2279,2024-10-05,October,Q4,Home & Kitchen,Cookware,Mumbai,Email,COD,1,11045.98,5,552.3,10493.68,5090.11,5403.57,51.49,0,,5,7
ORD13766,CUST1621,2024-10-05,October,Q4,Fashion,Womens Clothing,Pune,Paid Ads,UPI,2,1849.97,0,0.0,3699.94,2010.84,1689.1,45.65,0,,5,6
ORD13767,CUST1265,2024-10-05,October,Q4,Home & Kitchen,Appliances,Pune,Organic Search,UPI,3,1863.16,0,0.0,5589.48,2999.1,2590.38,46.34,0,,3,2
ORD13768,CUST2818,2024-10-05,October,Q4,Fashion,Accessories,Mumbai,Social Media,Debit Card,1,3687.53,5,184.38,3503.15,1885.08,1618.07,46.19,0,,3,11
ORD13769,CUST1047,2024-10-05,October,Q4,Electronics,Mobile,Bangalore,Email,UPI,3,55109.01,10,16532.7,148794.33,101440.01,47354.32,31.83,0,,1,9
ORD13770,CUST1626,2024-10-06,October,Q4,Electronics,Mobile,Mumbai,Organic Search,COD,1,20656.61,0,0.0,20656.61,10793.03,9863.58,47.75,0,,3,1
ORD13771,CUST3297,2024-10-06,October,Q4,Home & Kitchen,Cookware,Delhi,Social Media,UPI,1,11215.14,25,2803.78,8411.36,6747.96,1663.4,19.78,1,Damaged Product,5,1
ORD13772,CUST2384,2024-10-06,October,Q4,Books,Children,Delhi,Email,UPI,1,536.09,0,0.0,536.09,308.83,227.26,42.39,0,,3,2
ORD13773,CUST1418,2024-10-06,October,Q4,Fashion,Womens Clothing,Hyderabad,Email,UPI,2,800.67,0,0.0,1601.34,807.55,793.79,49.57,0,,4,7
ORD13774,CUST2580,2024-10-06,October,Q4,Beauty,Fragrance,Bangalore,Email,UPI,1,2314.47,0,0.0,2314.47,1195.75,1118.72,48.34,0,,4,10
ORD13775,CUST1583,2024-10-06,October,Q4,Beauty,Haircare,Ahmedabad,Direct,Debit Card,2,592.85,0,0.0,1185.7,584.14,601.56,50.73,0,,4,1
ORD13776,CUST1654,2024-10-06,October,Q4,Toys,Dolls,Mumbai,Referral,UPI,1,1598.52,20,319.7,1278.82,741.96,536.85,41.98,0,,4,3
ORD13777,CUST2456,2024-10-06,October,Q4,Sports,Fitness Equipment,Ahmedabad,Paid Ads,Credit Card,2,2022.4,10,404.48,3640.32,2446.28,1194.04,32.8,0,,4,10
ORD13778,CUST3375,2024-10-06,October,Q4,Home & Kitchen,Decor,Delhi,Social Media,UPI,1,14603.75,0,0.0,14603.75,9028.0,5575.75,38.18,0,,4,8
ORD13779,CUST1995,2024-10-06,October,Q4,Beauty,Fragrance,Pune,Email,COD,1,2934.07,20,586.81,2347.26,1442.1,905.16,38.56,0,,4,7
ORD13780,CUST3581,2024-10-06,October,Q4,Books,Children,Delhi,Social Media,COD,2,785.93,20,314.37,1257.49,949.16,308.32,24.52,0,,3,8
ORD13781,CUST2665,2024-10-06,October,Q4,Fashion,Footwear,Mumbai,Referral,UPI,2,2260.57,15,678.17,3842.97,3144.55,698.42,18.17,0,,4,6
ORD13782,CUST2127,2024-10-06,October,Q4,Fashion,Accessories,Kolkata,Organic Search,Credit Card,1,1217.49,20,243.5,973.99,570.52,403.48,41.42,0,,5,8
ORD13783,CUST3222,2024-10-06,October,Q4,Electronics,Tablet,Delhi,Paid Ads,Credit Card,3,36425.7,10,10927.71,98349.39,62571.27,35778.12,36.38,0,,5,5
ORD13784,CUST3239,2024-10-06,October,Q4,Sports,Outdoor,Hyderabad,Paid Ads,UPI,2,6118.46,10,1223.69,11013.23,7749.15,3264.08,29.64,0,,4,9
ORD13785,CUST1512,2024-10-07,October,Q4,Sports,Sportswear,Hyderabad,Organic Search,COD,1,2861.45,5,143.07,2718.38,1320.57,1397.81,51.42,1,Size Issue,5,10
ORD13786,CUST1001,2024-10-07,October,Q4,Electronics,Tablet,Bangalore,Organic Search,UPI,5,31280.55,0,0.0,156402.75,100812.27,55590.48,35.54,0,,5,11
ORD13787,CUST3058,2024-10-07,October,Q4,Home & Kitchen,Appliances,Bangalore,Email,Credit Card,2,4013.53,10,802.71,7224.35,5577.83,1646.53,22.79,0,,4,1
ORD13788,CUST3350,2024-10-07,October,Q4,Home & Kitchen,Furniture,Chennai,Organic Search,Net Banking,1,14276.51,20,2855.3,11421.21,6740.25,4680.95,40.98,0,,5,7
ORD13789,CUST1909,2024-10-07,October,Q4,Electronics,Laptop,Mumbai,Email,Net Banking,1,15533.03,10,1553.3,13979.73,10182.79,3796.93,27.16,0,,4,6
ORD13790,CUST2089,2024-10-07,October,Q4,Toys,Board Games,Chennai,Social Media,Debit Card,1,1383.89,25,345.97,1037.92,753.73,284.19,27.38,0,,5,8
ORD13791,CUST3189,2024-10-07,October,Q4,Fashion,Accessories,Kolkata,Organic Search,UPI,1,3766.91,5,188.35,3578.56,1830.83,1747.74,48.84,0,,3,2
ORD13792,CUST2638,2024-10-07,October,Q4,Electronics,Tablet,Mumbai,Organic Search,UPI,1,48944.73,15,7341.71,41603.02,28059.93,13543.09,32.55,0,,5,1
ORD13793,CUST3181,2024-10-07,October,Q4,Home & Kitchen,Furniture,Mumbai,Social Media,UPI,1,10346.91,10,1034.69,9312.22,4841.11,4471.11,48.01,0,,4,1
ORD13794,CUST3853,2024-10-08,October,Q4,Beauty,Skincare,Chennai,Email,Net Banking,2,776.33,15,232.9,1319.76,901.36,418.4,31.7,0,,4,2
ORD13795,CUST3055,2024-10-08,October,Q4,Electronics,Laptop,Bangalore,Direct,Credit Card,1,15680.63,10,1568.06,14112.57,7132.17,6980.4,49.46,0,,4,5
ORD13796,CUST1933,2024-10-08,October,Q4,Beauty,Fragrance,Bangalore,Direct,UPI,3,971.32,0,0.0,2913.96,1842.07,1071.89,36.78,0,,4,7
ORD13797,CUST3515,2024-10-08,October,Q4,Home & Kitchen,Appliances,Mumbai,Referral,UPI,1,5450.07,0,0.0,5450.07,3117.4,2332.67,42.8,0,,3,9
ORD13798,CUST1168,2024-10-08,October,Q4,Electronics,Mobile,Bangalore,Social Media,COD,1,52756.75,30,15827.02,36929.72,29793.58,7136.15,19.32,0,,2,4
ORD13799,CUST2785,2024-10-08,October,Q4,Electronics,Laptop,Mumbai,Direct,COD,2,44046.52,0,0.0,88093.04,43962.64,44130.4,50.1,0,,4,9
ORD13800,CUST1563,2024-10-08,October,Q4,Home & Kitchen,Decor,Bangalore,Email,Net Banking,2,8244.22,10,1648.84,14839.6,8908.96,5930.63,39.96,0,,4,11
ORD13801,CUST2058,2024-10-08,October,Q4,Fashion,Mens Clothing,Pune,Direct,UPI,1,3972.46,5,198.62,3773.84,1968.22,1805.61,47.85,0,,4,3
ORD13802,CUST2618,2024-10-08,October,Q4,Toys,Dolls,Delhi,Organic Search,COD,1,1915.81,5,95.79,1820.02,1214.33,605.69,33.28,0,,1,6
ORD13803,CUST2964,2024-10-08,October,Q4,Sports,Fitness Equipment,Bangalore,Referral,Debit Card,1,2705.72,15,405.86,2299.86,1352.2,947.66,41.21,0,,4,9
ORD13804,CUST1619,2024-10-08,October,Q4,Toys,Action Figures,Ahmedabad,Paid Ads,Debit Card,2,1483.33,15,445.0,2521.66,1792.42,729.24,28.92,0,,3,11
ORD13805,CUST3159,2024-10-08,October,Q4,Fashion,Footwear,Chennai,Email,Debit Card,1,4200.08,25,1050.02,3150.06,2183.63,966.43,30.68,0,,3,1
ORD13806,CUST2823,2024-10-08,October,Q4,Toys,Educational,Pune,Organic Search,COD,2,1761.4,5,176.14,3346.66,2163.86,1182.8,35.34,0,,2,4
ORD13807,CUST3465,2024-10-08,October,Q4,Fashion,Mens Clothing,Bangalore,Paid Ads,Net Banking,2,3245.16,10,649.03,5841.29,3797.58,2043.71,34.99,0,,4,5
ORD13808,CUST3358,2024-10-08,October,Q4,Fashion,Womens Clothing,Pune,Organic Search,Debit Card,1,1191.54,20,238.31,953.23,662.33,290.9,30.52,0,,2,11
ORD13809,CUST1279,2024-10-09,October,Q4,Electronics,Mobile,Mumbai,Paid Ads,Credit Card,1,71017.02,30,21305.11,49711.91,43906.29,5805.63,11.68,1,Wrong Item,3,6
ORD13810,CUST2740,2024-10-09,October,Q4,Electronics,Headphones,Mumbai,Organic Search,COD,1,61568.77,30,18470.63,43098.14,34104.82,8993.32,20.87,0,,4,11
ORD13811,CUST1090,2024-10-09,October,Q4,Beauty,Makeup,Delhi,Email,UPI,1,2216.02,15,332.4,1883.62,1452.25,431.36,22.9,0,,3,8
ORD13812,CUST3552,2024-10-09,October,Q4,Home & Kitchen,Decor,Bangalore,Organic Search,Net Banking,1,13228.34,0,0.0,13228.34,8365.6,4862.74,36.76,0,,4,2
ORD13813,CUST1259,2024-10-09,October,Q4,Fashion,Footwear,Pune,Paid Ads,Debit Card,1,4772.7,0,0.0,4772.7,2792.79,1979.91,41.48,0,,4,6
ORD13814,CUST1365,2024-10-09,October,Q4,Home & Kitchen,Decor,Delhi,Organic Search,Credit Card,2,1381.8,20,552.72,2210.88,1849.58,361.3,16.34,0,,5,7
ORD13815,CUST2228,2024-10-09,October,Q4,Fashion,Accessories,Hyderabad,Social Media,UPI,1,4270.9,20,854.18,3416.72,2806.9,609.82,17.85,0,,5,6
ORD13816,CUST1302,2024-10-09,October,Q4,Home & Kitchen,Cookware,Chennai,Organic Search,Credit Card,4,4427.42,15,2656.45,15053.23,10324.03,4729.2,31.42,0,,5,4
ORD13817,CUST1878,2024-10-09,October,Q4,Fashion,Womens Clothing,Hyderabad,Organic Search,Debit Card,1,3321.04,0,0.0,3321.04,1551.3,1769.74,53.29,0,,4,6
ORD13818,CUST1462,2024-10-09,October,Q4,Sports,Fitness Equipment,Delhi,Paid Ads,Credit Card,1,4546.15,10,454.62,4091.54,2689.04,1402.49,34.28,0,,4,4
ORD13819,CUST3402,2024-10-09,October,Q4,Sports,Sportswear,Hyderabad,Social Media,Credit Card,2,2100.33,5,210.03,3990.63,2263.38,1727.25,43.28,0,,5,9
ORD13820,CUST3968,2024-10-09,October,Q4,Home & Kitchen,Appliances,Delhi,Organic Search,Credit Card,3,10878.6,10,3263.58,29372.22,19092.86,10279.36,35.0,0,,4,1
ORD13821,CUST2016,2024-10-09,October,Q4,Fashion,Mens Clothing,Mumbai,Organic Search,Net Banking,1,4394.78,5,219.74,4175.04,2688.65,1486.39,35.6,0,,4,9
ORD13822,CUST2465,2024-10-09,October,Q4,Fashion,Footwear,Ahmedabad,Organic Search,Debit Card,2,2692.87,25,1346.44,4039.3,3291.82,747.49,18.51,0,,4,11
ORD13823,CUST3708,2024-10-09,October,Q4,Sports,Outdoor,Mumbai,Referral,Debit Card,3,3265.52,0,0.0,9796.56,6058.01,3738.55,38.16,0,,4,4
ORD13824,CUST3456,2024-10-09,October,Q4,Fashion,Womens Clothing,Mumbai,Paid Ads,COD,2,2852.78,10,570.56,5135.0,3536.4,1598.6,31.13,1,Wrong Item,2,3
ORD13825,CUST3621,2024-10-09,October,Q4,Fashion,Womens Clothing,Kolkata,Social Media,UPI,1,898.58,5,44.93,853.65,428.91,424.74,49.76,0,,5,11
ORD13826,CUST1668,2024-10-09,October,Q4,Electronics,Tablet,Delhi,Organic Search,UPI,3,59881.95,15,26946.88,152698.97,89450.71,63248.26,41.42,0,,5,5
ORD13827,CUST1837,2024-10-10,October,Q4,Home & Kitchen,Cookware,Hyderabad,Paid Ads,UPI,2,14428.23,10,2885.65,25970.81,17534.2,8436.61,32.48,0,,2,3
ORD13828,CUST3927,2024-10-10,October,Q4,Home & Kitchen,Cookware,Delhi,Organic Search,COD,2,13084.21,25,6542.1,19626.31,14446.1,5180.22,26.39,0,,5,1
ORD13829,CUST2668,2024-10-10,October,Q4,Sports,Sportswear,Bangalore,Organic Search,COD,2,2792.28,0,0.0,5584.56,3578.1,2006.46,35.93,0,,3,8
ORD13830,CUST1442,2024-10-10,October,Q4,Fashion,Footwear,Delhi,Paid Ads,UPI,5,4324.84,0,0.0,21624.2,10406.16,11218.04,51.88,0,,3,9
ORD13831,CUST1952,2024-10-10,October,Q4,Fashion,Mens Clothing,Delhi,Paid Ads,COD,1,2725.39,15,408.81,2316.58,1356.92,959.66,41.43,0,,4,6
ORD13832,CUST1873,2024-10-10,October,Q4,Sports,Fitness Equipment,Bangalore,Organic Search,UPI,1,7165.19,5,358.26,6806.93,4224.71,2582.22,37.94,0,,1,2
ORD13833,CUST2946,2024-10-10,October,Q4,Sports,Outdoor,Chennai,Social Media,Debit Card,1,4608.53,0,0.0,4608.53,2650.77,1957.76,42.48,0,,4,6
ORD13834,CUST3947,2024-10-10,October,Q4,Fashion,Accessories,Bangalore,Referral,COD,1,754.94,10,75.49,679.45,390.0,289.44,42.6,0,,1,6
ORD13835,CUST2669,2024-10-10,October,Q4,Home & Kitchen,Decor,Ahmedabad,Paid Ads,UPI,1,2293.7,15,344.06,1949.64,1266.32,683.33,35.05,0,,4,6
ORD13836,CUST1001,2024-10-10,October,Q4,Fashion,Accessories,Mumbai,Social Media,COD,2,3964.76,0,0.0,7929.52,3637.63,4291.89,54.13,0,,4,10
ORD13837,CUST2399,2024-10-10,October,Q4,Toys,Educational,Bangalore,Referral,Credit Card,1,2574.28,0,0.0,2574.28,1182.26,1392.02,54.07,0,,5,11
ORD13838,CUST1764,2024-10-10,October,Q4,Electronics,Tablet,Hyderabad,Direct,Debit Card,2,59933.2,20,23973.28,95893.12,56784.52,39108.6,40.78,0,,5,9
ORD13839,CUST2018,2024-10-10,October,Q4,Toys,Dolls,Kolkata,Paid Ads,Net Banking,3,2742.77,10,822.83,7405.48,4889.25,2516.23,33.98,0,,2,4
ORD13840,CUST1179,2024-10-10,October,Q4,Beauty,Haircare,Mumbai,Email,Credit Card,1,1992.74,0,0.0,1992.74,1327.02,665.72,33.41,0,,4,2
ORD13841,CUST2042,2024-10-10,October,Q4,Home & Kitchen,Furniture,Hyderabad,Organic Search,Net Banking,3,5469.38,0,0.0,16408.14,8451.11,7957.03,48.49,0,,5,8
ORD13842,CUST2315,2024-10-10,October,Q4,Electronics,Camera,Kolkata,Social Media,Net Banking,1,55023.39,10,5502.34,49521.05,25227.4,24293.65,49.06,0,,5,6
ORD13843,CUST3278,2024-10-10,October,Q4,Home & Kitchen,Appliances,Delhi,Organic Search,COD,3,4367.74,0,0.0,13103.22,8217.77,4885.45,37.28,0,,4,10
ORD13844,CUST3093,2024-10-10,October,Q4,Fashion,Accessories,Kolkata,Organic Search,UPI,3,2104.98,20,1262.99,5051.95,4192.1,859.85,17.02,0,,4,1
ORD13845,CUST1386,2024-10-10,October,Q4,Electronics,Tablet,Mumbai,Paid Ads,UPI,1,5969.46,15,895.42,5074.04,2892.46,2181.58,42.99,0,,4,6
ORD13846,CUST2640,2024-10-10,October,Q4,Beauty,Haircare,Chennai,Organic Search,COD,1,2196.67,10,219.67,1977.0,1200.34,776.66,39.28,1,Not as Described,4,2
ORD13847,CUST2361,2024-10-10,October,Q4,Toys,Educational,Ahmedabad,Social Media,UPI,1,1610.98,25,402.74,1208.24,788.87,419.36,34.71,0,,5,4
ORD13848,CUST3868,2024-10-11,October,Q4,Home & Kitchen,Cookware,Hyderabad,Paid Ads,UPI,3,9118.13,5,1367.72,25986.67,13036.81,12949.86,49.83,1,Wrong Item,2,2
ORD13849,CUST1089,2024-10-11,October,Q4,Beauty,Fragrance,Bangalore,Social Media,Net Banking,3,819.89,0,0.0,2459.67,1505.42,954.25,38.8,0,,5,4
ORD13850,CUST1678,2024-10-11,October,Q4,Electronics,Tablet,Mumbai,Organic Search,UPI,1,37532.53,15,5629.88,31902.65,25968.16,5934.49,18.6,0,,3,7
ORD13851,CUST2475,2024-10-11,October,Q4,Fashion,Womens Clothing,Kolkata,Organic Search,Net Banking,2,1695.89,10,339.18,3052.6,2101.35,951.25,31.16,0,,4,8
ORD13852,CUST2140,2024-10-11,October,Q4,Electronics,Tablet,Bangalore,Social Media,Credit Card,1,79797.69,5,3989.88,75807.81,55555.44,20252.36,26.72,0,,1,3
ORD13853,CUST2237,2024-10-11,October,Q4,Home & Kitchen,Decor,Mumbai,Referral,Credit Card,1,12532.9,5,626.64,11906.26,7000.86,4905.39,41.2,0,,4,1
ORD13854,CUST3029,2024-10-11,October,Q4,Toys,Action Figures,Chennai,Organic Search,UPI,5,1617.23,5,404.31,7681.84,5453.84,2228.0,29.0,0,,4,10
ORD13855,CUST1592,2024-10-11,October,Q4,Beauty,Fragrance,Bangalore,Paid Ads,Debit Card,1,1898.59,0,0.0,1898.59,951.71,946.88,49.87,0,,3,1
ORD13856,CUST2073,2024-10-11,October,Q4,Electronics,Headphones,Mumbai,Direct,UPI,4,47421.51,15,28452.91,161233.13,90949.92,70283.21,43.59,0,,5,10
ORD13857,CUST1510,2024-10-11,October,Q4,Fashion,Mens Clothing,Delhi,Organic Search,Credit Card,3,3229.83,15,1453.42,8236.07,6062.04,2174.03,26.4,0,,4,11
ORD13858,CUST3524,2024-10-12,October,Q4,Home & Kitchen,Furniture,Mumbai,Direct,Net Banking,5,13159.59,5,3289.9,62508.05,35718.55,26789.5,42.86,1,Damaged Product,4,7
ORD13859,CUST1398,2024-10-12,October,Q4,Fashion,Mens Clothing,Hyderabad,Social Media,Debit Card,1,3504.01,5,175.2,3328.81,1855.1,1473.71,44.27,1,Damaged Product,4,1
ORD13860,CUST2756,2024-10-12,October,Q4,Sports,Sportswear,Hyderabad,Paid Ads,Debit Card,1,899.96,5,45.0,854.96,556.01,298.95,34.97,0,,2,3
ORD13861,CUST2302,2024-10-12,October,Q4,Sports,Sportswear,Bangalore,Paid Ads,Debit Card,1,1524.08,0,0.0,1524.08,812.9,711.18,46.66,0,,4,11
ORD13862,CUST3663,2024-10-12,October,Q4,Home & Kitchen,Decor,Pune,Paid Ads,UPI,2,12702.52,0,0.0,25405.04,15068.73,10336.31,40.69,0,,4,5
ORD13863,CUST1129,2024-10-12,October,Q4,Fashion,Mens Clothing,Kolkata,Paid Ads,Credit Card,2,3392.05,0,0.0,6784.1,3560.73,3223.37,47.51,0,,4,11
ORD13864,CUST1791,2024-10-12,October,Q4,Fashion,Mens Clothing,Hyderabad,Direct,Credit Card,1,943.6,5,47.18,896.42,609.51,286.91,32.01,1,Late Delivery,5,5
ORD13865,CUST3854,2024-10-12,October,Q4,Electronics,Laptop,Mumbai,Email,UPI,2,12118.52,10,2423.7,21813.34,12799.51,9013.83,41.32,0,,3,11
ORD13866,CUST2184,2024-10-12,October,Q4,Fashion,Mens Clothing,Chennai,Social Media,Credit Card,1,4850.28,15,727.54,4122.74,2831.34,1291.39,31.32,0,,4,4
ORD13867,CUST2120,2024-10-12,October,Q4,Fashion,Womens Clothing,Bangalore,Email,Credit Card,1,1573.76,5,78.69,1495.07,717.31,777.76,52.02,0,,1,8
ORD13868,CUST1115,2024-10-12,October,Q4,Beauty,Fragrance,Hyderabad,Organic Search,UPI,1,1824.34,25,456.08,1368.26,1182.05,186.21,13.61,1,Wrong Item,4,3
ORD13869,CUST3323,2024-10-12,October,Q4,Beauty,Skincare,Hyderabad,Social Media,Credit Card,1,2186.05,20,437.21,1748.84,1322.74,426.1,24.36,0,,4,8
ORD13870,CUST2705,2024-10-12,October,Q4,Electronics,Mobile,Delhi,Paid Ads,Debit Card,1,50285.43,30,15085.63,35199.8,25045.12,10154.68,28.85,0,,2,6
ORD13871,CUST2646,2024-10-13,October,Q4,Fashion,Womens Clothing,Kolkata,Email,Credit Card,1,4168.78,20,833.76,3335.02,2100.41,1234.61,37.02,0,,4,4
ORD13872,CUST1258,2024-10-13,October,Q4,Electronics,Mobile,Mumbai,Paid Ads,Debit Card,3,58871.68,10,17661.5,158953.54,91066.82,67886.72,42.71,0,,4,10
ORD13873,CUST2925,2024-10-13,October,Q4,Electronics,Headphones,Chennai,Social Media,UPI,2,7989.87,10,1597.97,14381.77,9494.08,4887.68,33.99,0,,5,11
ORD13874,CUST2983,2024-10-13,October,Q4,Sports,Fitness Equipment,Mumbai,Direct,Credit Card,1,6647.34,0,0.0,6647.34,3902.51,2744.83,41.29,1,Not as Described,4,3
ORD13875,CUST1267,2024-10-13,October,Q4,Electronics,Laptop,Kolkata,Paid Ads,COD,2,38018.38,15,11405.51,64631.25,39422.47,25208.78,39.0,1,Damaged Product,3,10
ORD13876,CUST3112,2024-10-13,October,Q4,Fashion,Accessories,Mumbai,Organic Search,COD,2,2573.34,10,514.67,4632.01,3209.04,1422.98,30.72,1,Wrong Item,2,10
ORD13877,CUST1519,2024-10-13,October,Q4,Electronics,Mobile,Mumbai,Social Media,Credit Card,1,69755.84,10,6975.58,62780.26,46894.08,15886.17,25.3,0,,1,2
ORD13878,CUST3867,2024-10-13,October,Q4,Books,Academic,Delhi,Paid Ads,Net Banking,2,174.23,15,52.27,296.19,160.6,135.59,45.78,1,Changed Mind,2,6
ORD13879,CUST2059,2024-10-13,October,Q4,Home & Kitchen,Appliances,Delhi,Social Media,Debit Card,2,6461.44,5,646.14,12276.74,7163.14,5113.59,41.65,0,,4,1
ORD13880,CUST3435,2024-10-13,October,Q4,Fashion,Mens Clothing,Delhi,Referral,Credit Card,2,4123.49,10,824.7,7422.28,4934.83,2487.45,33.51,0,,5,10
ORD13881,CUST3204,2024-10-14,October,Q4,Home & Kitchen,Appliances,Hyderabad,Paid Ads,Credit Card,2,11370.29,5,1137.03,21603.55,13567.23,8036.32,37.2,0,,3,8
ORD13882,CUST3347,2024-10-14,October,Q4,Beauty,Skincare,Bangalore,Paid Ads,Debit Card,2,1409.03,15,422.71,2395.35,1281.89,1113.46,46.48,0,,4,5
ORD13883,CUST3238,2024-10-14,October,Q4,Toys,Educational,Mumbai,Social Media,UPI,1,2751.82,20,550.36,2201.46,1383.18,818.28,37.17,0,,4,7
ORD13884,CUST3582,2024-10-14,October,Q4,Fashion,Accessories,Delhi,Organic Search,Debit Card,3,1472.18,20,883.31,3533.23,2055.71,1477.52,41.82,1,Not as Described,4,7
ORD13885,CUST1171,2024-10-14,October,Q4,Books,Non-Fiction,Pune,Organic Search,COD,1,267.48,15,40.12,227.36,158.41,68.95,30.32,1,Damaged Product,3,11
ORD13886,CUST3239,2024-10-14,October,Q4,Toys,Dolls,Chennai,Direct,UPI,3,2002.41,0,0.0,6007.23,3672.5,2334.73,38.87,0,,5,10
ORD13887,CUST3216,2024-10-14,October,Q4,Books,Fiction,Chennai,Social Media,Debit Card,1,363.83,25,90.96,272.87,178.25,94.62,34.68,0,,5,6
ORD13888,CUST3987,2024-10-14,October,Q4,Beauty,Makeup,Chennai,Organic Search,UPI,1,1018.38,0,0.0,1018.38,543.05,475.33,46.67,0,,5,5
ORD13889,CUST1011,2024-10-14,October,Q4,Home & Kitchen,Appliances,Delhi,Organic Search,Net Banking,2,6652.44,20,2660.98,10643.9,7084.2,3559.71,33.44,0,,3,2
ORD13890,CUST2641,2024-10-14,October,Q4,Fashion,Footwear,Mumbai,Social Media,Credit Card,1,627.69,0,0.0,627.69,411.11,216.58,34.5,0,,4,3
ORD13891,CUST2891,2024-10-14,October,Q4,Sports,Fitness Equipment,Delhi,Email,Debit Card,3,4837.92,5,725.69,13788.07,7237.5,6550.57,47.51,0,,5,3
ORD13892,CUST3257,2024-10-14,October,Q4,Home & Kitchen,Cookware,Pune,Direct,UPI,1,13451.41,15,2017.71,11433.7,7897.03,3536.66,30.93,0,,5,5
ORD13893,CUST1595,2024-10-14,October,Q4,Beauty,Skincare,Ahmedabad,Paid Ads,UPI,2,1204.05,10,240.81,2167.29,1554.99,612.3,28.25,0,,1,2
ORD13894,CUST1396,2024-10-14,October,Q4,Fashion,Womens Clothing,Bangalore,Referral,UPI,1,3573.55,5,178.68,3394.87,2349.23,1045.64,30.8,1,Changed Mind,5,11
ORD13895,CUST2112,2024-10-14,October,Q4,Beauty,Makeup,Mumbai,Social Media,Debit Card,1,1186.66,15,178.0,1008.66,731.74,276.92,27.45,0,,5,1
ORD13896,CUST1326,2024-10-14,October,Q4,Sports,Fitness Equipment,Mumbai,Social Media,UPI,1,9673.09,10,967.31,8705.78,5077.23,3628.55,41.68,0,,2,4
ORD13897,CUST2813,2024-10-15,October,Q4,Electronics,Laptop,Delhi,Social Media,UPI,2,25747.44,0,0.0,51494.88,33768.37,17726.51,34.42,1,Changed Mind,4,10
ORD13898,CUST2109,2024-10-15,October,Q4,Sports,Outdoor,Hyderabad,Organic Search,UPI,2,7945.24,10,1589.05,14301.43,10099.06,4202.37,29.38,0,,4,3
ORD13899,CUST2694,2024-10-15,October,Q4,Home & Kitchen,Cookware,Mumbai,Referral,Credit Card,2,5408.08,0,0.0,10816.16,6772.18,4043.98,37.39,0,,5,11
ORD13900,CUST3117,2024-10-15,October,Q4,Sports,Fitness Equipment,Ahmedabad,Organic Search,UPI,5,7141.49,15,5356.12,30351.33,16669.45,13681.89,45.08,0,,4,3
ORD13901,CUST1428,2024-10-15,October,Q4,Fashion,Footwear,Delhi,Organic Search,Debit Card,2,3356.63,0,0.0,6713.26,3093.58,3619.68,53.92,0,,3,10
ORD13902,CUST1927,2024-10-15,October,Q4,Fashion,Accessories,Kolkata,Email,UPI,4,3958.75,10,1583.5,14251.5,9878.53,4372.97,30.68,0,,1,11
ORD13903,CUST2337,2024-10-15,October,Q4,Books,Non-Fiction,Pune,Social Media,Net Banking,1,254.38,5,12.72,241.66,174.56,67.11,27.77,0,,3,6
ORD13904,CUST3549,2024-10-15,October,Q4,Fashion,Mens Clothing,Chennai,Direct,UPI,1,3013.15,5,150.66,2862.49,1938.75,923.74,32.27,0,,1,9
ORD13905,CUST1756,2024-10-15,October,Q4,Sports,Sportswear,Hyderabad,Social Media,Credit Card,1,8703.09,10,870.31,7832.78,5725.49,2107.29,26.9,0,,3,10
ORD13906,CUST2615,2024-10-15,October,Q4,Home & Kitchen,Decor,Hyderabad,Paid Ads,Debit Card,1,10005.67,10,1000.57,9005.1,5865.78,3139.32,34.86,0,,4,10
ORD13907,CUST3566,2024-10-15,October,Q4,Home & Kitchen,Furniture,Hyderabad,Referral,COD,1,11318.01,30,3395.4,7922.61,5954.93,1967.68,24.84,0,,5,11
ORD13908,CUST2542,2024-10-15,October,Q4,Fashion,Mens Clothing,Hyderabad,Organic Search,UPI,1,3889.94,20,777.99,3111.95,2409.56,702.39,22.57,0,,4,2
ORD13909,CUST2085,2024-10-15,October,Q4,Home & Kitchen,Cookware,Hyderabad,Direct,UPI,2,11889.75,15,3566.92,20212.58,14933.35,5279.22,26.12,0,,4,5
ORD13910,CUST3236,2024-10-15,October,Q4,Fashion,Footwear,Ahmedabad,Organic Search,Credit Card,2,1274.26,10,254.85,2293.67,1577.12,716.54,31.24,0,,3,2
ORD13911,CUST2729,2024-10-15,October,Q4,Electronics,Tablet,Chennai,Direct,UPI,5,42487.73,5,10621.93,201816.72,145876.79,55939.93,27.72,0,,4,6
ORD13912,CUST3525,2024-10-15,October,Q4,Fashion,Mens Clothing,Pune,Organic Search,UPI,3,899.91,0,0.0,2699.73,1462.7,1237.03,45.82,0,,5,1
ORD13913,CUST3716,2024-10-15,October,Q4,Electronics,Headphones,Kolkata,Social Media,Net Banking,1,31385.35,5,1569.27,29816.08,14434.57,15381.51,51.59,0,,4,1
ORD13914,CUST3205,2024-10-15,October,Q4,Toys,Board Games,Delhi,Direct,UPI,1,1753.23,20,350.65,1402.58,1187.13,215.45,15.36,0,,4,9
ORD13915,CUST3528,2024-10-15,October,Q4,Toys,Dolls,Mumbai,Paid Ads,UPI,1,2473.92,5,123.7,2350.22,1212.53,1137.69,48.41,1,Wrong Item,3,10
ORD13916,CUST2019,2024-10-15,October,Q4,Fashion,Footwear,Bangalore,Email,UPI,1,4846.57,10,484.66,4361.91,3025.86,1336.06,30.63,0,,4,5
ORD13917,CUST3862,2024-10-16,October,Q4,Beauty,Makeup,Bangalore,Email,Debit Card,1,1086.3,0,0.0,1086.3,725.98,360.32,33.17,0,,5,9
ORD13918,CUST3382,2024-10-16,October,Q4,Fashion,Accessories,Pune,Email,COD,2,1876.26,0,0.0,3752.52,1979.59,1772.93,47.25,0,,4,8
ORD13919,CUST2621,2024-10-16,October,Q4,Beauty,Skincare,Bangalore,Referral,UPI,1,2759.68,0,0.0,2759.68,1814.78,944.9,34.24,0,,2,9
ORD13920,CUST3852,2024-10-16,October,Q4,Sports,Fitness Equipment,Hyderabad,Paid Ads,Net Banking,2,1359.11,10,271.82,2446.4,1448.85,997.55,40.78,0,,5,9
ORD13921,CUST3533,2024-10-16,October,Q4,Toys,Board Games,Bangalore,Organic Search,UPI,2,1396.38,5,139.64,2653.12,1811.28,841.84,31.73,0,,2,8
ORD13922,CUST3250,2024-10-16,October,Q4,Fashion,Womens Clothing,Mumbai,Organic Search,Credit Card,1,3298.1,10,329.81,2968.29,1541.72,1426.57,48.06,0,,4,3
ORD13923,CUST2803,2024-10-16,October,Q4,Sports,Sportswear,Hyderabad,Organic Search,UPI,1,6575.01,10,657.5,5917.51,4035.81,1881.7,31.8,0,,3,7
ORD13924,CUST2276,2024-10-16,October,Q4,Fashion,Womens Clothing,Pune,Organic Search,Credit Card,3,3904.54,15,1757.04,9956.58,7254.06,2702.51,27.14,0,,5,4
ORD13925,CUST3075,2024-10-16,October,Q4,Toys,Dolls,Mumbai,Social Media,Debit Card,1,845.8,15,126.87,718.93,484.52,234.41,32.61,0,,5,8
ORD13926,CUST2561,2024-10-16,October,Q4,Electronics,Camera,Hyderabad,Organic Search,Debit Card,1,69198.2,15,10379.73,58818.47,43025.55,15792.92,26.85,0,,4,7
ORD13927,CUST3323,2024-10-16,October,Q4,Home & Kitchen,Appliances,Hyderabad,Organic Search,UPI,1,7693.26,10,769.33,6923.93,5237.54,1686.39,24.36,0,,4,9
ORD13928,CUST2279,2024-10-16,October,Q4,Beauty,Skincare,Mumbai,Organic Search,UPI,1,1143.6,5,57.18,1086.42,724.43,361.99,33.32,0,,4,8
ORD13929,CUST3820,2024-10-16,October,Q4,Beauty,Makeup,Mumbai,Direct,Credit Card,1,1425.75,25,356.44,1069.31,984.23,85.08,7.96,0,,3,3
ORD13930,CUST1369,2024-10-16,October,Q4,Electronics,Mobile,Ahmedabad,Social Media,UPI,3,32109.74,0,0.0,96329.22,54151.77,42177.45,43.78,1,Not as Described,5,5
ORD13931,CUST2340,2024-10-16,October,Q4,Toys,Educational,Bangalore,Paid Ads,Debit Card,1,729.89,0,0.0,729.89,424.85,305.04,41.79,0,,4,3
ORD13932,CUST2393,2024-10-17,October,Q4,Electronics,Tablet,Delhi,Direct,Net Banking,1,17640.74,5,882.04,16758.7,9101.47,7657.23,45.69,0,,4,11
ORD13933,CUST3409,2024-10-17,October,Q4,Home & Kitchen,Appliances,Mumbai,Organic Search,UPI,1,1026.17,10,102.62,923.55,714.63,208.93,22.62,0,,1,9
ORD13934,CUST2069,2024-10-17,October,Q4,Fashion,Mens Clothing,Chennai,Referral,UPI,2,1354.05,0,0.0,2708.1,1255.97,1452.13,53.62,0,,3,1
ORD13935,CUST2284,2024-10-17,October,Q4,Fashion,Accessories,Hyderabad,Social Media,Credit Card,1,1897.37,15,284.61,1612.76,1023.93,588.84,36.51,0,,4,7
ORD13936,CUST3702,2024-10-17,October,Q4,Home & Kitchen,Cookware,Hyderabad,Organic Search,UPI,1,7986.89,10,798.69,7188.2,4188.52,2999.68,41.73,0,,4,9
ORD13937,CUST1201,2024-10-17,October,Q4,Fashion,Accessories,Mumbai,Social Media,UPI,2,3390.38,10,678.08,6102.68,3706.55,2396.13,39.26,0,,3,3
ORD13938,CUST1453,2024-10-17,October,Q4,Electronics,Laptop,Kolkata,Email,COD,1,27215.28,5,1360.76,25854.52,18490.86,7363.65,28.48,0,,3,7
ORD13939,CUST1508,2024-10-17,October,Q4,Electronics,Mobile,Bangalore,Paid Ads,Credit Card,1,46994.09,10,4699.41,42294.68,25471.24,16823.44,39.78,0,,4,7
ORD13940,CUST3513,2024-10-17,October,Q4,Fashion,Footwear,Delhi,Direct,Debit Card,1,1300.59,0,0.0,1300.59,883.42,417.17,32.08,0,,2,11
ORD13941,CUST1552,2024-10-17,October,Q4,Sports,Sportswear,Bangalore,Organic Search,UPI,2,6375.47,0,0.0,12750.94,7087.42,5663.52,44.42,0,,4,2
ORD13942,CUST3958,2024-10-17,October,Q4,Books,Fiction,Bangalore,Organic Search,Credit Card,5,199.36,0,0.0,996.8,661.57,335.23,33.63,0,,4,5
ORD13943,CUST3453,2024-10-17,October,Q4,Electronics,Laptop,Kolkata,Organic Search,Debit Card,1,12002.28,15,1800.34,10201.94,6966.57,3235.36,31.71,1,Late Delivery,4,10
ORD13944,CUST3783,2024-10-17,October,Q4,Fashion,Womens Clothing,Kolkata,Organic Search,Net Banking,1,3702.5,10,370.25,3332.25,1954.32,1377.93,41.35,0,,5,7
ORD13945,CUST1739,2024-10-18,October,Q4,Electronics,Headphones,Delhi,Organic Search,Debit Card,1,73602.3,10,7360.23,66242.07,41389.33,24852.74,37.52,0,,2,2
ORD13946,CUST1239,2024-10-18,October,Q4,Electronics,Camera,Kolkata,Direct,Net Banking,2,54739.26,10,10947.85,98530.67,60880.49,37650.18,38.21,0,,5,10
ORD13947,CUST3815,2024-10-18,October,Q4,Beauty,Fragrance,Pune,Organic Search,Credit Card,2,2586.18,10,517.24,4655.12,2663.65,1991.47,42.78,1,Changed Mind,5,10
ORD13948,CUST2956,2024-10-18,October,Q4,Home & Kitchen,Appliances,Ahmedabad,Paid Ads,UPI,2,2869.87,5,286.99,5452.75,2998.5,2454.26,45.01,0,,4,2
ORD13949,CUST2479,2024-10-18,October,Q4,Electronics,Mobile,Delhi,Social Media,UPI,2,30512.3,0,0.0,61024.6,30305.64,30718.96,50.34,0,,5,11
ORD13950,CUST2009,2024-10-18,October,Q4,Fashion,Womens Clothing,Hyderabad,Direct,UPI,3,2092.1,20,1255.26,5021.04,3351.55,1669.49,33.25,0,,5,6
ORD13951,CUST3854,2024-10-18,October,Q4,Electronics,Laptop,Delhi,Referral,Net Banking,3,14977.42,10,4493.23,40439.03,27233.51,13205.53,32.66,1,Late Delivery,5,2
ORD13952,CUST2562,2024-10-18,October,Q4,Sports,Outdoor,Pune,Email,Credit Card,2,4159.78,15,1247.93,7071.63,4547.8,2523.83,35.69,0,,4,10
ORD13953,CUST3845,2024-10-18,October,Q4,Toys,Board Games,Mumbai,Referral,COD,1,2581.53,10,258.15,2323.38,1621.41,701.97,30.21,0,,4,1
ORD13954,CUST1182,2024-10-18,October,Q4,Electronics,Laptop,Hyderabad,Email,UPI,1,60221.18,15,9033.18,51188.0,41958.78,9229.22,18.03,1,Not as Described,4,3
ORD13955,CUST2438,2024-10-18,October,Q4,Fashion,Accessories,Delhi,Referral,Debit Card,1,4444.09,10,444.41,3999.68,2418.81,1580.87,39.52,0,,2,1
ORD13956,CUST1464,2024-10-18,October,Q4,Books,Children,Delhi,Email,COD,1,669.02,0,0.0,669.02,378.44,290.58,43.43,0,,5,6
ORD13957,CUST1288,2024-10-19,October,Q4,Books,Fiction,Hyderabad,Organic Search,Debit Card,2,548.72,20,219.49,877.95,538.87,339.08,38.62,0,,4,4
ORD13958,CUST2943,2024-10-19,October,Q4,Fashion,Mens Clothing,Kolkata,Paid Ads,COD,1,4868.35,5,243.42,4624.93,2668.12,1956.81,42.31,0,,4,2
ORD13959,CUST1321,2024-10-19,October,Q4,Electronics,Tablet,Hyderabad,Social Media,Debit Card,2,29287.72,0,0.0,58575.44,37002.58,21572.86,36.83,0,,5,7
ORD13960,CUST2730,2024-10-19,October,Q4,Electronics,Camera,Kolkata,Paid Ads,COD,1,21861.86,0,0.0,21861.86,11026.06,10835.8,49.56,0,,5,7
ORD13961,CUST3796,2024-10-19,October,Q4,Home & Kitchen,Decor,Delhi,Organic Search,UPI,2,12531.1,15,3759.33,21302.87,12418.66,8884.21,41.7,0,,3,8
ORD13962,CUST3982,2024-10-19,October,Q4,Fashion,Womens Clothing,Bangalore,Social Media,Credit Card,1,1606.57,15,240.99,1365.58,874.12,491.46,35.99,0,,5,7
ORD13963,CUST1253,2024-10-19,October,Q4,Electronics,Mobile,Bangalore,Referral,UPI,1,16625.89,15,2493.88,14132.01,10884.34,3247.66,22.98,0,,4,1
ORD13964,CUST1930,2024-10-19,October,Q4,Home & Kitchen,Cookware,Mumbai,Organic Search,Credit Card,1,14896.02,25,3724.0,11172.02,9025.71,2146.3,19.21,0,,4,3
ORD13965,CUST3441,2024-10-19,October,Q4,Electronics,Tablet,Hyderabad,Email,Debit Card,3,6976.94,5,1046.54,19884.28,14429.6,5454.68,27.43,0,,5,1
ORD13966,CUST3202,2024-10-19,October,Q4,Sports,Outdoor,Chennai,Email,Credit Card,1,2632.45,10,263.24,2369.2,1779.89,589.31,24.87,0,,5,2
ORD13967,CUST3274,2024-10-19,October,Q4,Fashion,Footwear,Hyderabad,Referral,Credit Card,1,3627.86,10,362.79,3265.07,1769.61,1495.46,45.8,0,,4,1
ORD13968,CUST2617,2024-10-19,October,Q4,Electronics,Tablet,Chennai,Referral,Credit Card,1,21423.14,30,6426.94,14996.2,9868.32,5127.88,34.19,1,Damaged Product,4,9
ORD13969,CUST1848,2024-10-19,October,Q4,Home & Kitchen,Decor,Hyderabad,Email,UPI,2,13226.93,5,1322.69,25131.17,14543.64,10587.53,42.13,1,Not as Described,4,7
ORD13970,CUST2725,2024-10-19,October,Q4,Fashion,Womens Clothing,Mumbai,Social Media,UPI,1,2481.6,25,620.4,1861.2,1440.62,420.58,22.6,0,,4,9
ORD13971,CUST2287,2024-10-19,October,Q4,Toys,Educational,Mumbai,Organic Search,UPI,5,2491.12,0,0.0,12455.6,7210.46,5245.14,42.11,0,,3,8
ORD13972,CUST2018,2024-10-20,October,Q4,Home & Kitchen,Cookware,Hyderabad,Social Media,Credit Card,1,2864.35,15,429.65,2434.7,1384.99,1049.71,43.11,0,,4,10
ORD13973,CUST2682,2024-10-20,October,Q4,Fashion,Womens Clothing,Delhi,Email,UPI,1,1835.57,10,183.56,1652.01,883.28,768.73,46.53,0,,3,2
ORD13974,CUST3905,2024-10-20,October,Q4,Beauty,Skincare,Mumbai,Direct,UPI,2,2900.85,20,1160.34,4641.36,2678.73,1962.63,42.29,0,,4,1
ORD13975,CUST3652,2024-10-20,October,Q4,Fashion,Footwear,Bangalore,Email,Debit Card,1,4358.89,0,0.0,4358.89,2888.7,1470.19,33.73,0,,5,5
ORD13976,CUST1515,2024-10-20,October,Q4,Books,Fiction,Hyderabad,Organic Search,COD,3,464.13,0,0.0,1392.39,956.48,435.91,31.31,1,Late Delivery,1,7
ORD13977,CUST1409,2024-10-20,October,Q4,Fashion,Accessories,Delhi,Social Media,UPI,1,2475.27,0,0.0,2475.27,1185.46,1289.81,52.11,0,,5,2
ORD13978,CUST3108,2024-10-20,October,Q4,Home & Kitchen,Cookware,Chennai,Paid Ads,UPI,5,8699.78,10,4349.89,39149.01,21892.15,17256.86,44.08,0,,1,4
ORD13979,CUST3372,2024-10-20,October,Q4,Electronics,Laptop,Hyderabad,Organic Search,Debit Card,2,79877.94,10,15975.59,143780.29,75479.18,68301.11,47.5,0,,4,7
ORD13980,CUST2064,2024-10-20,October,Q4,Fashion,Footwear,Delhi,Organic Search,Credit Card,3,1365.08,25,1023.81,3071.43,2741.25,330.18,10.75,0,,4,9
ORD13981,CUST2342,2024-10-20,October,Q4,Sports,Outdoor,Chennai,Organic Search,COD,1,2267.55,10,226.76,2040.8,1563.88,476.92,23.37,0,,5,6
ORD13982,CUST2525,2024-10-20,October,Q4,Sports,Fitness Equipment,Hyderabad,Direct,COD,1,5426.43,0,0.0,5426.43,2797.05,2629.38,48.46,0,,5,7
ORD13983,CUST3455,2024-10-20,October,Q4,Fashion,Footwear,Hyderabad,Organic Search,Credit Card,2,2298.28,0,0.0,4596.56,2417.31,2179.25,47.41,1,Size Issue,4,8
ORD13984,CUST1228,2024-10-20,October,Q4,Fashion,Footwear,Hyderabad,Paid Ads,Debit Card,2,3089.56,0,0.0,6179.12,3340.85,2838.27,45.93,0,,2,8
ORD13985,CUST2552,2024-10-20,October,Q4,Sports,Sportswear,Mumbai,Referral,UPI,1,9072.26,15,1360.84,7711.42,5222.14,2489.28,32.28,0,,4,9
ORD13986,CUST2988,2024-10-20,October,Q4,Toys,Educational,Chennai,Paid Ads,UPI,1,1345.18,20,269.04,1076.14,834.84,241.3,22.42,0,,4,10
ORD13987,CUST1031,2024-10-20,October,Q4,Electronics,Tablet,Delhi,Organic Search,COD,1,24611.92,30,7383.58,17228.34,14178.87,3049.47,17.7,1,Not as Described,4,2
ORD13988,CUST1201,2024-10-20,October,Q4,Home & Kitchen,Decor,Ahmedabad,Paid Ads,Credit Card,2,12114.52,5,1211.45,23017.59,16663.53,6354.06,27.61,0,,3,7
ORD13989,CUST1101,2024-10-21,October,Q4,Fashion,Womens Clothing,Pune,Organic Search,Debit Card,1,2137.86,0,0.0,2137.86,1015.43,1122.43,52.5,0,,2,2
ORD13990,CUST3433,2024-10-21,October,Q4,Books,Academic,Hyderabad,Organic Search,Credit Card,1,671.12,0,0.0,671.12,435.99,235.13,35.03,0,,3,7
ORD13991,CUST3687,2024-10-21,October,Q4,Electronics,Headphones,Delhi,Organic Search,Debit Card,1,37348.6,10,3734.86,33613.74,19929.99,13683.75,40.71,0,,4,11
ORD13992,CUST3667,2024-10-21,October,Q4,Fashion,Womens Clothing,Delhi,Social Media,Credit Card,1,2140.32,30,642.1,1498.22,1165.16,333.06,22.23,0,,4,9
ORD13993,CUST3344,2024-10-21,October,Q4,Sports,Outdoor,Delhi,Organic Search,COD,1,9292.31,0,0.0,9292.31,5828.21,3464.1,37.28,0,,4,4
ORD13994,CUST2233,2024-10-21,October,Q4,Electronics,Camera,Bangalore,Paid Ads,UPI,4,22602.94,0,0.0,90411.76,61691.95,28719.81,31.77,0,,4,5
ORD13995,CUST1556,2024-10-21,October,Q4,Home & Kitchen,Decor,Delhi,Direct,COD,1,8473.24,15,1270.99,7202.25,5330.09,1872.16,25.99,0,,5,5
ORD13996,CUST2223,2024-10-21,October,Q4,Fashion,Mens Clothing,Bangalore,Paid Ads,Credit Card,3,846.68,15,381.01,2159.03,1635.7,523.34,24.24,1,Size Issue,4,2
ORD13997,CUST3172,2024-10-21,October,Q4,Fashion,Womens Clothing,Mumbai,Direct,Credit Card,1,3619.4,0,0.0,3619.4,2308.07,1311.33,36.23,0,,4,3
ORD13998,CUST3377,2024-10-21,October,Q4,Fashion,Mens Clothing,Ahmedabad,Paid Ads,Debit Card,1,1947.48,20,389.5,1557.98,1032.64,525.34,33.72,0,,1,10
ORD13999,CUST2024,2024-10-21,October,Q4,Home & Kitchen,Appliances,Mumbai,Paid Ads,Debit Card,1,12549.76,0,0.0,12549.76,8022.22,4527.54,36.08,0,,4,1
ORD14000,CUST1732,2024-10-21,October,Q4,Electronics,Mobile,Ahmedabad,Email,COD,2,57682.61,25,28841.3,86523.92,74540.95,11982.96,13.85,0,,4,3
ORD14001,CUST1192,2024-10-21,October,Q4,Home & Kitchen,Cookware,Kolkata,Organic Search,Debit Card,2,12096.91,0,0.0,24193.82,14113.47,10080.35,41.66,0,,4,5
ORD14002,CUST2201,2024-10-22,October,Q4,Sports,Sportswear,Bangalore,Organic Search,Credit Card,1,6000.11,0,0.0,6000.11,3505.2,2494.91,41.58,0,,5,9
ORD14003,CUST2541,2024-10-22,October,Q4,Sports,Fitness Equipment,Chennai,Social Media,Credit Card,1,1417.9,5,70.9,1347.0,907.36,439.65,32.64,0,,5,1
ORD14004,CUST2536,2024-10-22,October,Q4,Electronics,Tablet,Bangalore,Paid Ads,Credit Card,3,73810.96,0,0.0,221432.88,144874.17,76558.71,34.57,1,Changed Mind,5,6
ORD14005,CUST3795,2024-10-22,October,Q4,Electronics,Camera,Hyderabad,Email,UPI,5,78912.82,10,39456.41,355107.69,210815.15,144292.54,40.63,1,Late Delivery,2,2
ORD14006,CUST2122,2024-10-22,October,Q4,Fashion,Accessories,Delhi,Direct,Debit Card,1,3687.59,15,553.14,3134.45,2398.37,736.08,23.48,0,,4,6
ORD14007,CUST3280,2024-10-22,October,Q4,Fashion,Accessories,Delhi,Paid Ads,UPI,2,2909.12,10,581.82,5236.42,3802.52,1433.89,27.38,1,Changed Mind,4,10
ORD14008,CUST3512,2024-10-22,October,Q4,Fashion,Mens Clothing,Hyderabad,Social Media,UPI,1,971.63,15,145.74,825.89,494.1,331.78,40.17,0,,4,6
ORD14009,CUST2781,2024-10-22,October,Q4,Beauty,Skincare,Bangalore,Social Media,Credit Card,1,2513.62,5,125.68,2387.94,1581.66,806.27,33.76,0,,4,1
ORD14010,CUST2766,2024-10-22,October,Q4,Electronics,Camera,Hyderabad,Referral,Credit Card,1,22086.83,0,0.0,22086.83,10969.06,11117.77,50.34,0,,5,5
ORD14011,CUST3037,2024-10-22,October,Q4,Electronics,Mobile,Delhi,Direct,UPI,1,31125.71,30,9337.71,21788.0,14730.62,7057.37,32.39,0,,4,10
ORD14012,CUST2681,2024-10-22,October,Q4,Fashion,Accessories,Delhi,Direct,UPI,3,3659.65,20,2195.79,8783.16,6517.5,2265.66,25.8,0,,3,2
ORD14013,CUST1204,2024-10-22,October,Q4,Beauty,Skincare,Mumbai,Organic Search,Debit Card,1,2934.18,0,0.0,2934.18,1986.92,947.26,32.28,0,,3,1
ORD14014,CUST2338,2024-10-22,October,Q4,Electronics,Headphones,Mumbai,Email,Credit Card,2,66580.81,5,6658.08,126503.54,61103.17,65400.36,51.7,0,,3,11
ORD14015,CUST2785,2024-10-22,October,Q4,Beauty,Fragrance,Delhi,Organic Search,Credit Card,3,827.1,10,248.13,2233.17,1629.28,603.89,27.04,1,Size Issue,3,9
ORD14016,CUST2073,2024-10-22,October,Q4,Fashion,Footwear,Mumbai,Organic Search,Debit Card,1,1711.1,0,0.0,1711.1,986.65,724.45,42.34,0,,3,6
ORD14017,CUST1662,2024-10-22,October,Q4,Books,Children,Mumbai,Referral,Credit Card,1,693.8,10,69.38,624.42,461.53,162.89,26.09,0,,1,1
ORD14018,CUST1058,2024-10-22,October,Q4,Books,Non-Fiction,Pune,Organic Search,Credit Card,2,449.16,10,89.83,808.49,593.67,214.82,26.57,0,,5,10
ORD14019,CUST2272,2024-10-23,October,Q4,Fashion,Mens Clothing,Mumbai,Referral,Debit Card,1,2470.42,0,0.0,2470.42,1652.27,818.15,33.12,0,,4,9
ORD14020,CUST2289,2024-10-23,October,Q4,Fashion,Mens Clothing,Hyderabad,Organic Search,Credit Card,1,3159.78,0,0.0,3159.78,2029.27,1130.51,35.78,0,,1,9
ORD14021,CUST2735,2024-10-23,October,Q4,Fashion,Accessories,Delhi,Email,Credit Card,1,790.96,15,118.64,672.32,522.63,149.69,22.26,0,,4,7
ORD14022,CUST2491,2024-10-23,October,Q4,Fashion,Footwear,Kolkata,Organic Search,COD,1,4981.05,5,249.05,4732.0,2460.67,2271.33,48.0,0,,5,9
ORD14023,CUST3007,2024-10-23,October,Q4,Beauty,Haircare,Bangalore,Paid Ads,UPI,3,261.92,0,0.0,785.76,413.28,372.48,47.4,0,,4,1
ORD14024,CUST2814,2024-10-23,October,Q4,Sports,Outdoor,Delhi,Organic Search,Net Banking,2,4760.45,15,1428.14,8092.76,4861.58,3231.19,39.93,0,,5,3
ORD14025,CUST2392,2024-10-23,October,Q4,Beauty,Skincare,Bangalore,Social Media,Debit Card,1,2020.78,15,303.12,1717.66,1284.42,433.24,25.22,1,Size Issue,4,8
ORD14026,CUST3201,2024-10-23,October,Q4,Sports,Fitness Equipment,Bangalore,Paid Ads,UPI,1,9010.5,0,0.0,9010.5,4400.83,4609.67,51.16,0,,5,3
ORD14027,CUST1119,2024-10-23,October,Q4,Fashion,Mens Clothing,Hyderabad,Social Media,Credit Card,4,2644.82,20,2115.86,8463.42,5242.64,3220.79,38.06,0,,3,8
ORD14028,CUST3339,2024-10-23,October,Q4,Electronics,Headphones,Mumbai,Organic Search,UPI,1,57973.18,15,8695.98,49277.2,38827.03,10450.18,21.21,0,,3,3
ORD14029,CUST2845,2024-10-24,October,Q4,Beauty,Makeup,Ahmedabad,Organic Search,Credit Card,1,378.58,5,18.93,359.65,237.17,122.48,34.06,0,,4,4
ORD14030,CUST2263,2024-10-24,October,Q4,Fashion,Womens Clothing,Bangalore,Organic Search,Credit Card,4,2094.86,5,418.97,7960.47,5604.55,2355.92,29.6,0,,5,4
ORD14031,CUST2306,2024-10-24,October,Q4,Beauty,Skincare,Delhi,Paid Ads,Net Banking,4,2873.26,15,1723.96,9769.08,5572.27,4196.81,42.96,0,,5,5
ORD14032,CUST1904,2024-10-24,October,Q4,Fashion,Footwear,Chennai,Email,UPI,1,1742.41,0,0.0,1742.41,957.88,784.53,45.03,0,,4,10
ORD14033,CUST1787,2024-10-24,October,Q4,Electronics,Laptop,Delhi,Direct,Net Banking,1,23900.91,10,2390.09,21510.82,12447.3,9063.52,42.13,0,,2,10
ORD14034,CUST3074,2024-10-24,October,Q4,Toys,Board Games,Pune,Organic Search,Debit Card,1,2720.63,15,408.09,2312.54,1230.87,1081.67,46.77,0,,4,11
ORD14035,CUST3492,2024-10-24,October,Q4,Electronics,Tablet,Bangalore,Social Media,Debit Card,1,7068.27,10,706.83,6361.44,3683.49,2677.95,42.1,0,,2,4
ORD14036,CUST1118,2024-10-24,October,Q4,Toys,Educational,Chennai,Email,Debit Card,2,1913.89,10,382.78,3445.0,2085.74,1359.26,39.46,0,,4,7
ORD14037,CUST2741,2024-10-24,October,Q4,Toys,Action Figures,Mumbai,Paid Ads,UPI,1,1463.24,10,146.32,1316.92,692.19,624.72,47.44,0,,3,11
ORD14038,CUST1535,2024-10-25,October,Q4,Sports,Outdoor,Pune,Paid Ads,UPI,1,7761.47,0,0.0,7761.47,4591.86,3169.61,40.84,0,,4,4
ORD14039,CUST1993,2024-10-25,October,Q4,Beauty,Fragrance,Chennai,Social Media,Net Banking,1,573.4,5,28.67,544.73,312.96,231.77,42.55,0,,5,11
ORD14040,CUST2513,2024-10-25,October,Q4,Home & Kitchen,Furniture,Delhi,Organic Search,Credit Card,4,6426.69,10,2570.68,23136.08,11866.64,11269.45,48.71,0,,3,1
ORD14041,CUST2057,2024-10-25,October,Q4,Books,Fiction,Mumbai,Organic Search,UPI,1,580.17,15,87.03,493.14,363.18,129.96,26.35,0,,4,5
ORD14042,CUST2656,2024-10-25,October,Q4,Fashion,Womens Clothing,Delhi,Organic Search,Debit Card,1,1894.21,15,284.13,1610.08,1197.75,412.33,25.61,0,,3,8
ORD14043,CUST2561,2024-10-25,October,Q4,Home & Kitchen,Appliances,Ahmedabad,Social Media,Credit Card,5,10700.32,5,2675.08,50826.52,35237.11,15589.41,30.67,0,,3,6
ORD14044,CUST1535,2024-10-25,October,Q4,Home & Kitchen,Cookware,Delhi,Organic Search,UPI,1,5126.19,30,1537.86,3588.33,2929.03,659.3,18.37,0,,4,4
ORD14045,CUST3594,2024-10-25,October,Q4,Fashion,Footwear,Bangalore,Organic Search,UPI,1,1546.54,0,0.0,1546.54,1070.46,476.08,30.78,0,,3,4
ORD14046,CUST1754,2024-10-25,October,Q4,Fashion,Accessories,Mumbai,Paid Ads,Credit Card,1,4092.87,0,0.0,4092.87,2777.08,1315.79,32.15,0,,5,1
ORD14047,CUST2715,2024-10-25,October,Q4,Fashion,Womens Clothing,Bangalore,Organic Search,Credit Card,1,2785.8,5,139.29,2646.51,1637.6,1008.91,38.12,0,,4,10
ORD14048,CUST2378,2024-10-25,October,Q4,Home & Kitchen,Furniture,Hyderabad,Organic Search,Debit Card,1,6581.42,0,0.0,6581.42,3693.74,2887.68,43.88,1,Damaged Product,2,1
ORD14049,CUST3869,2024-10-25,October,Q4,Books,Non-Fiction,Ahmedabad,Direct,Debit Card,1,648.1,10,64.81,583.29,292.14,291.15,49.92,0,,4,3
ORD14050,CUST2184,2024-10-25,October,Q4,Fashion,Mens Clothing,Bangalore,Organic Search,Debit Card,1,4910.8,0,0.0,4910.8,3082.75,1828.05,37.23,0,,3,4
ORD14051,CUST1221,2024-10-25,October,Q4,Toys,Board Games,Pune,Social Media,Credit Card,1,1884.56,0,0.0,1884.56,1114.22,770.34,40.88,0,,3,4
ORD14052,CUST1444,2024-10-25,October,Q4,Beauty,Skincare,Hyderabad,Paid Ads,Credit Card,1,2615.66,0,0.0,2615.66,1790.12,825.54,31.56,0,,3,2
ORD14053,CUST2624,2024-10-26,October,Q4,Sports,Fitness Equipment,Mumbai,Social Media,Net Banking,1,9723.44,15,1458.52,8264.92,5820.04,2444.88,29.58,0,,2,11
ORD14054,CUST3591,2024-10-26,October,Q4,Home & Kitchen,Decor,Delhi,Social Media,Net Banking,1,1552.19,20,310.44,1241.75,1083.76,157.99,12.72,0,,5,9
ORD14055,CUST2368,2024-10-26,October,Q4,Sports,Sportswear,Hyderabad,Organic Search,UPI,1,7667.43,15,1150.11,6517.32,5086.99,1430.32,21.95,1,Not as Described,5,8
ORD14056,CUST3472,2024-10-26,October,Q4,Electronics,Laptop,Ahmedabad,Direct,Net Banking,4,49058.58,0,0.0,196234.32,135087.6,61146.72,31.16,0,,4,3
ORD14057,CUST3491,2024-10-26,October,Q4,Sports,Sportswear,Kolkata,Paid Ads,UPI,1,7858.9,10,785.89,7073.01,4180.27,2892.74,40.9,0,,4,11
ORD14058,CUST2421,2024-10-26,October,Q4,Electronics,Headphones,Delhi,Direct,Credit Card,1,10326.0,0,0.0,10326.0,5032.21,5293.79,51.27,0,,4,2
ORD14059,CUST1937,2024-10-26,October,Q4,Books,Non-Fiction,Delhi,Paid Ads,Credit Card,2,191.36,5,19.14,363.58,248.47,115.12,31.66,0,,3,1
ORD14060,CUST1219,2024-10-26,October,Q4,Toys,Action Figures,Delhi,Referral,COD,1,1417.02,20,283.4,1133.62,916.17,217.44,19.18,0,,4,10
ORD14061,CUST1037,2024-10-26,October,Q4,Fashion,Footwear,Kolkata,Email,UPI,2,1225.43,10,245.09,2205.77,1232.44,973.33,44.13,1,Changed Mind,4,9
ORD14062,CUST3845,2024-10-26,October,Q4,Fashion,Accessories,Kolkata,Referral,COD,2,1375.79,0,0.0,2751.58,1764.28,987.3,35.88,0,,1,5
ORD14063,CUST3765,2024-10-26,October,Q4,Sports,Fitness Equipment,Pune,Social Media,COD,2,9807.93,5,980.79,18635.07,11681.11,6953.95,37.32,1,Changed Mind,4,8
ORD14064,CUST2742,2024-10-26,October,Q4,Fashion,Accessories,Bangalore,Paid Ads,Debit Card,2,3981.8,0,0.0,7963.6,3801.67,4161.93,52.26,0,,5,4
ORD14065,CUST1656,2024-10-27,October,Q4,Books,Fiction,Bangalore,Email,Credit Card,1,793.23,5,39.66,753.57,456.46,297.11,39.43,0,,5,2
ORD14066,CUST1764,2024-10-27,October,Q4,Electronics,Headphones,Bangalore,Direct,Credit Card,2,67680.46,10,13536.09,121824.83,92422.34,29402.49,24.14,0,,2,5
ORD14067,CUST1485,2024-10-27,October,Q4,Electronics,Tablet,Delhi,Referral,Credit Card,1,7211.57,5,360.58,6850.99,4158.3,2692.7,39.3,0,,1,8
ORD14068,CUST1716,2024-10-27,October,Q4,Toys,Dolls,Bangalore,Paid Ads,Credit Card,1,2807.83,25,701.96,2105.87,1817.16,288.72,13.71,0,,2,6
ORD14069,CUST1623,2024-10-27,October,Q4,Beauty,Makeup,Mumbai,Email,Debit Card,4,2240.27,10,896.11,8064.97,4097.25,3967.72,49.2,0,,5,8
ORD14070,CUST2204,2024-10-27,October,Q4,Sports,Fitness Equipment,Mumbai,Organic Search,Credit Card,1,3652.01,20,730.4,2921.61,2308.14,613.46,21.0,1,Late Delivery,5,11
ORD14071,CUST1741,2024-10-27,October,Q4,Fashion,Accessories,Kolkata,Social Media,Credit Card,4,923.73,15,554.24,3140.68,2537.34,603.35,19.21,0,,5,3
ORD14072,CUST2851,2024-10-27,October,Q4,Beauty,Fragrance,Chennai,Organic Search,Debit Card,1,1329.95,15,199.49,1130.46,764.56,365.89,32.37,0,,4,5
ORD14073,CUST2753,2024-10-27,October,Q4,Home & Kitchen,Decor,Bangalore,Paid Ads,Debit Card,1,10753.19,10,1075.32,9677.87,5746.8,3931.07,40.62,0,,4,2
ORD14074,CUST2959,2024-10-27,October,Q4,Home & Kitchen,Cookware,Bangalore,Referral,UPI,1,10532.01,0,0.0,10532.01,6442.04,4089.97,38.83,0,,3,11
ORD14075,CUST3842,2024-10-27,October,Q4,Beauty,Haircare,Delhi,Organic Search,Debit Card,2,2453.76,10,490.75,4416.77,3332.53,1084.24,24.55,0,,5,3
ORD14076,CUST3689,2024-10-27,October,Q4,Home & Kitchen,Cookware,Chennai,Social Media,UPI,1,6214.33,5,310.72,5903.61,3071.07,2832.54,47.98,1,Late Delivery,5,7
ORD14077,CUST2941,2024-10-27,October,Q4,Fashion,Footwear,Pune,Social Media,Net Banking,1,2634.83,0,0.0,2634.83,1451.59,1183.24,44.91,0,,4,1
ORD14078,CUST2272,2024-10-27,October,Q4,Fashion,Accessories,Pune,Organic Search,Credit Card,1,4312.69,5,215.63,4097.06,2109.22,1987.84,48.52,0,,4,8
ORD14079,CUST2643,2024-10-27,October,Q4,Sports,Sportswear,Chennai,Paid Ads,Credit Card,2,2238.4,15,671.52,3805.28,2570.42,1234.86,32.45,0,,5,5
ORD14080,CUST1550,2024-10-27,October,Q4,Fashion,Accessories,Delhi,Social Media,COD,1,1900.38,30,570.11,1330.27,1111.92,218.34,16.41,0,,1,2
ORD14081,CUST2294,2024-10-27,October,Q4,Beauty,Makeup,Delhi,Organic Search,UPI,3,696.75,5,104.51,1985.74,1434.02,551.72,27.78,0,,5,3
ORD14082,CUST3511,2024-10-27,October,Q4,Fashion,Mens Clothing,Bangalore,Email,UPI,1,2436.62,10,243.66,2192.96,1347.76,845.19,38.54,0,,4,4
ORD14083,CUST1275,2024-10-28,October,Q4,Home & Kitchen,Appliances,Delhi,Referral,Credit Card,1,4378.6,20,875.72,3502.88,2590.99,911.89,26.03,0,,4,2
ORD14084,CUST2598,2024-10-28,October,Q4,Beauty,Haircare,Chennai,Organic Search,COD,1,454.06,5,22.7,431.36,304.82,126.54,29.34,1,Not as Described,4,10
ORD14085,CUST1113,2024-10-28,October,Q4,Fashion,Footwear,Delhi,Organic Search,Net Banking,5,1672.28,0,0.0,8361.4,4434.48,3926.92,46.96,0,,4,5
ORD14086,CUST1424,2024-10-28,October,Q4,Electronics,Mobile,Mumbai,Paid Ads,UPI,1,20045.55,0,0.0,20045.55,12398.99,7646.56,38.15,0,,3,7
ORD14087,CUST1323,2024-10-28,October,Q4,Electronics,Camera,Bangalore,Email,Credit Card,1,31340.05,20,6268.01,25072.04,20035.4,5036.64,20.09,0,,5,9
ORD14088,CUST1724,2024-10-28,October,Q4,Home & Kitchen,Cookware,Ahmedabad,Paid Ads,COD,2,9990.6,0,0.0,19981.2,10642.63,9338.57,46.74,0,,5,1
ORD14089,CUST2150,2024-10-28,October,Q4,Sports,Sportswear,Delhi,Organic Search,UPI,1,1274.9,5,63.74,1211.16,626.08,585.07,48.31,0,,4,10
ORD14090,CUST3904,2024-10-28,October,Q4,Electronics,Laptop,Hyderabad,Social Media,UPI,2,38879.56,10,7775.91,69983.21,44768.05,25215.15,36.03,0,,4,6
ORD14091,CUST1409,2024-10-28,October,Q4,Beauty,Fragrance,Bangalore,Referral,Credit Card,1,463.28,20,92.66,370.62,249.8,120.82,32.6,0,,4,6
ORD14092,CUST1378,2024-10-28,October,Q4,Fashion,Mens Clothing,Mumbai,Paid Ads,UPI,1,1659.96,25,414.99,1244.97,857.56,387.41,31.12,1,Late Delivery,4,1
ORD14093,CUST2525,2024-10-28,October,Q4,Home & Kitchen,Furniture,Bangalore,Paid Ads,Credit Card,1,13286.08,5,664.3,12621.78,9211.97,3409.8,27.02,0,,5,2
ORD14094,CUST3061,2024-10-28,October,Q4,Books,Non-Fiction,Chennai,Referral,Credit Card,1,189.59,25,47.4,142.19,109.12,33.08,23.26,0,,3,11
ORD14095,CUST2028,2024-10-28,October,Q4,Fashion,Womens Clothing,Bangalore,Social Media,UPI,2,3007.08,0,0.0,6014.16,3994.12,2020.04,33.59,0,,2,8
ORD14096,CUST3184,2024-10-28,October,Q4,Home & Kitchen,Decor,Kolkata,Email,Debit Card,2,10494.48,0,0.0,20988.96,10469.91,10519.05,50.12,0,,5,6
ORD14097,CUST3117,2024-10-28,October,Q4,Electronics,Headphones,Delhi,Social Media,UPI,1,12161.77,25,3040.44,9121.33,8329.12,792.21,8.69,0,,3,1
ORD14098,CUST3619,2024-10-28,October,Q4,Electronics,Mobile,Mumbai,Referral,UPI,4,5129.67,10,2051.87,18466.81,13308.58,5158.23,27.93,1,Late Delivery,5,10
ORD14099,CUST2590,2024-10-29,October,Q4,Fashion,Mens Clothing,Ahmedabad,Social Media,Credit Card,1,4933.08,0,0.0,4933.08,3217.22,1715.86,34.78,0,,3,10
ORD14100,CUST1245,2024-10-29,October,Q4,Electronics,Mobile,Delhi,Direct,UPI,1,5943.39,10,594.34,5349.05,3253.66,2095.39,39.17,0,,5,11
ORD14101,CUST1025,2024-10-29,October,Q4,Beauty,Fragrance,Hyderabad,Social Media,Net Banking,2,1115.21,15,334.56,1895.86,1274.48,621.37,32.78,0,,5,6
ORD14102,CUST3198,2024-10-29,October,Q4,Fashion,Accessories,Pune,Email,Credit Card,2,1878.19,20,751.28,3005.1,2247.59,757.52,25.21,0,,5,10
ORD14103,CUST1061,2024-10-29,October,Q4,Home & Kitchen,Cookware,Delhi,Paid Ads,UPI,1,12160.54,20,2432.11,9728.43,7873.24,1855.2,19.07,0,,5,7
ORD14104,CUST1443,2024-10-29,October,Q4,Electronics,Camera,Chennai,Paid Ads,Debit Card,2,47605.9,10,9521.18,85690.62,63055.37,22635.25,26.42,1,Changed Mind,2,2
ORD14105,CUST2943,2024-10-29,October,Q4,Fashion,Footwear,Mumbai,Email,UPI,1,2186.76,20,437.35,1749.41,1026.71,722.7,41.31,0,,4,11
ORD14106,CUST3411,2024-10-29,October,Q4,Beauty,Makeup,Delhi,Paid Ads,Debit Card,2,394.29,10,78.86,709.72,533.09,176.63,24.89,0,,4,4
ORD14107,CUST3114,2024-10-30,October,Q4,Toys,Board Games,Mumbai,Social Media,Debit Card,3,765.46,10,229.64,2066.74,1571.58,495.16,23.96,0,,5,7
ORD14108,CUST2622,2024-10-30,October,Q4,Electronics,Mobile,Pune,Organic Search,Credit Card,2,52736.13,15,15820.84,89651.42,63095.81,26555.61,29.62,0,,3,11
ORD14109,CUST2970,2024-10-30,October,Q4,Books,Children,Delhi,Email,Net Banking,1,473.83,5,23.69,450.14,235.35,214.79,47.72,0,,5,6
ORD14110,CUST3912,2024-10-30,October,Q4,Home & Kitchen,Furniture,Chennai,Organic Search,UPI,2,8400.04,0,0.0,16800.08,10997.39,5802.69,34.54,0,,3,11
ORD14111,CUST3025,2024-10-30,October,Q4,Home & Kitchen,Decor,Ahmedabad,Direct,UPI,2,14656.0,5,1465.6,27846.4,17210.45,10635.95,38.2,0,,5,8
ORD14112,CUST3288,2024-10-30,October,Q4,Home & Kitchen,Cookware,Bangalore,Social Media,Debit Card,1,2176.91,10,217.69,1959.22,1424.35,534.87,27.3,0,,4,6
ORD14113,CUST1523,2024-10-30,October,Q4,Electronics,Headphones,Hyderabad,Organic Search,UPI,1,56238.58,0,0.0,56238.58,36763.27,19475.31,34.63,0,,4,2
ORD14114,CUST1802,2024-10-30,October,Q4,Electronics,Camera,Bangalore,Social Media,Debit Card,4,16600.34,0,0.0,66401.36,31320.35,35081.01,52.83,1,Damaged Product,4,1
ORD14115,CUST1324,2024-10-30,October,Q4,Home & Kitchen,Furniture,Delhi,Paid Ads,Debit Card,1,6113.19,0,0.0,6113.19,3678.64,2434.55,39.82,0,,2,5
ORD14116,CUST1708,2024-10-30,October,Q4,Fashion,Mens Clothing,Bangalore,Paid Ads,UPI,1,1296.18,0,0.0,1296.18,739.84,556.34,42.92,0,,4,11
ORD14117,CUST3366,2024-10-30,October,Q4,Books,Children,Hyderabad,Paid Ads,Debit Card,1,436.45,15,65.47,370.98,299.64,71.35,19.23,0,,4,10
ORD14118,CUST3439,2024-10-30,October,Q4,Fashion,Mens Clothing,Ahmedabad,Organic Search,Credit Card,2,4306.88,0,0.0,8613.76,4514.99,4098.77,47.58,0,,4,10
ORD14119,CUST2467,2024-10-31,October,Q4,Electronics,Tablet,Ahmedabad,Referral,UPI,4,62898.77,0,0.0,251595.08,126174.94,125420.14,49.85,0,,5,9
ORD14120,CUST2818,2024-10-31,October,Q4,Beauty,Skincare,Kolkata,Organic Search,COD,2,1620.52,15,486.16,2754.88,2185.34,569.54,20.67,0,,4,2
ORD14121,CUST1055,2024-10-31,October,Q4,Fashion,Mens Clothing,Kolkata,Social Media,Credit Card,1,4164.63,20,832.93,3331.7,2028.92,1302.78,39.1,0,,4,7
ORD14122,CUST2119,2024-10-31,October,Q4,Home & Kitchen,Cookware,Bangalore,Paid Ads,Credit Card,2,7120.51,0,0.0,14241.02,8852.64,5388.38,37.84,0,,5,9
ORD14123,CUST2827,2024-10-31,October,Q4,Beauty,Skincare,Hyderabad,Social Media,Credit Card,2,1941.83,0,0.0,3883.66,2038.94,1844.72,47.5,1,Not as Described,5,4
ORD14124,CUST1552,2024-10-31,October,Q4,Books,Children,Kolkata,Paid Ads,Net Banking,2,757.94,25,378.97,1136.91,897.34,239.57,21.07,0,,1,4
ORD14125,CUST3942,2024-10-31,October,Q4,Sports,Outdoor,Bangalore,Social Media,COD,1,8938.22,5,446.91,8491.31,5399.18,3092.13,36.42,0,,5,10
ORD14126,CUST2673,2024-10-31,October,Q4,Beauty,Skincare,Ahmedabad,Email,UPI,2,2422.21,25,1211.1,3633.32,2685.47,947.85,26.09,1,Size Issue,5,5
ORD14127,CUST2077,2024-10-31,October,Q4,Beauty,Haircare,Bangalore,Social Media,Net Banking,1,536.79,0,0.0,536.79,372.39,164.4,30.63,0,,5,6
ORD14128,CUST1672,2024-10-31,October,Q4,Toys,Action Figures,Hyderabad,Organic Search,Debit Card,1,2822.47,0,0.0,2822.47,1363.14,1459.33,51.7,0,,5,7
ORD14129,CUST3615,2024-10-31,October,Q4,Fashion,Accessories,Chennai,Social Media,Net Banking,1,4707.65,0,0.0,4707.65,2579.08,2128.57,45.22,0,,4,9
ORD14130,CUST2740,2024-10-31,October,Q4,Electronics,Mobile,Ahmedabad,Organic Search,Debit Card,5,13083.12,0,0.0,65415.6,36475.66,28939.94,44.24,0,,3,6
ORD14131,CUST1311,2024-10-31,October,Q4,Fashion,Footwear,Delhi,Organic Search,Credit Card,1,3573.64,20,714.73,2858.91,2171.92,686.99,24.03,0,,4,3
ORD14132,CUST1603,2024-10-31,October,Q4,Fashion,Accessories,Chennai,Paid Ads,UPI,4,3155.48,30,3786.58,8835.34,6964.96,1870.38,21.17,0,,4,2
ORD14133,CUST3991,2024-10-31,October,Q4,Beauty,Skincare,Bangalore,Paid Ads,Debit Card,1,668.68,25,167.17,501.51,317.13,184.38,36.77,0,,3,6
ORD14134,CUST1454,2024-10-31,October,Q4,Beauty,Skincare,Delhi,Paid Ads,UPI,2,479.22,20,191.69,766.75,658.31,108.44,14.14,0,,3,9
ORD14135,CUST1674,2024-10-31,October,Q4,Home & Kitchen,Cookware,Pune,Email,Debit Card,1,3542.87,20,708.57,2834.3,1962.82,871.48,30.75,0,,4,3
ORD14136,CUST1219,2024-10-31,October,Q4,Electronics,Camera,Hyderabad,Paid Ads,UPI,1,16643.95,15,2496.59,14147.36,8915.64,5231.72,36.98,0,,4,4
ORD14137,CUST1835,2024-11-01,November,Q4,Beauty,Skincare,Chennai,Paid Ads,Debit Card,2,1916.94,20,766.78,3067.1,2153.42,913.69,29.79,0,,3,3
ORD14138,CUST3165,2024-11-01,November,Q4,Fashion,Footwear,Delhi,Organic Search,Credit Card,2,2018.29,0,0.0,4036.58,2035.04,2001.54,49.59,0,,4,7
ORD14139,CUST2029,2024-11-01,November,Q4,Beauty,Fragrance,Bangalore,Social Media,COD,2,1473.07,5,147.31,2798.83,1399.58,1399.25,49.99,1,Changed Mind,5,4
ORD14140,CUST1937,2024-11-01,November,Q4,Home & Kitchen,Appliances,Hyderabad,Social Media,COD,2,10150.53,10,2030.11,18270.95,9889.55,8381.4,45.87,0,,3,6
ORD14141,CUST2960,2024-11-01,November,Q4,Fashion,Mens Clothing,Bangalore,Paid Ads,Net Banking,2,4242.97,20,1697.19,6788.75,4172.23,2616.52,38.54,0,,5,6
ORD14142,CUST2401,2024-11-01,November,Q4,Electronics,Camera,Mumbai,Email,UPI,3,63804.7,15,28712.11,162701.98,95595.72,67106.27,41.24,0,,4,9
ORD14143,CUST1933,2024-11-01,November,Q4,Electronics,Tablet,Ahmedabad,Social Media,UPI,1,75800.83,20,15160.17,60640.66,42068.71,18571.96,30.63,0,,2,5
ORD14144,CUST2761,2024-11-01,November,Q4,Sports,Fitness Equipment,Bangalore,Paid Ads,UPI,1,6852.7,10,685.27,6167.43,4152.56,2014.87,32.67,0,,2,7
ORD14145,CUST2416,2024-11-01,November,Q4,Books,Fiction,Chennai,Social Media,Credit Card,1,192.55,15,28.88,163.67,116.92,46.75,28.56,0,,4,1
ORD14146,CUST3852,2024-11-01,November,Q4,Beauty,Fragrance,Bangalore,Social Media,Credit Card,1,889.42,30,266.83,622.59,400.26,222.33,35.71,0,,3,8
ORD14147,CUST3411,2024-11-01,November,Q4,Electronics,Tablet,Delhi,Social Media,Debit Card,2,15603.6,0,0.0,31207.2,21228.37,9978.83,31.98,0,,5,2
ORD14148,CUST3988,2024-11-01,November,Q4,Fashion,Accessories,Bangalore,Paid Ads,COD,1,4821.74,25,1205.44,3616.3,3161.67,454.63,12.57,0,,5,4
ORD14149,CUST2580,2024-11-01,November,Q4,Beauty,Fragrance,Bangalore,Organic Search,Credit Card,1,1574.15,10,157.42,1416.74,1087.71,329.02,23.22,0,,5,10
ORD14150,CUST3180,2024-11-01,November,Q4,Sports,Sportswear,Hyderabad,Organic Search,Net Banking,1,8043.51,10,804.35,7239.16,4343.47,2895.69,40.0,0,,4,7
ORD14151,CUST1196,2024-11-01,November,Q4,Electronics,Camera,Hyderabad,Social Media,UPI,2,8119.28,20,3247.71,12990.85,10006.2,2984.65,22.98,1,Wrong Item,4,6
ORD14152,CUST2889,2024-11-01,November,Q4,Electronics,Mobile,Bangalore,Direct,UPI,1,9396.81,5,469.84,8926.97,4623.28,4303.69,48.21,0,,3,4
ORD14153,CUST3269,2024-11-01,November,Q4,Beauty,Makeup,Mumbai,Paid Ads,Credit Card,1,2950.57,5,147.53,2803.04,1930.43,872.61,31.13,0,,4,8
ORD14154,CUST2435,2024-11-01,November,Q4,Fashion,Mens Clothing,Bangalore,Organic Search,Debit Card,2,2661.91,10,532.38,4791.44,2610.49,2180.95,45.52,0,,4,7
ORD14155,CUST3603,2024-11-01,November,Q4,Fashion,Accessories,Mumbai,Email,Net Banking,2,4296.21,0,0.0,8592.42,4566.84,4025.58,46.85,0,,4,6
ORD14156,CUST1691,2024-11-01,November,Q4,Electronics,Camera,Mumbai,Direct,Debit Card,1,54474.5,10,5447.45,49027.05,31198.02,17829.03,36.37,0,,5,5
ORD14157,CUST2509,2024-11-01,November,Q4,Home & Kitchen,Decor,Ahmedabad,Direct,Debit Card,2,11515.48,0,0.0,23030.96,13787.09,9243.87,40.14,1,Changed Mind,4,5
ORD14158,CUST2084,2024-11-02,November,Q4,Books,Non-Fiction,Hyderabad,Social Media,Credit Card,1,534.24,25,133.56,400.68,315.15,85.53,21.35,0,,5,11
ORD14159,CUST3105,2024-11-02,November,Q4,Toys,Action Figures,Hyderabad,Direct,Credit Card,4,2588.99,0,0.0,10355.96,4924.51,5431.45,52.45,0,,4,7
ORD14160,CUST1716,2024-11-02,November,Q4,Home & Kitchen,Cookware,Bangalore,Organic Search,Credit Card,1,2091.54,10,209.15,1882.39,1161.68,720.7,38.29,0,,4,11
ORD14161,CUST2268,2024-11-02,November,Q4,Home & Kitchen,Cookware,Kolkata,Organic Search,UPI,5,10098.22,25,12622.78,37868.32,34370.67,3497.65,9.24,1,Late Delivery,5,6
ORD14162,CUST1523,2024-11-02,November,Q4,Electronics,Camera,Hyderabad,Organic Search,UPI,5,73390.03,25,91737.54,275212.61,245156.51,30056.1,10.92,0,,3,4
ORD14163,CUST1505,2024-11-02,November,Q4,Home & Kitchen,Cookware,Pune,Email,UPI,2,8794.55,15,2638.36,14950.73,10512.93,4437.8,29.68,0,,4,7
ORD14164,CUST3751,2024-11-02,November,Q4,Fashion,Womens Clothing,Delhi,Organic Search,Credit Card,1,3659.93,10,365.99,3293.94,2170.64,1123.3,34.1,1,Size Issue,4,5
ORD14165,CUST3283,2024-11-02,November,Q4,Home & Kitchen,Furniture,Ahmedabad,Paid Ads,COD,1,8207.75,0,0.0,8207.75,3922.64,4285.11,52.21,1,Changed Mind,3,7
ORD14166,CUST3845,2024-11-02,November,Q4,Fashion,Footwear,Pune,Paid Ads,UPI,1,3906.16,5,195.31,3710.85,1953.33,1757.52,47.36,0,,4,7
ORD14167,CUST1952,2024-11-03,November,Q4,Fashion,Footwear,Kolkata,Paid Ads,Credit Card,3,3394.39,0,0.0,10183.17,5225.59,4957.58,48.68,0,,4,11
ORD14168,CUST3062,2024-11-03,November,Q4,Electronics,Tablet,Mumbai,Direct,Debit Card,2,26192.12,15,7857.64,44526.6,29966.35,14560.26,32.7,0,,2,2
ORD14169,CUST2328,2024-11-03,November,Q4,Fashion,Accessories,Delhi,Organic Search,Credit Card,5,1109.64,5,277.41,5270.79,3511.12,1759.67,33.39,0,,5,4
ORD14170,CUST2037,2024-11-03,November,Q4,Electronics,Camera,Delhi,Paid Ads,UPI,2,62264.2,15,18679.26,105849.14,70381.13,35468.01,33.51,0,,4,10
ORD14171,CUST2482,2024-11-03,November,Q4,Electronics,Tablet,Delhi,Email,UPI,1,26971.94,5,1348.6,25623.34,12987.4,12635.94,49.31,0,,4,4
ORD14172,CUST2099,2024-11-03,November,Q4,Toys,Board Games,Kolkata,Organic Search,COD,1,1991.12,10,199.11,1792.01,1114.7,677.3,37.8,0,,4,7
ORD14173,CUST1193,2024-11-03,November,Q4,Fashion,Womens Clothing,Mumbai,Social Media,Credit Card,1,2319.07,10,231.91,2087.16,1137.87,949.29,45.48,0,,5,8
ORD14174,CUST1128,2024-11-04,November,Q4,Home & Kitchen,Furniture,Mumbai,Email,UPI,1,6154.35,20,1230.87,4923.48,3925.16,998.32,20.28,0,,1,11
ORD14175,CUST3768,2024-11-04,November,Q4,Books,Fiction,Delhi,Referral,Credit Card,2,468.8,0,0.0,937.6,460.95,476.65,50.84,0,,4,1
ORD14176,CUST2758,2024-11-04,November,Q4,Toys,Action Figures,Mumbai,Direct,Debit Card,4,1626.35,5,325.27,6180.13,3712.2,2467.93,39.93,0,,4,7
ORD14177,CUST2042,2024-11-04,November,Q4,Home & Kitchen,Furniture,Delhi,Paid Ads,UPI,2,5365.51,0,0.0,10731.02,6689.22,4041.8,37.66,0,,5,11
ORD14178,CUST2251,2024-11-04,November,Q4,Sports,Outdoor,Pune,Social Media,Credit Card,3,5098.99,0,0.0,15296.97,7756.32,7540.65,49.3,0,,4,6
ORD14179,CUST3673,2024-11-04,November,Q4,Fashion,Accessories,Hyderabad,Organic Search,UPI,3,2249.64,10,674.89,6074.03,3165.29,2908.73,47.89,0,,3,10
ORD14180,CUST2504,2024-11-04,November,Q4,Fashion,Footwear,Mumbai,Organic Search,UPI,1,2739.27,0,0.0,2739.27,1618.43,1120.84,40.92,0,,4,1
ORD14181,CUST2168,2024-11-04,November,Q4,Fashion,Footwear,Bangalore,Organic Search,COD,1,4038.62,0,0.0,4038.62,1872.1,2166.52,53.64,0,,4,8
ORD14182,CUST3671,2024-11-04,November,Q4,Beauty,Haircare,Bangalore,Paid Ads,Debit Card,2,1004.14,20,401.66,1606.62,1198.83,407.8,25.38,1,Changed Mind,1,5
ORD14183,CUST2913,2024-11-04,November,Q4,Beauty,Haircare,Mumbai,Direct,COD,1,2115.35,10,211.54,1903.81,1350.39,553.43,29.07,0,,5,7
ORD14184,CUST2386,2024-11-04,November,Q4,Fashion,Accessories,Chennai,Paid Ads,Net Banking,1,748.02,0,0.0,748.02,398.19,349.83,46.77,0,,2,8
ORD14185,CUST1596,2024-11-04,November,Q4,Electronics,Headphones,Chennai,Social Media,COD,1,67344.29,0,0.0,67344.29,38526.82,28817.47,42.79,1,Changed Mind,1,7
ORD14186,CUST1806,2024-11-04,November,Q4,Beauty,Makeup,Chennai,Paid Ads,UPI,5,726.62,0,0.0,3633.1,2478.47,1154.63,31.78,1,Not as Described,1,11
ORD14187,CUST1314,2024-11-05,November,Q4,Electronics,Headphones,Chennai,Paid Ads,COD,1,11689.06,10,1168.91,10520.15,6636.78,3883.37,36.91,0,,4,10
ORD14188,CUST1456,2024-11-05,November,Q4,Home & Kitchen,Decor,Mumbai,Referral,UPI,2,13467.71,15,4040.31,22895.11,18831.59,4063.52,17.75,0,,4,1
ORD14189,CUST1573,2024-11-05,November,Q4,Beauty,Skincare,Ahmedabad,Paid Ads,Credit Card,3,2293.98,10,688.19,6193.75,3366.99,2826.75,45.64,0,,2,6
ORD14190,CUST1792,2024-11-05,November,Q4,Beauty,Haircare,Pune,Social Media,UPI,2,1799.57,0,0.0,3599.14,2257.5,1341.64,37.28,0,,5,11
ORD14191,CUST1631,2024-11-05,November,Q4,Sports,Fitness Equipment,Kolkata,Paid Ads,UPI,2,2146.91,10,429.38,3864.44,2632.78,1231.66,31.87,0,,3,11
ORD14192,CUST3920,2024-11-05,November,Q4,Books,Non-Fiction,Mumbai,Organic Search,Net Banking,2,353.87,5,35.39,672.35,472.82,199.53,29.68,0,,4,11
ORD14193,CUST2832,2024-11-05,November,Q4,Home & Kitchen,Cookware,Ahmedabad,Paid Ads,UPI,1,1480.98,10,148.1,1332.88,700.67,632.21,47.43,0,,3,1
ORD14194,CUST2169,2024-11-05,November,Q4,Beauty,Fragrance,Pune,Email,Debit Card,1,278.3,20,55.66,222.64,144.73,77.91,34.99,0,,5,4
ORD14195,CUST3200,2024-11-05,November,Q4,Home & Kitchen,Decor,Pune,Organic Search,UPI,4,14528.11,5,2905.62,55206.82,28070.91,27135.91,49.15,0,,5,4
ORD14196,CUST3518,2024-11-05,November,Q4,Electronics,Laptop,Mumbai,Organic Search,Net Banking,1,33867.6,0,0.0,33867.6,23140.84,10726.76,31.67,0,,5,8
ORD14197,CUST3994,2024-11-05,November,Q4,Electronics,Laptop,Chennai,Organic Search,Credit Card,2,31382.42,20,12552.97,50211.87,34938.6,15273.27,30.42,1,Size Issue,1,6
ORD14198,CUST3012,2024-11-05,November,Q4,Fashion,Womens Clothing,Ahmedabad,Email,Debit Card,1,2919.94,0,0.0,2919.94,1978.31,941.63,32.25,1,Damaged Product,4,7
ORD14199,CUST3794,2024-11-06,November,Q4,Fashion,Mens Clothing,Chennai,Email,UPI,1,4206.86,0,0.0,4206.86,2202.72,2004.14,47.64,0,,4,10
ORD14200,CUST3542,2024-11-06,November,Q4,Home & Kitchen,Decor,Hyderabad,Social Media,Credit Card,4,10515.15,15,6309.09,35751.51,20256.05,15495.46,43.34,0,,4,7
ORD14201,CUST1347,2024-11-06,November,Q4,Sports,Fitness Equipment,Ahmedabad,Paid Ads,Credit Card,2,4621.14,15,1386.34,7855.94,4844.2,3011.74,38.34,0,,4,7
ORD14202,CUST2846,2024-11-06,November,Q4,Electronics,Tablet,Bangalore,Direct,Debit Card,1,43128.11,20,8625.62,34502.49,25846.4,8656.09,25.09,0,,5,10
ORD14203,CUST2795,2024-11-06,November,Q4,Electronics,Tablet,Hyderabad,Email,COD,5,68691.56,0,0.0,343457.8,227131.44,116326.36,33.87,1,Damaged Product,1,2
ORD14204,CUST2630,2024-11-06,November,Q4,Toys,Educational,Bangalore,Email,Credit Card,2,1673.61,5,167.36,3179.86,1828.75,1351.11,42.49,0,,4,6
ORD14205,CUST1844,2024-11-06,November,Q4,Electronics,Camera,Ahmedabad,Email,Debit Card,1,56085.0,0,0.0,56085.0,38065.01,18019.99,32.13,0,,4,8
ORD14206,CUST1994,2024-11-06,November,Q4,Home & Kitchen,Decor,Mumbai,Social Media,UPI,2,1435.03,10,287.01,2583.05,1466.77,1116.29,43.22,0,,4,8
ORD14207,CUST3721,2024-11-06,November,Q4,Home & Kitchen,Decor,Bangalore,Paid Ads,Net Banking,1,3845.8,0,0.0,3845.8,2397.41,1448.39,37.66,1,Size Issue,3,4
ORD14208,CUST2202,2024-11-06,November,Q4,Home & Kitchen,Appliances,Chennai,Direct,Net Banking,2,7292.72,15,2187.82,12397.62,9246.12,3151.5,25.42,0,,3,7
ORD14209,CUST3642,2024-11-06,November,Q4,Electronics,Headphones,Pune,Referral,Debit Card,1,18927.9,0,0.0,18927.9,9813.94,9113.96,48.15,1,Not as Described,4,9
ORD14210,CUST3627,2024-11-06,November,Q4,Electronics,Laptop,Hyderabad,Organic Search,Net Banking,1,21617.54,0,0.0,21617.54,9873.65,11743.89,54.33,0,,5,8
ORD14211,CUST3779,2024-11-06,November,Q4,Electronics,Mobile,Kolkata,Organic Search,Credit Card,2,29023.29,5,2902.33,55144.25,31421.16,23723.1,43.02,0,,5,2
ORD14212,CUST1681,2024-11-06,November,Q4,Home & Kitchen,Appliances,Ahmedabad,Referral,UPI,3,10939.29,25,8204.47,24613.4,15138.85,9474.55,38.49,0,,3,11
ORD14213,CUST3004,2024-11-06,November,Q4,Home & Kitchen,Cookware,Mumbai,Organic Search,UPI,2,7832.91,20,3133.16,12532.66,10577.38,1955.28,15.6,0,,2,8
ORD14214,CUST1695,2024-11-07,November,Q4,Fashion,Accessories,Bangalore,Direct,Credit Card,1,3070.15,30,921.04,2149.1,2113.43,35.67,1.66,0,,4,3
ORD14215,CUST1125,2024-11-07,November,Q4,Beauty,Haircare,Mumbai,Paid Ads,UPI,3,1916.45,5,287.47,5461.88,3644.2,1817.69,33.28,0,,4,4
ORD14216,CUST1784,2024-11-07,November,Q4,Sports,Fitness Equipment,Delhi,Organic Search,Credit Card,2,929.72,0,0.0,1859.44,1174.55,684.89,36.83,0,,5,3
ORD14217,CUST3273,2024-11-07,November,Q4,Electronics,Laptop,Bangalore,Organic Search,COD,2,33611.65,5,3361.16,63862.14,34298.89,29563.25,46.29,0,,4,8
ORD14218,CUST3207,2024-11-07,November,Q4,Home & Kitchen,Furniture,Kolkata,Organic Search,Debit Card,1,13584.55,15,2037.68,11546.87,6364.11,5182.76,44.88,0,,4,4
ORD14219,CUST2554,2024-11-07,November,Q4,Beauty,Fragrance,Pune,Organic Search,UPI,3,525.73,0,0.0,1577.19,1026.0,551.19,34.95,0,,4,11
ORD14220,CUST3806,2024-11-07,November,Q4,Fashion,Womens Clothing,Mumbai,Paid Ads,Credit Card,4,1806.99,0,0.0,7227.96,4262.98,2964.98,41.02,1,Size Issue,2,1
ORD14221,CUST1695,2024-11-07,November,Q4,Fashion,Womens Clothing,Mumbai,Email,Credit Card,2,4569.78,0,0.0,9139.56,5670.25,3469.31,37.96,0,,4,9
ORD14222,CUST1298,2024-11-07,November,Q4,Home & Kitchen,Appliances,Hyderabad,Referral,Net Banking,4,10166.24,10,4066.5,36598.46,26225.25,10373.21,28.34,0,,4,9
ORD14223,CUST2944,2024-11-07,November,Q4,Books,Academic,Bangalore,Paid Ads,UPI,1,744.91,0,0.0,744.91,411.46,333.45,44.76,0,,5,1
ORD14224,CUST2448,2024-11-07,November,Q4,Sports,Sportswear,Delhi,Social Media,Net Banking,3,3642.13,0,0.0,10926.39,5311.72,5614.67,51.39,0,,3,8
ORD14225,CUST3925,2024-11-07,November,Q4,Home & Kitchen,Appliances,Kolkata,Social Media,Debit Card,1,3314.22,5,165.71,3148.51,2150.13,998.38,31.71,0,,4,2
ORD14226,CUST1051,2024-11-07,November,Q4,Beauty,Haircare,Kolkata,Social Media,Credit Card,1,1291.76,5,64.59,1227.17,727.83,499.34,40.69,0,,5,7
ORD14227,CUST3683,2024-11-07,November,Q4,Fashion,Accessories,Bangalore,Social Media,UPI,2,1527.67,10,305.53,2749.81,2006.54,743.27,27.03,1,Size Issue,4,1
ORD14228,CUST3223,2024-11-08,November,Q4,Beauty,Haircare,Kolkata,Organic Search,UPI,2,2769.23,15,830.77,4707.69,3098.35,1609.34,34.19,0,,5,6
ORD14229,CUST1248,2024-11-08,November,Q4,Home & Kitchen,Cookware,Bangalore,Organic Search,Credit Card,1,6507.81,0,0.0,6507.81,3281.59,3226.22,49.57,0,,4,10
ORD14230,CUST1275,2024-11-08,November,Q4,Electronics,Headphones,Chennai,Organic Search,UPI,1,16694.67,15,2504.2,14190.47,8226.32,5964.15,42.03,0,,5,11
ORD14231,CUST3485,2024-11-08,November,Q4,Beauty,Skincare,Bangalore,Organic Search,Debit Card,1,1876.5,0,0.0,1876.5,1193.42,683.08,36.4,0,,4,11
ORD14232,CUST2585,2024-11-08,November,Q4,Home & Kitchen,Cookware,Mumbai,Email,Credit Card,1,9629.05,5,481.45,9147.6,5716.98,3430.62,37.5,0,,2,10
ORD14233,CUST2011,2024-11-08,November,Q4,Fashion,Footwear,Kolkata,Organic Search,Debit Card,1,1661.83,10,166.18,1495.65,915.92,579.73,38.76,0,,5,8
ORD14234,CUST1170,2024-11-08,November,Q4,Books,Fiction,Bangalore,Direct,UPI,1,749.42,25,187.36,562.06,429.44,132.63,23.6,0,,5,11
ORD14235,CUST2044,2024-11-08,November,Q4,Electronics,Camera,Chennai,Referral,UPI,1,56029.68,10,5602.97,50426.71,32912.37,17514.34,34.73,0,,4,6
ORD14236,CUST2347,2024-11-08,November,Q4,Fashion,Mens Clothing,Delhi,Referral,UPI,4,3695.78,0,0.0,14783.12,7537.23,7245.89,49.01,0,,4,9
ORD14237,CUST3927,2024-11-08,November,Q4,Electronics,Laptop,Mumbai,Referral,UPI,2,72656.59,10,14531.32,130781.86,79129.04,51652.82,39.5,0,,5,11
ORD14238,CUST3602,2024-11-08,November,Q4,Sports,Outdoor,Mumbai,Organic Search,Credit Card,1,3442.52,5,172.13,3270.39,1800.79,1469.6,44.94,0,,3,1
ORD14239,CUST1796,2024-11-08,November,Q4,Beauty,Fragrance,Bangalore,Social Media,COD,4,2832.76,10,1133.1,10197.94,6199.28,3998.66,39.21,0,,4,9
ORD14240,CUST1135,2024-11-08,November,Q4,Fashion,Womens Clothing,Chennai,Organic Search,Net Banking,2,3440.01,0,0.0,6880.02,3956.98,2923.04,42.49,0,,1,3
ORD14241,CUST2583,2024-11-08,November,Q4,Beauty,Makeup,Delhi,Email,UPI,1,2758.46,10,275.85,2482.61,1360.86,1121.76,45.18,1,Size Issue,3,2
ORD14242,CUST3493,2024-11-09,November,Q4,Fashion,Mens Clothing,Chennai,Direct,Credit Card,1,2341.42,0,0.0,2341.42,1283.99,1057.43,45.16,0,,4,8
ORD14243,CUST1940,2024-11-09,November,Q4,Sports,Fitness Equipment,Chennai,Direct,UPI,1,597.16,15,89.57,507.59,326.27,181.31,35.72,0,,5,10
ORD14244,CUST2331,2024-11-09,November,Q4,Home & Kitchen,Furniture,Chennai,Paid Ads,UPI,1,12494.48,10,1249.45,11245.03,6515.88,4729.15,42.06,0,,5,5
ORD14245,CUST3945,2024-11-09,November,Q4,Fashion,Womens Clothing,Bangalore,Email,Net Banking,1,2197.09,0,0.0,2197.09,1537.14,659.95,30.04,0,,5,1
ORD14246,CUST3233,2024-11-09,November,Q4,Toys,Educational,Kolkata,Organic Search,Net Banking,1,2575.11,20,515.02,2060.09,1206.2,853.89,41.45,0,,1,1
ORD14247,CUST3060,2024-11-09,November,Q4,Fashion,Womens Clothing,Bangalore,Organic Search,COD,1,1352.73,10,135.27,1217.46,826.16,391.29,32.14,0,,4,2
ORD14248,CUST1593,2024-11-09,November,Q4,Electronics,Laptop,Bangalore,Email,Credit Card,2,63441.9,5,6344.19,120539.61,62631.07,57908.54,48.04,0,,3,7
ORD14249,CUST2092,2024-11-09,November,Q4,Home & Kitchen,Decor,Mumbai,Paid Ads,Net Banking,1,4398.64,0,0.0,4398.64,2902.58,1496.06,34.01,0,,1,2
ORD14250,CUST3556,2024-11-09,November,Q4,Toys,Board Games,Delhi,Referral,UPI,2,328.16,10,65.63,590.69,445.35,145.34,24.61,0,,3,9
ORD14251,CUST1939,2024-11-09,November,Q4,Fashion,Footwear,Mumbai,Organic Search,COD,2,3616.35,5,361.64,6871.06,3980.66,2890.41,42.07,0,,3,6
ORD14252,CUST2355,2024-11-10,November,Q4,Electronics,Camera,Hyderabad,Direct,Debit Card,4,8134.95,25,8134.95,24404.85,21341.87,3062.98,12.55,0,,4,4
ORD14253,CUST1940,2024-11-10,November,Q4,Fashion,Womens Clothing,Delhi,Paid Ads,Debit Card,1,3952.07,0,0.0,3952.07,2025.35,1926.72,48.75,1,Not as Described,3,4
ORD14254,CUST2251,2024-11-10,November,Q4,Home & Kitchen,Furniture,Delhi,Direct,UPI,3,2630.21,0,0.0,7890.63,3827.09,4063.54,51.5,0,,4,3
ORD14255,CUST1048,2024-11-10,November,Q4,Electronics,Laptop,Pune,Email,Credit Card,3,56712.45,25,42534.34,127603.01,89997.48,37605.53,29.47,0,,5,9
ORD14256,CUST1146,2024-11-10,November,Q4,Beauty,Skincare,Delhi,Direct,Debit Card,2,397.47,30,238.48,556.46,425.63,130.83,23.51,1,Size Issue,5,2
ORD14257,CUST3867,2024-11-10,November,Q4,Toys,Board Games,Delhi,Paid Ads,COD,2,608.83,0,0.0,1217.66,668.91,548.75,45.07,0,,5,9
ORD14258,CUST3598,2024-11-10,November,Q4,Home & Kitchen,Decor,Mumbai,Referral,Credit Card,1,3056.72,15,458.51,2598.21,1660.53,937.68,36.09,1,Late Delivery,5,3
ORD14259,CUST1425,2024-11-10,November,Q4,Fashion,Mens Clothing,Pune,Organic Search,Credit Card,4,4060.36,0,0.0,16241.44,8978.04,7263.4,44.72,0,,4,4
ORD14260,CUST3108,2024-11-10,November,Q4,Fashion,Mens Clothing,Mumbai,Organic Search,Credit Card,1,799.25,15,119.89,679.36,501.54,177.83,26.18,0,,5,9
ORD14261,CUST1283,2024-11-10,November,Q4,Electronics,Laptop,Bangalore,Paid Ads,Debit Card,2,45270.48,20,18108.19,72432.77,46302.2,26130.57,36.08,0,,5,3
ORD14262,CUST3929,2024-11-10,November,Q4,Books,Children,Bangalore,Direct,Net Banking,1,258.79,0,0.0,258.79,117.66,141.13,54.54,0,,3,6
ORD14263,CUST2623,2024-11-10,November,Q4,Fashion,Mens Clothing,Chennai,Paid Ads,Credit Card,1,3830.42,0,0.0,3830.42,2192.61,1637.81,42.76,0,,5,5
ORD14264,CUST2804,2024-11-10,November,Q4,Fashion,Footwear,Hyderabad,Direct,Credit Card,2,4798.93,0,0.0,9597.86,5394.7,4203.16,43.79,0,,4,6
ORD14265,CUST2942,2024-11-10,November,Q4,Beauty,Haircare,Pune,Email,COD,3,2202.07,0,0.0,6606.21,3071.99,3534.22,53.5,0,,1,5
ORD14266,CUST3069,2024-11-10,November,Q4,Fashion,Footwear,Mumbai,Organic Search,COD,1,3627.59,0,0.0,3627.59,1753.76,1873.83,51.65,0,,4,11
ORD14267,CUST2173,2024-11-10,November,Q4,Beauty,Fragrance,Delhi,Referral,Credit Card,5,997.46,20,997.46,3989.84,2880.07,1109.77,27.81,0,,4,3
ORD14268,CUST3106,2024-11-11,November,Q4,Electronics,Laptop,Delhi,Organic Search,UPI,2,26482.92,0,0.0,52965.84,26943.07,26022.77,49.13,0,,4,2
ORD14269,CUST1274,2024-11-11,November,Q4,Sports,Outdoor,Mumbai,Direct,UPI,1,8627.33,10,862.73,7764.6,5775.13,1989.47,25.62,0,,3,10
ORD14270,CUST2740,2024-11-11,November,Q4,Toys,Educational,Delhi,Paid Ads,UPI,1,1006.05,15,150.91,855.14,496.31,358.83,41.96,1,Late Delivery,4,9
ORD14271,CUST2414,2024-11-11,November,Q4,Beauty,Haircare,Delhi,Social Media,UPI,2,2330.77,10,466.15,4195.39,2121.14,2074.24,49.44,0,,4,4
ORD14272,CUST1705,2024-11-11,November,Q4,Toys,Dolls,Bangalore,Paid Ads,Net Banking,1,1366.25,5,68.31,1297.94,767.68,530.25,40.85,0,,5,10
ORD14273,CUST2142,2024-11-11,November,Q4,Electronics,Mobile,Chennai,Organic Search,Credit Card,1,71419.97,0,0.0,71419.97,49746.92,21673.05,30.35,0,,5,6
ORD14274,CUST2040,2024-11-11,November,Q4,Home & Kitchen,Cookware,Bangalore,Paid Ads,Credit Card,1,3670.19,10,367.02,3303.17,2233.19,1069.98,32.39,0,,5,9
ORD14275,CUST2041,2024-11-11,November,Q4,Home & Kitchen,Furniture,Chennai,Organic Search,Debit Card,1,2028.34,0,0.0,2028.34,1092.28,936.06,46.15,0,,3,5
ORD14276,CUST3744,2024-11-11,November,Q4,Home & Kitchen,Furniture,Delhi,Organic Search,Debit Card,2,12819.65,15,3845.9,21793.4,11645.81,10147.6,46.56,0,,4,7
ORD14277,CUST2472,2024-11-11,November,Q4,Fashion,Womens Clothing,Delhi,Organic Search,Net Banking,1,1403.55,0,0.0,1403.55,801.76,601.79,42.88,0,,4,5
ORD14278,CUST2071,2024-11-11,November,Q4,Fashion,Womens Clothing,Hyderabad,Paid Ads,UPI,1,2832.02,15,424.8,2407.22,1420.59,986.63,40.99,0,,4,9
ORD14279,CUST2072,2024-11-11,November,Q4,Electronics,Camera,Mumbai,Email,Credit Card,1,7677.14,10,767.71,6909.43,4697.94,2211.49,32.01,0,,1,2
ORD14280,CUST2751,2024-11-11,November,Q4,Fashion,Accessories,Mumbai,Social Media,Debit Card,1,2654.69,10,265.47,2389.22,1581.54,807.68,33.81,0,,4,3
ORD14281,CUST1219,2024-11-12,November,Q4,Electronics,Headphones,Bangalore,Direct,Debit Card,1,13355.5,0,0.0,13355.5,6895.49,6460.01,48.37,1,Not as Described,4,5
ORD14282,CUST3177,2024-11-12,November,Q4,Beauty,Makeup,Ahmedabad,Social Media,Net Banking,2,306.49,0,0.0,612.98,286.4,326.58,53.28,1,Damaged Product,4,2
ORD14283,CUST1861,2024-11-12,November,Q4,Fashion,Accessories,Chennai,Social Media,UPI,2,2246.29,20,898.52,3594.06,2869.66,724.41,20.16,0,,1,6
ORD14284,CUST3191,2024-11-12,November,Q4,Electronics,Laptop,Mumbai,Social Media,UPI,1,11270.6,0,0.0,11270.6,6721.4,4549.2,40.36,0,,4,10
ORD14285,CUST2481,2024-11-12,November,Q4,Home & Kitchen,Cookware,Pune,Paid Ads,UPI,1,10649.36,0,0.0,10649.36,7034.24,3615.12,33.95,0,,5,3
ORD14286,CUST3819,2024-11-12,November,Q4,Home & Kitchen,Furniture,Chennai,Social Media,UPI,1,1757.09,10,175.71,1581.38,904.81,676.57,42.78,1,Size Issue,4,5
ORD14287,CUST1270,2024-11-12,November,Q4,Books,Academic,Hyderabad,Organic Search,UPI,1,433.37,20,86.67,346.7,265.75,80.95,23.35,0,,5,5
ORD14288,CUST2946,2024-11-12,November,Q4,Home & Kitchen,Furniture,Pune,Direct,Credit Card,2,6066.81,5,606.68,11526.94,5820.14,5706.8,49.51,0,,4,10
ORD14289,CUST3468,2024-11-12,November,Q4,Fashion,Footwear,Bangalore,Email,COD,1,3822.56,15,573.38,3249.18,1999.02,1250.16,38.48,0,,5,8
ORD14290,CUST3537,2024-11-12,November,Q4,Sports,Fitness Equipment,Delhi,Organic Search,UPI,1,4699.23,10,469.92,4229.31,2885.96,1343.35,31.76,0,,1,9
ORD14291,CUST1890,2024-11-12,November,Q4,Home & Kitchen,Cookware,Bangalore,Email,UPI,2,11721.6,0,0.0,23443.2,15388.01,8055.19,34.36,0,,3,4
ORD14292,CUST2844,2024-11-12,November,Q4,Electronics,Headphones,Hyderabad,Organic Search,Net Banking,1,54715.76,10,5471.58,49244.18,29012.01,20232.17,41.09,0,,4,10
ORD14293,CUST3885,2024-11-12,November,Q4,Home & Kitchen,Furniture,Bangalore,Organic Search,COD,2,7951.39,20,3180.56,12722.22,10332.25,2389.97,18.79,0,,5,1
ORD14294,CUST3262,2024-11-13,November,Q4,Books,Children,Hyderabad,Organic Search,COD,1,783.43,30,235.03,548.4,485.29,63.11,11.51,0,,4,5
ORD14295,CUST1438,2024-11-13,November,Q4,Fashion,Womens Clothing,Ahmedabad,Email,Net Banking,1,3958.47,0,0.0,3958.47,2126.37,1832.1,46.28,1,Wrong Item,4,4
ORD14296,CUST1063,2024-11-13,November,Q4,Fashion,Mens Clothing,Kolkata,Email,Credit Card,2,3762.1,15,1128.63,6395.57,5034.44,1361.13,21.28,0,,3,5
ORD14297,CUST3628,2024-11-13,November,Q4,Electronics,Tablet,Kolkata,Email,UPI,2,8281.84,5,828.18,15735.5,9562.33,6173.16,39.23,0,,4,11
ORD14298,CUST3810,2024-11-13,November,Q4,Electronics,Camera,Pune,Organic Search,UPI,1,6065.84,0,0.0,6065.84,3712.67,2353.17,38.79,0,,4,9
ORD14299,CUST3666,2024-11-13,November,Q4,Fashion,Mens Clothing,Ahmedabad,Social Media,Debit Card,2,1187.2,10,237.44,2136.96,1362.69,774.27,36.23,0,,5,8
ORD14300,CUST3973,2024-11-13,November,Q4,Home & Kitchen,Furniture,Mumbai,Email,COD,3,13004.72,0,0.0,39014.16,21971.99,17042.17,43.68,0,,4,11
ORD14301,CUST3742,2024-11-13,November,Q4,Electronics,Camera,Delhi,Organic Search,UPI,5,23810.16,5,5952.54,113098.26,78810.97,34287.29,30.32,0,,4,11
ORD14302,CUST2312,2024-11-13,November,Q4,Toys,Dolls,Bangalore,Social Media,UPI,2,773.93,0,0.0,1547.86,810.58,737.28,47.63,0,,2,11
ORD14303,CUST1986,2024-11-13,November,Q4,Sports,Sportswear,Pune,Organic Search,Net Banking,3,4889.34,5,733.4,13934.62,6734.93,7199.69,51.67,0,,1,8
ORD14304,CUST3636,2024-11-13,November,Q4,Home & Kitchen,Decor,Bangalore,Organic Search,Debit Card,1,13602.19,10,1360.22,12241.97,9112.73,3129.24,25.56,0,,4,8
ORD14305,CUST3440,2024-11-13,November,Q4,Sports,Outdoor,Chennai,Paid Ads,UPI,1,1036.07,5,51.8,984.27,679.93,304.34,30.92,0,,4,1
ORD14306,CUST1505,2024-11-13,November,Q4,Electronics,Camera,Mumbai,Social Media,UPI,1,33502.58,10,3350.26,30152.32,18146.34,12005.98,39.82,0,,4,7
ORD14307,CUST1602,2024-11-13,November,Q4,Home & Kitchen,Appliances,Delhi,Organic Search,Debit Card,1,14244.86,0,0.0,14244.86,7070.62,7174.24,50.36,0,,5,4
ORD14308,CUST3198,2024-11-14,November,Q4,Beauty,Haircare,Chennai,Organic Search,Credit Card,1,1615.66,10,161.57,1454.09,999.91,454.19,31.24,0,,1,6
ORD14309,CUST2869,2024-11-14,November,Q4,Sports,Outdoor,Mumbai,Organic Search,COD,2,2639.74,20,1055.9,4223.58,2479.72,1743.86,41.29,0,,4,4
ORD14310,CUST3057,2024-11-14,November,Q4,Sports,Sportswear,Delhi,Organic Search,UPI,1,6458.53,0,0.0,6458.53,3590.55,2867.98,44.41,0,,5,5
ORD14311,CUST3099,2024-11-14,November,Q4,Fashion,Footwear,Delhi,Organic Search,COD,2,2011.5,10,402.3,3620.7,1896.71,1723.99,47.61,0,,4,5
ORD14312,CUST3707,2024-11-14,November,Q4,Toys,Dolls,Delhi,Paid Ads,UPI,1,2247.19,10,224.72,2022.47,1347.14,675.33,33.39,0,,4,1
ORD14313,CUST2046,2024-11-14,November,Q4,Electronics,Tablet,Chennai,Social Media,Credit Card,1,6898.23,10,689.82,6208.41,3151.13,3057.28,49.24,0,,4,6
ORD14314,CUST3207,2024-11-14,November,Q4,Books,Children,Delhi,Paid Ads,Debit Card,1,436.34,5,21.82,414.52,264.99,149.53,36.07,0,,4,10
ORD14315,CUST2581,2024-11-14,November,Q4,Toys,Educational,Hyderabad,Email,Debit Card,1,2577.24,10,257.72,2319.52,1593.51,726.0,31.3,0,,2,8
ORD14316,CUST3548,2024-11-14,November,Q4,Electronics,Camera,Mumbai,Email,Net Banking,1,50124.5,0,0.0,50124.5,28660.49,21464.01,42.82,0,,2,5
ORD14317,CUST3326,2024-11-15,November,Q4,Beauty,Fragrance,Pune,Organic Search,Credit Card,2,1005.86,5,100.59,1911.13,993.29,917.84,48.03,1,Wrong Item,3,10
ORD14318,CUST3372,2024-11-15,November,Q4,Electronics,Camera,Delhi,Organic Search,Net Banking,1,17082.35,10,1708.24,15374.11,8120.07,7254.05,47.18,0,,5,6
ORD14319,CUST2743,2024-11-15,November,Q4,Fashion,Mens Clothing,Hyderabad,Direct,Net Banking,1,2962.06,0,0.0,2962.06,1564.92,1397.14,47.17,0,,3,5
ORD14320,CUST3401,2024-11-15,November,Q4,Home & Kitchen,Furniture,Chennai,Organic Search,Net Banking,2,5309.26,10,1061.85,9556.67,6013.29,3543.38,37.08,0,,5,1
ORD14321,CUST3161,2024-11-15,November,Q4,Home & Kitchen,Furniture,Delhi,Organic Search,UPI,1,2381.39,15,357.21,2024.18,1453.96,570.22,28.17,0,,5,5
ORD14322,CUST3107,2024-11-15,November,Q4,Toys,Board Games,Kolkata,Organic Search,Net Banking,1,475.85,15,71.38,404.47,214.28,190.19,47.02,0,,4,2
ORD14323,CUST1634,2024-11-15,November,Q4,Beauty,Fragrance,Hyderabad,Social Media,Debit Card,1,1650.53,0,0.0,1650.53,1036.15,614.38,37.22,0,,5,4
ORD14324,CUST3828,2024-11-15,November,Q4,Home & Kitchen,Furniture,Bangalore,Social Media,Credit Card,1,1047.96,30,314.39,733.57,658.31,75.27,10.26,0,,1,2
ORD14325,CUST3452,2024-11-15,November,Q4,Sports,Outdoor,Mumbai,Referral,Credit Card,2,7344.58,10,1468.92,13220.24,8242.59,4977.65,37.65,0,,4,8
ORD14326,CUST1249,2024-11-15,November,Q4,Toys,Board Games,Ahmedabad,Direct,Net Banking,3,2255.01,5,338.25,6426.78,3625.05,2801.73,43.59,0,,5,7
ORD14327,CUST2253,2024-11-16,November,Q4,Electronics,Headphones,Chennai,Paid Ads,Credit Card,2,29124.22,0,0.0,58248.44,38477.59,19770.85,33.94,0,,1,9
ORD14328,CUST2288,2024-11-16,November,Q4,Toys,Dolls,Delhi,Paid Ads,UPI,1,403.76,10,40.38,363.38,260.89,102.5,28.21,1,Changed Mind,3,4
ORD14329,CUST2971,2024-11-16,November,Q4,Electronics,Tablet,Delhi,Paid Ads,Credit Card,2,72613.97,20,29045.59,116182.35,101052.36,15129.99,13.02,0,,2,5
ORD14330,CUST3370,2024-11-16,November,Q4,Sports,Sportswear,Pune,Organic Search,Debit Card,1,7001.01,10,700.1,6300.91,3801.43,2499.48,39.67,0,,4,9
ORD14331,CUST3879,2024-11-16,November,Q4,Fashion,Womens Clothing,Chennai,Organic Search,Credit Card,1,526.56,15,78.98,447.58,356.33,91.25,20.39,0,,2,9
ORD14332,CUST1544,2024-11-16,November,Q4,Electronics,Headphones,Pune,Organic Search,COD,1,5256.57,5,262.83,4993.74,2480.32,2513.43,50.33,0,,4,2
ORD14333,CUST2963,2024-11-16,November,Q4,Fashion,Footwear,Bangalore,Organic Search,UPI,2,762.88,5,76.29,1449.47,843.54,605.93,41.8,0,,5,11
ORD14334,CUST1428,2024-11-16,November,Q4,Beauty,Skincare,Chennai,Organic Search,COD,2,1285.08,0,0.0,2570.16,1455.59,1114.57,43.37,0,,3,1
ORD14335,CUST2123,2024-11-16,November,Q4,Fashion,Womens Clothing,Bangalore,Paid Ads,UPI,2,3051.3,15,915.39,5187.21,3418.79,1768.42,34.09,0,,5,3
ORD14336,CUST2840,2024-11-16,November,Q4,Electronics,Mobile,Delhi,Referral,Net Banking,2,69275.23,5,6927.52,131622.94,83999.62,47623.32,36.18,0,,2,10
ORD14337,CUST3789,2024-11-16,November,Q4,Home & Kitchen,Decor,Hyderabad,Social Media,UPI,1,11622.9,0,0.0,11622.9,5724.88,5898.02,50.74,0,,3,1
ORD14338,CUST1563,2024-11-16,November,Q4,Books,Children,Ahmedabad,Referral,UPI,1,172.88,5,8.64,164.24,115.24,48.99,29.83,0,,3,6
ORD14339,CUST2039,2024-11-16,November,Q4,Fashion,Footwear,Delhi,Paid Ads,UPI,2,2955.12,20,1182.05,4728.19,3474.87,1253.32,26.51,0,,5,8
ORD14340,CUST2543,2024-11-17,November,Q4,Fashion,Womens Clothing,Bangalore,Paid Ads,UPI,2,589.07,15,176.72,1001.42,796.48,204.93,20.46,0,,5,4
ORD14341,CUST1952,2024-11-17,November,Q4,Fashion,Mens Clothing,Chennai,Paid Ads,COD,2,4207.99,5,420.8,7995.18,3792.73,4202.45,52.56,1,Damaged Product,3,11
ORD14342,CUST1149,2024-11-17,November,Q4,Electronics,Tablet,Hyderabad,Organic Search,UPI,1,40732.12,25,10183.03,30549.09,24744.64,5804.45,19.0,0,,2,4
ORD14343,CUST1366,2024-11-17,November,Q4,Sports,Sportswear,Pune,Organic Search,COD,2,5929.17,0,0.0,11858.34,6559.02,5299.32,44.69,0,,5,11
ORD14344,CUST3985,2024-11-17,November,Q4,Sports,Sportswear,Pune,Referral,UPI,1,4167.52,0,0.0,4167.52,2401.64,1765.88,42.37,0,,4,10
ORD14345,CUST3450,2024-11-17,November,Q4,Home & Kitchen,Decor,Mumbai,Referral,Credit Card,2,10535.66,0,0.0,21071.32,13400.33,7670.99,36.4,1,Size Issue,3,1
ORD14346,CUST3213,2024-11-17,November,Q4,Fashion,Accessories,Ahmedabad,Organic Search,UPI,1,2240.45,0,0.0,2240.45,1135.43,1105.02,49.32,0,,4,9
ORD14347,CUST2561,2024-11-17,November,Q4,Sports,Outdoor,Chennai,Organic Search,Credit Card,4,9147.29,0,0.0,36589.16,18339.4,18249.76,49.88,0,,5,10
ORD14348,CUST3910,2024-11-17,November,Q4,Home & Kitchen,Appliances,Kolkata,Paid Ads,UPI,1,4174.9,15,626.23,3548.66,2612.45,936.21,26.38,0,,2,8
ORD14349,CUST2034,2024-11-17,November,Q4,Sports,Outdoor,Hyderabad,Organic Search,UPI,2,5160.34,10,1032.07,9288.61,5989.52,3299.09,35.52,0,,2,3
ORD14350,CUST1716,2024-11-17,November,Q4,Beauty,Fragrance,Kolkata,Paid Ads,Net Banking,2,900.12,10,180.02,1620.22,915.26,704.96,43.51,0,,3,3
ORD14351,CUST2096,2024-11-17,November,Q4,Sports,Outdoor,Mumbai,Organic Search,Credit Card,1,9811.25,15,1471.69,8339.56,5602.27,2737.29,32.82,0,,4,10
ORD14352,CUST1541,2024-11-17,November,Q4,Home & Kitchen,Appliances,Delhi,Paid Ads,Credit Card,1,9841.11,15,1476.17,8364.94,5559.14,2805.8,33.54,0,,3,4
ORD14353,CUST1834,2024-11-17,November,Q4,Fashion,Footwear,Kolkata,Organic Search,Credit Card,2,2656.08,0,0.0,5312.16,3308.74,2003.42,37.71,0,,5,4
ORD14354,CUST3280,2024-11-18,November,Q4,Toys,Educational,Delhi,Paid Ads,Debit Card,1,2726.16,10,272.62,2453.54,1228.59,1224.96,49.93,0,,5,2
ORD14355,CUST3657,2024-11-18,November,Q4,Home & Kitchen,Appliances,Mumbai,Organic Search,COD,1,7249.97,10,725.0,6524.97,4325.99,2198.99,33.7,0,,4,4
ORD14356,CUST1927,2024-11-18,November,Q4,Home & Kitchen,Cookware,Pune,Paid Ads,COD,5,13288.11,25,16610.14,49830.41,39958.64,9871.77,19.81,0,,2,2
ORD14357,CUST3426,2024-11-18,November,Q4,Fashion,Womens Clothing,Pune,Referral,UPI,2,1507.28,0,0.0,3014.56,1918.4,1096.16,36.36,0,,5,11
ORD14358,CUST2841,2024-11-18,November,Q4,Home & Kitchen,Appliances,Mumbai,Paid Ads,COD,1,4873.46,0,0.0,4873.46,3276.46,1597.0,32.77,0,,4,11
ORD14359,CUST1666,2024-11-18,November,Q4,Home & Kitchen,Furniture,Kolkata,Direct,Debit Card,2,11179.9,15,3353.97,19005.83,12522.55,6483.28,34.11,0,,4,7
ORD14360,CUST3135,2024-11-18,November,Q4,Electronics,Headphones,Chennai,Direct,Credit Card,1,77227.98,15,11584.2,65643.78,41365.63,24278.16,36.98,0,,5,5
ORD14361,CUST1964,2024-11-18,November,Q4,Electronics,Mobile,Bangalore,Referral,Credit Card,3,34133.88,0,0.0,102401.64,48700.18,53701.46,52.44,0,,5,7
ORD14362,CUST1975,2024-11-18,November,Q4,Home & Kitchen,Decor,Pune,Email,COD,2,4452.4,10,890.48,8014.32,4757.02,3257.3,40.64,0,,4,6
ORD14363,CUST3326,2024-11-18,November,Q4,Sports,Fitness Equipment,Bangalore,Social Media,UPI,3,2023.01,0,0.0,6069.03,2834.97,3234.06,53.29,0,,4,2
ORD14364,CUST1422,2024-11-19,November,Q4,Home & Kitchen,Decor,Mumbai,Direct,UPI,1,11308.08,30,3392.42,7915.66,7358.22,557.43,7.04,0,,2,2
ORD14365,CUST1618,2024-11-19,November,Q4,Fashion,Mens Clothing,Delhi,Organic Search,Debit Card,2,2442.81,0,0.0,4885.62,3184.21,1701.41,34.82,0,,5,1
ORD14366,CUST1461,2024-11-19,November,Q4,Beauty,Makeup,Bangalore,Paid Ads,Debit Card,1,1039.6,0,0.0,1039.6,576.26,463.34,44.57,0,,5,1
ORD14367,CUST3646,2024-11-19,November,Q4,Electronics,Laptop,Bangalore,Referral,Net Banking,1,8191.62,0,0.0,8191.62,4217.95,3973.67,48.51,0,,4,5
ORD14368,CUST3701,2024-11-19,November,Q4,Fashion,Mens Clothing,Pune,Email,Credit Card,2,2346.67,5,234.67,4458.67,2250.48,2208.19,49.53,0,,5,5
ORD14369,CUST3251,2024-11-19,November,Q4,Electronics,Mobile,Pune,Referral,UPI,1,70985.38,0,0.0,70985.38,47049.77,23935.61,33.72,0,,5,7
ORD14370,CUST3047,2024-11-19,November,Q4,Electronics,Mobile,Hyderabad,Email,Debit Card,2,68876.27,15,20662.88,117089.66,92207.94,24881.72,21.25,0,,3,1
ORD14371,CUST1123,2024-11-19,November,Q4,Fashion,Footwear,Pune,Direct,Credit Card,3,4943.7,20,2966.22,11864.88,7661.34,4203.54,35.43,0,,4,5
ORD14372,CUST2605,2024-11-19,November,Q4,Fashion,Mens Clothing,Mumbai,Email,UPI,1,1062.61,0,0.0,1062.61,643.35,419.26,39.46,0,,3,2
ORD14373,CUST1643,2024-11-20,November,Q4,Electronics,Camera,Mumbai,Email,Debit Card,1,51987.49,10,5198.75,46788.74,26756.06,20032.68,42.82,0,,5,10
ORD14374,CUST3320,2024-11-20,November,Q4,Fashion,Womens Clothing,Kolkata,Social Media,UPI,2,1436.45,0,0.0,2872.9,1454.5,1418.4,49.37,0,,3,1
ORD14375,CUST1860,2024-11-20,November,Q4,Home & Kitchen,Decor,Mumbai,Referral,UPI,4,6562.25,5,1312.45,24936.55,11951.22,12985.33,52.07,0,,4,7
ORD14376,CUST1706,2024-11-20,November,Q4,Home & Kitchen,Furniture,Delhi,Direct,UPI,2,13347.43,0,0.0,26694.86,15864.48,10830.38,40.57,0,,4,3
ORD14377,CUST3117,2024-11-20,November,Q4,Fashion,Footwear,Chennai,Direct,UPI,2,2572.62,0,0.0,5145.24,2508.23,2637.01,51.25,0,,1,11
ORD14378,CUST3108,2024-11-20,November,Q4,Sports,Outdoor,Bangalore,Social Media,UPI,1,4796.96,10,479.7,4317.26,2173.47,2143.8,49.66,0,,2,9
ORD14379,CUST1202,2024-11-20,November,Q4,Electronics,Headphones,Kolkata,Paid Ads,Debit Card,1,76428.06,0,0.0,76428.06,36396.02,40032.04,52.38,0,,4,5
ORD14380,CUST3915,2024-11-20,November,Q4,Home & Kitchen,Decor,Delhi,Organic Search,UPI,2,7381.94,20,2952.78,11811.1,7801.86,4009.25,33.94,0,,3,5
ORD14381,CUST3367,2024-11-20,November,Q4,Electronics,Laptop,Mumbai,Referral,UPI,1,30335.1,15,4550.27,25784.84,18725.58,7059.26,27.38,0,,4,5
ORD14382,CUST3281,2024-11-20,November,Q4,Electronics,Camera,Delhi,Social Media,Credit Card,3,54903.01,15,24706.35,140002.68,82462.53,57540.15,41.1,0,,4,9
ORD14383,CUST1868,2024-11-20,November,Q4,Home & Kitchen,Furniture,Hyderabad,Paid Ads,COD,1,2690.23,25,672.56,2017.67,1807.56,210.11,10.41,0,,4,10
ORD14384,CUST1687,2024-11-20,November,Q4,Home & Kitchen,Decor,Delhi,Organic Search,UPI,1,8325.1,25,2081.28,6243.83,4346.72,1897.11,30.38,0,,4,1
ORD14385,CUST1596,2024-11-20,November,Q4,Books,Fiction,Bangalore,Direct,COD,2,309.9,10,61.98,557.82,330.23,227.59,40.8,0,,4,5
ORD14386,CUST1496,2024-11-20,November,Q4,Home & Kitchen,Decor,Kolkata,Direct,COD,2,10918.78,10,2183.76,19653.8,11016.92,8636.88,43.95,0,,3,10
ORD14387,CUST1183,2024-11-20,November,Q4,Toys,Educational,Kolkata,Email,Debit Card,2,1834.64,5,183.46,3485.82,1884.0,1601.82,45.95,0,,4,6
ORD14388,CUST1479,2024-11-20,November,Q4,Electronics,Headphones,Delhi,Social Media,UPI,4,76100.38,15,45660.23,258741.29,142622.39,116118.9,44.88,0,,4,9
ORD14389,CUST1061,2024-11-21,November,Q4,Electronics,Tablet,Bangalore,Paid Ads,Debit Card,5,59698.01,10,29849.0,268641.04,156317.04,112324.0,41.81,0,,5,3
ORD14390,CUST1758,2024-11-21,November,Q4,Electronics,Tablet,Hyderabad,Paid Ads,Debit Card,4,63809.43,25,63809.43,191428.29,169708.67,21719.62,11.35,0,,3,1
ORD14391,CUST1942,2024-11-21,November,Q4,Electronics,Camera,Ahmedabad,Organic Search,COD,3,32256.12,0,0.0,96768.36,60200.19,36568.17,37.79,1,Wrong Item,4,11
ORD14392,CUST1719,2024-11-21,November,Q4,Home & Kitchen,Cookware,Ahmedabad,Direct,UPI,2,7379.94,5,737.99,14021.89,9871.66,4150.23,29.6,0,,3,11
ORD14393,CUST1008,2024-11-21,November,Q4,Beauty,Fragrance,Delhi,Organic Search,Credit Card,2,2614.83,5,261.48,4968.18,2490.44,2477.74,49.87,0,,3,8
ORD14394,CUST1066,2024-11-21,November,Q4,Electronics,Camera,Chennai,Social Media,UPI,1,64405.87,20,12881.17,51524.7,36318.74,15205.96,29.51,0,,4,9
ORD14395,CUST1258,2024-11-21,November,Q4,Toys,Board Games,Delhi,Social Media,Net Banking,1,1312.0,0,0.0,1312.0,665.6,646.4,49.27,0,,3,11
ORD14396,CUST3833,2024-11-21,November,Q4,Sports,Outdoor,Mumbai,Social Media,UPI,1,3415.54,10,341.55,3073.99,2152.83,921.16,29.97,0,,4,6
ORD14397,CUST3138,2024-11-21,November,Q4,Fashion,Womens Clothing,Mumbai,Referral,UPI,1,2267.73,5,113.39,2154.34,1570.54,583.81,27.1,0,,5,5
ORD14398,CUST2580,2024-11-21,November,Q4,Electronics,Laptop,Bangalore,Organic Search,UPI,1,40267.43,0,0.0,40267.43,26328.45,13938.98,34.62,0,,3,8
ORD14399,CUST2889,2024-11-21,November,Q4,Electronics,Laptop,Bangalore,Email,Debit Card,1,45712.15,5,2285.61,43426.54,20973.63,22452.91,51.7,0,,4,6
ORD14400,CUST2777,2024-11-21,November,Q4,Electronics,Tablet,Mumbai,Organic Search,Debit Card,3,38923.99,10,11677.2,105094.77,61791.63,43303.14,41.2,0,,5,6
ORD14401,CUST2554,2024-11-21,November,Q4,Electronics,Laptop,Chennai,Organic Search,UPI,3,72850.7,0,0.0,218552.1,99909.98,118642.12,54.29,0,,3,9
ORD14402,CUST1469,2024-11-21,November,Q4,Home & Kitchen,Appliances,Delhi,Paid Ads,UPI,1,14371.41,10,1437.14,12934.27,6611.45,6322.82,48.88,0,,4,9
ORD14403,CUST1185,2024-11-22,November,Q4,Fashion,Accessories,Hyderabad,Organic Search,UPI,1,4415.5,25,1103.88,3311.62,2074.75,1236.88,37.35,0,,2,1
ORD14404,CUST1122,2024-11-22,November,Q4,Fashion,Footwear,Delhi,Email,UPI,3,2354.53,30,2119.08,4944.51,3666.58,1277.93,25.85,0,,4,2
ORD14405,CUST3080,2024-11-22,November,Q4,Toys,Action Figures,Mumbai,Social Media,UPI,3,838.41,10,251.52,2263.71,1323.14,940.57,41.55,0,,4,1
ORD14406,CUST3586,2024-11-22,November,Q4,Beauty,Makeup,Bangalore,Organic Search,Debit Card,4,1145.51,10,458.2,4123.84,2520.64,1603.19,38.88,1,Late Delivery,4,2
ORD14407,CUST3444,2024-11-22,November,Q4,Toys,Board Games,Delhi,Organic Search,Credit Card,5,2702.8,0,0.0,13514.0,7449.36,6064.64,44.88,0,,4,3
ORD14408,CUST3750,2024-11-22,November,Q4,Electronics,Tablet,Bangalore,Social Media,Debit Card,5,54473.86,30,81710.79,190658.51,175093.22,15565.29,8.16,1,Size Issue,5,2
ORD14409,CUST3286,2024-11-22,November,Q4,Fashion,Accessories,Mumbai,Email,UPI,1,4717.05,0,0.0,4717.05,2289.42,2427.63,51.46,0,,1,6
ORD14410,CUST3771,2024-11-22,November,Q4,Home & Kitchen,Furniture,Bangalore,Paid Ads,Debit Card,1,6931.33,10,693.13,6238.2,3392.44,2845.76,45.62,0,,5,4
ORD14411,CUST2969,2024-11-22,November,Q4,Electronics,Tablet,Mumbai,Social Media,UPI,2,75739.95,0,0.0,151479.9,91894.87,59585.03,39.34,1,Size Issue,3,5
ORD14412,CUST3928,2024-11-22,November,Q4,Electronics,Tablet,Chennai,Email,Credit Card,1,6787.65,5,339.38,6448.27,4024.64,2423.63,37.59,0,,2,10
ORD14413,CUST2582,2024-11-22,November,Q4,Beauty,Skincare,Chennai,Social Media,UPI,3,778.07,0,0.0,2334.21,1140.26,1193.95,51.15,0,,5,9
ORD14414,CUST1498,2024-11-22,November,Q4,Beauty,Makeup,Mumbai,Organic Search,Debit Card,1,1788.7,15,268.3,1520.4,1186.03,334.37,21.99,0,,5,2
ORD14415,CUST1045,2024-11-22,November,Q4,Fashion,Womens Clothing,Bangalore,Social Media,UPI,2,1275.53,10,255.11,2295.95,1357.84,938.11,40.86,0,,5,3
ORD14416,CUST3243,2024-11-22,November,Q4,Home & Kitchen,Furniture,Mumbai,Social Media,Debit Card,1,14767.58,10,1476.76,13290.82,8000.22,5290.61,39.81,0,,2,10
ORD14417,CUST1342,2024-11-22,November,Q4,Fashion,Footwear,Hyderabad,Email,Debit Card,1,3562.84,0,0.0,3562.84,1977.79,1585.05,44.49,0,,5,1
ORD14418,CUST2210,2024-11-23,November,Q4,Electronics,Mobile,Delhi,Social Media,COD,2,62693.0,20,25077.2,100308.8,66539.27,33769.53,33.67,1,Size Issue,4,2
ORD14419,CUST1775,2024-11-23,November,Q4,Fashion,Accessories,Bangalore,Referral,Credit Card,4,3385.57,0,0.0,13542.28,7981.33,5560.95,41.06,1,Not as Described,5,1
ORD14420,CUST2526,2024-11-23,November,Q4,Electronics,Headphones,Bangalore,Organic Search,UPI,1,48130.19,5,2406.51,45723.68,26335.01,19388.67,42.4,0,,5,9
ORD14421,CUST2571,2024-11-23,November,Q4,Electronics,Headphones,Kolkata,Referral,Net Banking,4,65062.76,15,39037.66,221213.38,133992.51,87220.88,39.43,1,Late Delivery,3,3
ORD14422,CUST1380,2024-11-23,November,Q4,Toys,Board Games,Hyderabad,Social Media,UPI,3,706.84,25,530.13,1590.39,1433.72,156.67,9.85,1,Wrong Item,4,3
ORD14423,CUST2182,2024-11-23,November,Q4,Home & Kitchen,Appliances,Hyderabad,Social Media,COD,2,5294.17,0,0.0,10588.34,5580.98,5007.36,47.29,0,,5,7
ORD14424,CUST1252,2024-11-23,November,Q4,Beauty,Fragrance,Bangalore,Organic Search,Credit Card,2,887.96,10,177.59,1598.33,1109.28,489.05,30.6,0,,4,1
ORD14425,CUST3967,2024-11-23,November,Q4,Fashion,Accessories,Ahmedabad,Paid Ads,UPI,2,3823.1,10,764.62,6881.58,4104.53,2777.05,40.35,0,,2,9
ORD14426,CUST1963,2024-11-23,November,Q4,Fashion,Footwear,Pune,Email,UPI,1,3931.79,20,786.36,3145.43,2197.1,948.33,30.15,1,Not as Described,2,7
ORD14427,CUST3265,2024-11-23,November,Q4,Fashion,Footwear,Delhi,Email,Credit Card,1,2690.08,0,0.0,2690.08,1369.21,1320.87,49.1,1,Not as Described,4,9
ORD14428,CUST2185,2024-11-23,November,Q4,Electronics,Camera,Pune,Organic Search,Debit Card,3,50776.85,5,7616.53,144714.02,97199.44,47514.58,32.83,0,,3,8
ORD14429,CUST2307,2024-11-23,November,Q4,Electronics,Mobile,Bangalore,Social Media,Debit Card,2,62254.45,0,0.0,124508.9,78976.1,45532.8,36.57,1,Changed Mind,3,5
ORD14430,CUST3661,2024-11-23,November,Q4,Sports,Sportswear,Pune,Organic Search,UPI,1,5540.59,0,0.0,5540.59,2524.07,3016.52,54.44,1,Damaged Product,4,3
ORD14431,CUST1999,2024-11-23,November,Q4,Beauty,Skincare,Pune,Referral,Net Banking,2,1958.64,0,0.0,3917.28,1821.73,2095.55,53.5,0,,3,11
ORD14432,CUST3626,2024-11-23,November,Q4,Home & Kitchen,Furniture,Mumbai,Direct,Credit Card,1,1301.28,30,390.38,910.9,885.64,25.25,2.77,1,Damaged Product,1,9
ORD14433,CUST1348,2024-11-23,November,Q4,Home & Kitchen,Furniture,Chennai,Organic Search,Debit Card,1,2178.32,0,0.0,2178.32,1464.28,714.04,32.78,0,,3,5
ORD14434,CUST3415,2024-11-23,November,Q4,Books,Academic,Delhi,Direct,Debit Card,1,192.48,25,48.12,144.36,110.97,33.39,23.13,0,,5,9
ORD14435,CUST3090,2024-11-23,November,Q4,Electronics,Camera,Delhi,Direct,UPI,1,6609.96,0,0.0,6609.96,3789.75,2820.21,42.67,0,,1,3
ORD14436,CUST1194,2024-11-23,November,Q4,Fashion,Accessories,Delhi,Paid Ads,UPI,1,4640.77,25,1160.19,3480.58,3030.91,449.66,12.92,1,Damaged Product,5,6
ORD14437,CUST2976,2024-11-23,November,Q4,Fashion,Accessories,Chennai,Email,Debit Card,1,4412.59,15,661.89,3750.7,2138.4,1612.31,42.99,0,,5,2
ORD14438,CUST2131,2024-11-24,November,Q4,Sports,Fitness Equipment,Delhi,Paid Ads,Credit Card,2,3649.33,0,0.0,7298.66,4477.18,2821.48,38.66,0,,4,3
ORD14439,CUST2724,2024-11-24,November,Q4,Toys,Dolls,Mumbai,Social Media,UPI,1,542.86,10,54.29,488.57,308.89,179.69,36.78,0,,3,2
ORD14440,CUST3254,2024-11-24,November,Q4,Fashion,Mens Clothing,Chennai,Paid Ads,COD,1,4692.03,5,234.6,4457.43,2983.35,1474.08,33.07,0,,5,2
ORD14441,CUST3627,2024-11-24,November,Q4,Books,Children,Mumbai,Paid Ads,UPI,1,381.85,5,19.09,362.76,174.71,188.05,51.84,0,,4,5
ORD14442,CUST1566,2024-11-24,November,Q4,Sports,Fitness Equipment,Mumbai,Paid Ads,UPI,1,7564.05,5,378.2,7185.85,4524.67,2661.17,37.03,0,,3,10
ORD14443,CUST1798,2024-11-24,November,Q4,Fashion,Accessories,Delhi,Organic Search,Credit Card,1,4810.8,5,240.54,4570.26,2834.44,1735.82,37.98,0,,4,4
ORD14444,CUST2289,2024-11-24,November,Q4,Fashion,Mens Clothing,Delhi,Direct,Credit Card,1,1884.03,15,282.6,1601.43,1243.86,357.57,22.33,0,,3,11
ORD14445,CUST2267,2024-11-24,November,Q4,Fashion,Footwear,Bangalore,Paid Ads,Credit Card,1,797.1,15,119.56,677.54,493.57,183.96,27.15,0,,4,4
ORD14446,CUST2673,2024-11-24,November,Q4,Toys,Dolls,Mumbai,Paid Ads,Debit Card,3,1982.73,5,297.41,5650.78,3985.53,1665.25,29.47,0,,4,8
ORD14447,CUST3411,2024-11-24,November,Q4,Electronics,Headphones,Ahmedabad,Direct,Net Banking,1,28662.5,25,7165.62,21496.88,19255.99,2240.88,10.42,0,,4,6
ORD14448,CUST2295,2024-11-24,November,Q4,Sports,Fitness Equipment,Chennai,Paid Ads,UPI,1,9092.89,25,2273.22,6819.67,5019.65,1800.02,26.39,0,,4,10
ORD14449,CUST3770,2024-11-24,November,Q4,Fashion,Womens Clothing,Delhi,Social Media,Credit Card,1,2509.78,0,0.0,2509.78,1215.63,1294.15,51.56,0,,5,2
ORD14450,CUST1400,2024-11-24,November,Q4,Beauty,Skincare,Delhi,Referral,Debit Card,1,1148.14,0,0.0,1148.14,697.58,450.56,39.24,0,,4,1
ORD14451,CUST1142,2024-11-24,November,Q4,Fashion,Womens Clothing,Bangalore,Direct,Debit Card,2,1288.48,5,128.85,2448.11,1722.53,725.58,29.64,1,Late Delivery,4,5
ORD14452,CUST1014,2024-11-25,November,Q4,Home & Kitchen,Cookware,Hyderabad,Organic Search,UPI,1,5106.01,10,510.6,4595.41,2393.38,2202.03,47.92,0,,5,7
ORD14453,CUST1813,2024-11-25,November,Q4,Sports,Sportswear,Mumbai,Paid Ads,Debit Card,1,8122.19,0,0.0,8122.19,4787.88,3334.31,41.05,0,,4,5
ORD14454,CUST1069,2024-11-25,November,Q4,Sports,Sportswear,Mumbai,Referral,Debit Card,1,2018.22,0,0.0,2018.22,966.22,1052.0,52.13,0,,4,4
ORD14455,CUST2872,2024-11-25,November,Q4,Books,Children,Kolkata,Paid Ads,UPI,2,722.36,15,216.71,1228.01,659.87,568.14,46.26,0,,5,5
ORD14456,CUST2655,2024-11-25,November,Q4,Electronics,Mobile,Delhi,Paid Ads,Credit Card,1,17244.26,10,1724.43,15519.83,10689.87,4829.96,31.12,0,,5,11
ORD14457,CUST1747,2024-11-25,November,Q4,Beauty,Haircare,Bangalore,Organic Search,Credit Card,2,531.63,0,0.0,1063.26,659.71,403.55,37.95,0,,4,10
ORD14458,CUST1014,2024-11-25,November,Q4,Electronics,Laptop,Kolkata,Organic Search,Credit Card,1,73267.36,20,14653.47,58613.89,43972.47,14641.42,24.98,0,,3,8
ORD14459,CUST2515,2024-11-25,November,Q4,Fashion,Mens Clothing,Chennai,Email,Debit Card,1,2343.56,15,351.53,1992.03,1558.01,434.01,21.79,0,,4,5
ORD14460,CUST2142,2024-11-25,November,Q4,Home & Kitchen,Appliances,Delhi,Email,Credit Card,2,8775.63,5,877.56,16673.7,8252.94,8420.76,50.5,0,,4,9
ORD14461,CUST2349,2024-11-25,November,Q4,Fashion,Footwear,Chennai,Referral,Debit Card,2,3329.07,15,998.72,5659.42,3171.37,2488.05,43.96,0,,4,10
ORD14462,CUST3409,2024-11-25,November,Q4,Home & Kitchen,Furniture,Mumbai,Email,UPI,2,10738.05,0,0.0,21476.1,14305.96,7170.14,33.39,0,,3,7
ORD14463,CUST2553,2024-11-25,November,Q4,Toys,Board Games,Chennai,Organic Search,UPI,1,1059.33,10,105.93,953.4,609.98,343.41,36.02,1,Late Delivery,4,11
ORD14464,CUST2792,2024-11-25,November,Q4,Electronics,Headphones,Bangalore,Organic Search,UPI,1,68599.6,0,0.0,68599.6,35552.65,33046.95,48.17,0,,4,11
ORD14465,CUST1305,2024-11-26,November,Q4,Beauty,Skincare,Pune,Referral,COD,1,898.29,0,0.0,898.29,570.0,328.29,36.55,0,,3,2
ORD14466,CUST2357,2024-11-26,November,Q4,Fashion,Accessories,Ahmedabad,Paid Ads,Debit Card,2,1010.12,5,101.01,1919.23,1360.84,558.39,29.09,0,,5,9
ORD14467,CUST1080,2024-11-26,November,Q4,Electronics,Mobile,Kolkata,Paid Ads,COD,2,75905.14,0,0.0,151810.28,94486.84,57323.44,37.76,0,,5,2
ORD14468,CUST3822,2024-11-26,November,Q4,Electronics,Headphones,Kolkata,Direct,Debit Card,1,73188.86,10,7318.89,65869.97,47425.15,18444.83,28.0,0,,5,6
ORD14469,CUST1188,2024-11-26,November,Q4,Toys,Action Figures,Bangalore,Social Media,Debit Card,2,562.09,15,168.63,955.55,585.28,370.28,38.75,1,Late Delivery,4,8
ORD14470,CUST2785,2024-11-26,November,Q4,Books,Non-Fiction,Delhi,Organic Search,Debit Card,2,175.6,0,0.0,351.2,183.39,167.81,47.78,0,,4,2
ORD14471,CUST2772,2024-11-26,November,Q4,Books,Academic,Bangalore,Direct,Credit Card,1,722.15,0,0.0,722.15,480.97,241.18,33.4,0,,5,6
ORD14472,CUST3737,2024-11-26,November,Q4,Toys,Dolls,Chennai,Referral,Net Banking,3,1576.6,15,709.47,4020.33,2855.45,1164.88,28.97,0,,4,5
ORD14473,CUST2597,2024-11-26,November,Q4,Fashion,Accessories,Kolkata,Organic Search,Credit Card,3,2645.96,0,0.0,7937.88,4036.73,3901.15,49.15,0,,4,7
ORD14474,CUST2728,2024-11-26,November,Q4,Fashion,Womens Clothing,Delhi,Direct,Debit Card,1,3952.12,5,197.61,3754.51,2296.34,1458.17,38.84,0,,2,10
ORD14475,CUST2100,2024-11-26,November,Q4,Beauty,Skincare,Kolkata,Paid Ads,Debit Card,3,1841.29,10,552.39,4971.48,3432.89,1538.59,30.95,0,,4,5
ORD14476,CUST1376,2024-11-26,November,Q4,Home & Kitchen,Furniture,Pune,Social Media,Credit Card,1,14826.38,20,2965.28,11861.1,7481.94,4379.16,36.92,0,,5,3
ORD14477,CUST1302,2024-11-26,November,Q4,Fashion,Accessories,Ahmedabad,Direct,Credit Card,2,2130.73,20,852.29,3409.17,2615.37,793.8,23.28,1,Not as Described,2,6
ORD14478,CUST1053,2024-11-26,November,Q4,Fashion,Accessories,Kolkata,Referral,Credit Card,3,2484.21,15,1117.89,6334.74,3432.21,2902.53,45.82,1,Late Delivery,4,7
ORD14479,CUST3651,2024-11-26,November,Q4,Home & Kitchen,Cookware,Delhi,Organic Search,Debit Card,1,8921.13,0,0.0,8921.13,4691.83,4229.3,47.41,0,,4,1
ORD14480,CUST2609,2024-11-26,November,Q4,Home & Kitchen,Appliances,Mumbai,Organic Search,COD,1,7152.13,15,1072.82,6079.31,4423.54,1655.77,27.24,0,,4,8
ORD14481,CUST2519,2024-11-26,November,Q4,Electronics,Laptop,Mumbai,Organic Search,Debit Card,3,6489.25,0,0.0,19467.75,9487.36,9980.39,51.27,0,,2,8
ORD14482,CUST2225,2024-11-26,November,Q4,Home & Kitchen,Furniture,Delhi,Social Media,Credit Card,1,7783.09,0,0.0,7783.09,3934.74,3848.35,49.45,0,,5,4
ORD14483,CUST1354,2024-11-26,November,Q4,Home & Kitchen,Furniture,Hyderabad,Organic Search,UPI,1,10339.02,10,1033.9,9305.12,6924.8,2380.32,25.58,1,Not as Described,1,8
ORD14484,CUST3903,2024-11-26,November,Q4,Home & Kitchen,Decor,Pune,Paid Ads,Net Banking,1,5682.37,15,852.36,4830.01,3515.0,1315.01,27.23,1,Damaged Product,5,3
ORD14485,CUST1369,2024-11-27,November,Q4,Fashion,Accessories,Kolkata,Organic Search,Credit Card,3,2028.99,0,0.0,6086.97,3498.36,2588.61,42.53,1,Damaged Product,1,5
ORD14486,CUST3883,2024-11-27,November,Q4,Beauty,Fragrance,Hyderabad,Paid Ads,Debit Card,4,438.03,0,0.0,1752.12,880.83,871.29,49.73,0,,3,3
ORD14487,CUST1920,2024-11-27,November,Q4,Electronics,Laptop,Mumbai,Organic Search,Net Banking,1,32747.61,15,4912.14,27835.47,17531.51,10303.96,37.02,0,,5,2
ORD14488,CUST2155,2024-11-27,November,Q4,Fashion,Footwear,Mumbai,Direct,Credit Card,3,1297.56,20,778.54,3114.14,2310.63,803.52,25.8,0,,5,5
ORD14489,CUST1006,2024-11-27,November,Q4,Sports,Sportswear,Mumbai,Organic Search,UPI,1,6428.3,10,642.83,5785.47,3142.33,2643.14,45.69,0,,5,8
ORD14490,CUST2830,2024-11-27,November,Q4,Home & Kitchen,Furniture,Delhi,Paid Ads,Credit Card,5,10418.7,5,2604.68,49488.82,29716.01,19772.82,39.95,0,,2,9
ORD14491,CUST3218,2024-11-27,November,Q4,Fashion,Accessories,Bangalore,Direct,Net Banking,2,4625.44,20,1850.18,7400.7,5108.74,2291.96,30.97,0,,4,5
ORD14492,CUST2326,2024-11-27,November,Q4,Beauty,Makeup,Mumbai,Email,Net Banking,1,510.72,15,76.61,434.11,290.69,143.42,33.04,0,,2,3
ORD14493,CUST1411,2024-11-27,November,Q4,Home & Kitchen,Furniture,Delhi,Organic Search,COD,1,14077.41,10,1407.74,12669.67,6706.34,5963.33,47.07,0,,3,3
ORD14494,CUST2633,2024-11-27,November,Q4,Sports,Fitness Equipment,Mumbai,Organic Search,Debit Card,1,9623.94,5,481.2,9142.74,4587.0,4555.74,49.83,0,,3,8
ORD14495,CUST3515,2024-11-27,November,Q4,Beauty,Haircare,Hyderabad,Email,Debit Card,1,751.97,0,0.0,751.97,519.63,232.34,30.9,0,,2,3
ORD14496,CUST3422,2024-11-27,November,Q4,Home & Kitchen,Appliances,Bangalore,Paid Ads,Credit Card,2,9805.96,5,980.6,18631.32,13627.18,5004.14,26.86,0,,5,9
ORD14497,CUST2101,2024-11-27,November,Q4,Home & Kitchen,Cookware,Bangalore,Email,COD,1,4951.36,0,0.0,4951.36,2755.64,2195.72,44.35,0,,2,10
ORD14498,CUST3533,2024-11-27,November,Q4,Electronics,Tablet,Bangalore,Paid Ads,COD,4,64458.64,5,12891.73,244942.83,166883.13,78059.71,31.87,0,,4,1
ORD14499,CUST2922,2024-11-27,November,Q4,Fashion,Womens Clothing,Ahmedabad,Paid Ads,Debit Card,2,4039.6,10,807.92,7271.28,4960.21,2311.07,31.78,1,Size Issue,4,1
ORD14500,CUST1171,2024-11-27,November,Q4,Fashion,Footwear,Delhi,Paid Ads,UPI,2,2096.2,0,0.0,4192.4,2009.12,2183.28,52.08,0,,3,5
ORD14501,CUST3141,2024-11-27,November,Q4,Home & Kitchen,Appliances,Bangalore,Email,Credit Card,1,14766.71,20,2953.34,11813.37,7740.26,4073.11,34.48,1,Late Delivery,5,4
ORD14502,CUST3519,2024-11-28,November,Q4,Home & Kitchen,Appliances,Chennai,Direct,Debit Card,3,7825.45,0,0.0,23476.35,12405.21,11071.14,47.16,0,,4,3
ORD14503,CUST1061,2024-11-28,November,Q4,Fashion,Accessories,Hyderabad,Organic Search,UPI,2,3298.38,10,659.68,5937.08,3951.09,1986.0,33.45,0,,5,1
ORD14504,CUST2504,2024-11-28,November,Q4,Electronics,Camera,Kolkata,Social Media,Debit Card,3,49274.21,15,22173.39,125649.24,87953.6,37695.63,30.0,0,,5,7
ORD14505,CUST3300,2024-11-28,November,Q4,Home & Kitchen,Cookware,Delhi,Organic Search,Debit Card,4,14882.17,10,5952.87,53575.81,40531.72,13044.09,24.35,0,,5,1
ORD14506,CUST1797,2024-11-28,November,Q4,Fashion,Mens Clothing,Bangalore,Paid Ads,Credit Card,1,2143.47,5,107.17,2036.3,1387.92,648.38,31.84,0,,5,6
ORD14507,CUST2760,2024-11-28,November,Q4,Beauty,Makeup,Mumbai,Direct,COD,1,907.6,10,90.76,816.84,602.84,214.0,26.2,0,,3,10
ORD14508,CUST2719,2024-11-28,November,Q4,Electronics,Tablet,Hyderabad,Paid Ads,COD,3,43506.71,20,26104.03,104416.1,87814.88,16601.23,15.9,0,,2,2
ORD14509,CUST3245,2024-11-28,November,Q4,Home & Kitchen,Decor,Delhi,Referral,Net Banking,3,14744.92,30,13270.43,30964.33,28766.71,2197.62,7.1,1,Late Delivery,4,4
ORD14510,CUST1828,2024-11-28,November,Q4,Toys,Educational,Mumbai,Social Media,UPI,2,2741.56,10,548.31,4934.81,2923.71,2011.1,40.75,1,Not as Described,4,8
ORD14511,CUST2205,2024-11-28,November,Q4,Electronics,Tablet,Hyderabad,Referral,UPI,1,6758.33,15,1013.75,5744.58,3404.53,2340.05,40.73,1,Damaged Product,5,3
ORD14512,CUST3269,2024-11-28,November,Q4,Home & Kitchen,Furniture,Bangalore,Email,Debit Card,2,5323.66,0,0.0,10647.32,6313.24,4334.08,40.71,0,,5,9
ORD14513,CUST1576,2024-11-28,November,Q4,Electronics,Tablet,Mumbai,Organic Search,Net Banking,1,17516.14,20,3503.23,14012.91,10901.91,3111.01,22.2,0,,3,5
ORD14514,CUST2547,2024-11-28,November,Q4,Home & Kitchen,Furniture,Chennai,Organic Search,UPI,1,10021.55,25,2505.39,7516.16,5478.2,2037.96,27.11,0,,1,6
ORD14515,CUST3188,2024-11-28,November,Q4,Home & Kitchen,Furniture,Hyderabad,Paid Ads,UPI,1,10747.31,10,1074.73,9672.58,7115.63,2556.95,26.44,0,,3,2
ORD14516,CUST3972,2024-11-28,November,Q4,Fashion,Accessories,Mumbai,Organic Search,UPI,1,1684.01,15,252.6,1431.41,1162.21,269.2,18.81,0,,4,1
ORD14517,CUST3324,2024-11-29,November,Q4,Home & Kitchen,Appliances,Bangalore,Paid Ads,COD,1,14945.39,10,1494.54,13450.85,8852.89,4597.97,34.18,0,,2,5
ORD14518,CUST3312,2024-11-29,November,Q4,Books,Children,Chennai,Paid Ads,Credit Card,4,369.39,0,0.0,1477.56,833.56,644.0,43.59,0,,4,1
ORD14519,CUST3547,2024-11-29,November,Q4,Electronics,Laptop,Bangalore,Referral,Credit Card,3,25462.74,20,15277.64,61110.58,50471.36,10639.22,17.41,0,,4,4
ORD14520,CUST2659,2024-11-29,November,Q4,Electronics,Camera,Bangalore,Paid Ads,UPI,4,79632.25,10,31852.9,286676.1,145270.69,141405.41,49.33,0,,3,8
ORD14521,CUST1652,2024-11-29,November,Q4,Books,Fiction,Delhi,Email,COD,3,576.85,10,173.06,1557.5,834.56,722.93,46.42,0,,4,2
ORD14522,CUST2590,2024-11-29,November,Q4,Home & Kitchen,Appliances,Hyderabad,Referral,UPI,1,10163.63,15,1524.54,8639.09,6722.37,1916.71,22.19,0,,4,6
ORD14523,CUST3485,2024-11-29,November,Q4,Books,Fiction,Ahmedabad,Direct,Debit Card,3,366.4,20,219.84,879.36,695.8,183.56,20.87,0,,4,10
ORD14524,CUST2880,2024-11-29,November,Q4,Home & Kitchen,Furniture,Chennai,Organic Search,Debit Card,4,1245.51,15,747.31,4234.73,2760.22,1474.51,34.82,0,,5,5
ORD14525,CUST1063,2024-11-29,November,Q4,Sports,Fitness Equipment,Mumbai,Paid Ads,UPI,4,8784.38,0,0.0,35137.52,23619.9,11517.62,32.78,0,,2,1
ORD14526,CUST3162,2024-11-29,November,Q4,Fashion,Footwear,Bangalore,Paid Ads,UPI,2,4669.45,10,933.89,8405.01,5023.06,3381.95,40.24,1,Damaged Product,4,8
ORD14527,CUST1958,2024-11-29,November,Q4,Beauty,Makeup,Kolkata,Paid Ads,UPI,1,229.9,30,68.97,160.93,139.89,21.04,13.08,0,,5,5
ORD14528,CUST3211,2024-11-29,November,Q4,Books,Fiction,Mumbai,Paid Ads,Debit Card,1,522.87,10,52.29,470.58,318.21,152.37,32.38,0,,4,9
ORD14529,CUST2775,2024-11-29,November,Q4,Home & Kitchen,Furniture,Ahmedabad,Direct,Net Banking,1,5098.49,25,1274.62,3823.87,2529.27,1294.59,33.86,1,Changed Mind,4,2
ORD14530,CUST3285,2024-11-29,November,Q4,Electronics,Tablet,Ahmedabad,Paid Ads,UPI,4,19973.18,20,15978.54,63914.18,41641.12,22273.06,34.85,0,,4,6
ORD14531,CUST3275,2024-11-29,November,Q4,Fashion,Accessories,Mumbai,Social Media,UPI,1,2615.54,15,392.33,2223.21,1775.96,447.25,20.12,0,,4,7
ORD14532,CUST3130,2024-11-30,November,Q4,Electronics,Camera,Ahmedabad,Referral,Credit Card,3,34129.79,5,5119.47,97269.9,50770.15,46499.75,47.8,0,,1,1
ORD14533,CUST3602,2024-11-30,November,Q4,Fashion,Mens Clothing,Delhi,Organic Search,Debit Card,1,3628.8,5,181.44,3447.36,1790.43,1656.93,48.06,0,,4,10
ORD14534,CUST3317,2024-11-30,November,Q4,Fashion,Footwear,Pune,Paid Ads,COD,2,1716.28,10,343.26,3089.3,1956.23,1133.07,36.68,1,Damaged Product,4,4
ORD14535,CUST1484,2024-11-30,November,Q4,Home & Kitchen,Cookware,Bangalore,Email,Credit Card,1,6127.02,5,306.35,5820.67,2898.38,2922.29,50.21,0,,4,2
ORD14536,CUST2935,2024-11-30,November,Q4,Home & Kitchen,Cookware,Bangalore,Organic Search,UPI,1,6008.47,15,901.27,5107.2,4047.65,1059.55,20.75,0,,4,7
ORD14537,CUST3167,2024-11-30,November,Q4,Fashion,Footwear,Hyderabad,Social Media,UPI,1,2806.63,15,420.99,2385.64,1333.25,1052.38,44.11,0,,4,3
ORD14538,CUST3793,2024-11-30,November,Q4,Home & Kitchen,Appliances,Pune,Organic Search,UPI,2,14909.87,5,1490.99,28328.75,18015.28,10313.47,36.41,0,,4,9
ORD14539,CUST3705,2024-11-30,November,Q4,Electronics,Tablet,Mumbai,Direct,Debit Card,1,36838.57,15,5525.79,31312.78,19706.63,11606.16,37.07,0,,3,8
ORD14540,CUST3624,2024-11-30,November,Q4,Electronics,Laptop,Hyderabad,Paid Ads,Credit Card,2,58046.04,10,11609.21,104482.87,75583.86,28899.01,27.66,1,Late Delivery,3,10
ORD14541,CUST2987,2024-11-30,November,Q4,Electronics,Headphones,Mumbai,Paid Ads,Net Banking,1,14925.51,5,746.28,14179.23,8917.29,5261.95,37.11,1,Late Delivery,4,7
ORD14542,CUST3516,2024-11-30,November,Q4,Home & Kitchen,Furniture,Delhi,Social Media,UPI,3,5716.6,5,857.49,16292.31,9382.25,6910.06,42.41,1,Size Issue,3,8
ORD14543,CUST1297,2024-12-01,December,Q4,Fashion,Mens Clothing,Delhi,Organic Search,Credit Card,1,1677.15,20,335.43,1341.72,1167.24,174.48,13.0,0,,4,1
ORD14544,CUST2491,2024-12-01,December,Q4,Fashion,Accessories,Bangalore,Paid Ads,Credit Card,2,1368.07,5,136.81,2599.33,1276.57,1322.77,50.89,0,,4,10
ORD14545,CUST1125,2024-12-01,December,Q4,Fashion,Mens Clothing,Delhi,Paid Ads,Net Banking,1,1767.39,0,0.0,1767.39,1050.62,716.77,40.56,0,,3,6
ORD14546,CUST2519,2024-12-01,December,Q4,Sports,Fitness Equipment,Mumbai,Paid Ads,Credit Card,2,1291.41,5,129.14,2453.68,1801.24,652.44,26.59,0,,5,7
ORD14547,CUST3422,2024-12-01,December,Q4,Electronics,Tablet,Mumbai,Social Media,UPI,1,38740.57,0,0.0,38740.57,24125.23,14615.34,37.73,0,,4,7
ORD14548,CUST2756,2024-12-01,December,Q4,Beauty,Fragrance,Mumbai,Social Media,Debit Card,2,2081.06,10,416.21,3745.91,2642.71,1103.2,29.45,1,Damaged Product,2,9
ORD14549,CUST1739,2024-12-01,December,Q4,Beauty,Makeup,Bangalore,Social Media,COD,4,2455.33,0,0.0,9821.32,4498.39,5322.93,54.2,1,Size Issue,3,7
ORD14550,CUST2486,2024-12-01,December,Q4,Sports,Sportswear,Ahmedabad,Social Media,UPI,1,9176.75,20,1835.35,7341.4,4178.55,3162.85,43.08,0,,4,7
ORD14551,CUST2857,2024-12-01,December,Q4,Toys,Dolls,Mumbai,Paid Ads,UPI,1,2625.99,0,0.0,2625.99,1205.4,1420.59,54.1,0,,4,6
ORD14552,CUST1317,2024-12-01,December,Q4,Electronics,Laptop,Ahmedabad,Organic Search,Credit Card,2,72186.44,10,14437.29,129935.59,100762.3,29173.29,22.45,0,,5,3
ORD14553,CUST3332,2024-12-01,December,Q4,Electronics,Tablet,Chennai,Email,COD,2,6725.56,0,0.0,13451.12,9346.91,4104.21,30.51,0,,4,6
ORD14554,CUST2861,2024-12-01,December,Q4,Books,Fiction,Hyderabad,Direct,Debit Card,1,233.54,30,70.06,163.48,124.62,38.85,23.77,0,,5,9
ORD14555,CUST2544,2024-12-01,December,Q4,Home & Kitchen,Cookware,Hyderabad,Organic Search,Net Banking,1,11621.3,10,1162.13,10459.17,6074.98,4384.19,41.92,0,,2,11
ORD14556,CUST1095,2024-12-01,December,Q4,Home & Kitchen,Decor,Pune,Paid Ads,UPI,1,4250.05,20,850.01,3400.04,2067.61,1332.43,39.19,0,,4,10
ORD14557,CUST3839,2024-12-01,December,Q4,Beauty,Skincare,Mumbai,Paid Ads,UPI,1,695.9,15,104.38,591.52,370.42,221.1,37.38,0,,5,3
ORD14558,CUST3435,2024-12-01,December,Q4,Beauty,Haircare,Bangalore,Social Media,Credit Card,1,381.89,15,57.28,324.61,207.19,117.42,36.17,0,,3,3
ORD14559,CUST1969,2024-12-01,December,Q4,Toys,Educational,Chennai,Social Media,UPI,3,1844.15,20,1106.49,4425.96,3524.56,901.4,20.37,0,,3,11
ORD14560,CUST1518,2024-12-01,December,Q4,Toys,Dolls,Hyderabad,Organic Search,Debit Card,1,939.75,0,0.0,939.75,626.41,313.34,33.34,0,,4,7
ORD14561,CUST1091,2024-12-01,December,Q4,Beauty,Fragrance,Pune,Email,Debit Card,2,444.68,15,133.4,755.96,566.24,189.71,25.1,0,,5,7
ORD14562,CUST1356,2024-12-01,December,Q4,Fashion,Accessories,Mumbai,Organic Search,Credit Card,3,839.35,0,0.0,2518.05,1540.09,977.96,38.84,0,,4,5
ORD14563,CUST1543,2024-12-01,December,Q4,Books,Fiction,Chennai,Paid Ads,Credit Card,1,620.02,15,93.0,527.02,397.73,129.29,24.53,0,,4,8
ORD14564,CUST2767,2024-12-02,December,Q4,Electronics,Mobile,Bangalore,Direct,Credit Card,2,60237.76,25,30118.88,90356.64,76456.7,13899.94,15.38,0,,4,8
ORD14565,CUST3873,2024-12-02,December,Q4,Fashion,Womens Clothing,Delhi,Paid Ads,Debit Card,3,2035.11,25,1526.33,4579.0,3473.55,1105.45,24.14,1,Late Delivery,1,11
ORD14566,CUST2468,2024-12-02,December,Q4,Books,Children,Delhi,Organic Search,COD,1,740.79,0,0.0,740.79,395.55,345.24,46.6,0,,4,11
ORD14567,CUST2861,2024-12-02,December,Q4,Fashion,Womens Clothing,Hyderabad,Referral,Debit Card,1,816.72,5,40.84,775.88,425.26,350.62,45.19,0,,2,2
ORD14568,CUST3584,2024-12-02,December,Q4,Fashion,Accessories,Kolkata,Direct,UPI,5,3122.4,5,780.6,14831.4,9676.92,5154.48,34.75,0,,4,11
ORD14569,CUST3138,2024-12-02,December,Q4,Electronics,Headphones,Bangalore,Email,Credit Card,5,77423.33,0,0.0,387116.65,267043.14,120073.51,31.02,0,,5,6
ORD14570,CUST3364,2024-12-02,December,Q4,Books,Non-Fiction,Pune,Paid Ads,UPI,1,779.92,0,0.0,779.92,464.26,315.66,40.47,0,,4,5
ORD14571,CUST3289,2024-12-02,December,Q4,Home & Kitchen,Furniture,Bangalore,Organic Search,UPI,1,9760.24,5,488.01,9272.23,6618.73,2653.5,28.62,0,,5,4
ORD14572,CUST1765,2024-12-02,December,Q4,Beauty,Skincare,Mumbai,Referral,Net Banking,1,1126.52,30,337.96,788.56,510.94,277.62,35.21,0,,3,7
ORD14573,CUST2557,2024-12-02,December,Q4,Fashion,Mens Clothing,Mumbai,Social Media,COD,1,3492.22,10,349.22,3143.0,2265.12,877.88,27.93,0,,4,4
ORD14574,CUST1060,2024-12-02,December,Q4,Sports,Fitness Equipment,Mumbai,Direct,UPI,1,6319.37,10,631.94,5687.43,4192.27,1495.16,26.29,0,,5,5
ORD14575,CUST2239,2024-12-02,December,Q4,Sports,Outdoor,Bangalore,Paid Ads,UPI,2,1033.58,10,206.72,1860.44,1256.31,604.13,32.47,0,,3,8
ORD14576,CUST1322,2024-12-02,December,Q4,Fashion,Mens Clothing,Delhi,Paid Ads,Credit Card,3,1124.22,15,505.9,2866.76,2305.26,561.5,19.59,0,,3,5
ORD14577,CUST3266,2024-12-02,December,Q4,Fashion,Accessories,Chennai,Referral,UPI,1,4631.01,25,1157.75,3473.26,2766.93,706.33,20.34,0,,4,11
ORD14578,CUST1023,2024-12-03,December,Q4,Fashion,Womens Clothing,Chennai,Social Media,Credit Card,3,4669.53,10,1400.86,12607.73,7146.26,5461.47,43.32,0,,4,11
ORD14579,CUST3341,2024-12-03,December,Q4,Toys,Action Figures,Mumbai,Organic Search,Debit Card,1,801.05,0,0.0,801.05,403.67,397.38,49.61,1,Wrong Item,5,9
ORD14580,CUST2509,2024-12-03,December,Q4,Beauty,Skincare,Delhi,Organic Search,Credit Card,1,2211.11,10,221.11,1990.0,1302.25,687.75,34.56,0,,4,10
ORD14581,CUST1570,2024-12-03,December,Q4,Toys,Educational,Delhi,Paid Ads,UPI,1,547.28,30,164.18,383.1,370.3,12.79,3.34,0,,5,2
ORD14582,CUST1298,2024-12-03,December,Q4,Fashion,Womens Clothing,Hyderabad,Organic Search,UPI,1,2448.36,5,122.42,2325.94,1146.06,1179.88,50.73,0,,5,2
ORD14583,CUST2888,2024-12-03,December,Q4,Sports,Outdoor,Mumbai,Paid Ads,UPI,1,7013.21,10,701.32,6311.89,4215.62,2096.27,33.21,0,,3,9
ORD14584,CUST2479,2024-12-03,December,Q4,Sports,Outdoor,Mumbai,Paid Ads,UPI,3,2497.08,0,0.0,7491.24,4812.75,2678.49,35.75,1,Late Delivery,5,2
ORD14585,CUST2374,2024-12-03,December,Q4,Beauty,Haircare,Ahmedabad,Email,Credit Card,1,2207.54,0,0.0,2207.54,1057.08,1150.46,52.11,0,,3,3
ORD14586,CUST3090,2024-12-03,December,Q4,Toys,Board Games,Pune,Paid Ads,UPI,2,1344.63,20,537.85,2151.41,1288.67,862.73,40.1,0,,2,6
ORD14587,CUST2287,2024-12-03,December,Q4,Fashion,Mens Clothing,Mumbai,Referral,COD,1,3314.53,5,165.73,3148.8,1794.92,1353.88,43.0,0,,5,4
ORD14588,CUST1482,2024-12-03,December,Q4,Electronics,Camera,Bangalore,Organic Search,COD,1,19447.89,5,972.39,18475.5,10083.15,8392.34,45.42,0,,3,8
ORD14589,CUST2886,2024-12-03,December,Q4,Beauty,Haircare,Delhi,Social Media,UPI,2,2489.14,5,248.91,4729.37,2487.04,2242.32,47.41,0,,4,8
ORD14590,CUST2993,2024-12-04,December,Q4,Beauty,Fragrance,Pune,Organic Search,UPI,3,2183.07,30,1964.76,4584.45,3272.47,1311.98,28.62,0,,4,2
ORD14591,CUST2871,2024-12-04,December,Q4,Home & Kitchen,Cookware,Bangalore,Email,UPI,1,7833.27,0,0.0,7833.27,3780.86,4052.41,51.73,0,,3,2
ORD14592,CUST2191,2024-12-04,December,Q4,Fashion,Mens Clothing,Mumbai,Referral,Credit Card,2,3678.23,20,1471.29,5885.17,4433.84,1451.33,24.66,0,,4,3
ORD14593,CUST3892,2024-12-04,December,Q4,Home & Kitchen,Appliances,Chennai,Email,Credit Card,3,7462.79,5,1119.42,21268.95,13926.27,7342.68,34.52,0,,4,11
ORD14594,CUST1369,2024-12-04,December,Q4,Fashion,Footwear,Bangalore,Social Media,Credit Card,2,3792.04,20,1516.82,6067.26,4745.62,1321.65,21.78,0,,4,2
ORD14595,CUST3748,2024-12-04,December,Q4,Fashion,Accessories,Delhi,Paid Ads,Debit Card,1,3163.15,30,948.94,2214.2,1844.4,369.81,16.7,0,,5,5
ORD14596,CUST1565,2024-12-04,December,Q4,Beauty,Skincare,Delhi,Direct,UPI,2,2610.52,5,261.05,4959.99,3593.26,1366.73,27.56,0,,4,1
ORD14597,CUST2999,2024-12-04,December,Q4,Beauty,Skincare,Bangalore,Referral,Net Banking,1,1439.05,0,0.0,1439.05,964.36,474.69,32.99,0,,1,7
ORD14598,CUST2215,2024-12-04,December,Q4,Fashion,Mens Clothing,Delhi,Referral,Debit Card,2,2784.13,0,0.0,5568.26,3838.8,1729.46,31.06,0,,3,8
ORD14599,CUST2577,2024-12-04,December,Q4,Fashion,Accessories,Delhi,Paid Ads,UPI,1,858.01,15,128.7,729.31,469.5,259.81,35.62,0,,5,4
ORD14600,CUST3466,2024-12-04,December,Q4,Fashion,Womens Clothing,Bangalore,Referral,UPI,1,4883.86,0,0.0,4883.86,3269.48,1614.38,33.06,0,,4,7
ORD14601,CUST1757,2024-12-04,December,Q4,Electronics,Laptop,Mumbai,Organic Search,Credit Card,2,24744.62,0,0.0,49489.24,31708.68,17780.56,35.93,0,,5,9
ORD14602,CUST1305,2024-12-04,December,Q4,Sports,Outdoor,Pune,Organic Search,Credit Card,1,8842.68,0,0.0,8842.68,4730.77,4111.91,46.5,0,,4,7
ORD14603,CUST1395,2024-12-04,December,Q4,Books,Non-Fiction,Mumbai,Organic Search,UPI,1,524.03,5,26.2,497.83,249.78,248.05,49.83,0,,3,2
ORD14604,CUST3219,2024-12-04,December,Q4,Fashion,Womens Clothing,Mumbai,Organic Search,UPI,3,1352.06,0,0.0,4056.18,2517.49,1538.69,37.93,1,Not as Described,2,2
ORD14605,CUST3756,2024-12-04,December,Q4,Sports,Fitness Equipment,Hyderabad,Email,Net Banking,3,1678.1,20,1006.86,4027.44,2437.17,1590.27,39.49,0,,4,10
ORD14606,CUST3641,2024-12-04,December,Q4,Books,Fiction,Pune,Direct,Debit Card,1,645.08,20,129.02,516.06,337.66,178.4,34.57,0,,4,10
ORD14607,CUST3258,2024-12-04,December,Q4,Sports,Outdoor,Pune,Email,COD,1,2287.89,5,114.39,2173.5,1315.75,857.75,39.46,0,,3,10
ORD14608,CUST1592,2024-12-04,December,Q4,Electronics,Mobile,Bangalore,Social Media,Debit Card,1,68646.22,10,6864.62,61781.6,42558.64,19222.96,31.11,0,,4,6
ORD14609,CUST2148,2024-12-04,December,Q4,Toys,Action Figures,Delhi,Social Media,UPI,1,2341.97,10,234.2,2107.77,1596.19,511.59,24.27,0,,5,8
ORD14610,CUST1376,2024-12-05,December,Q4,Fashion,Footwear,Chennai,Email,UPI,4,1524.72,15,914.83,5184.05,3649.02,1535.03,29.61,0,,5,10
ORD14611,CUST3492,2024-12-05,December,Q4,Fashion,Womens Clothing,Chennai,Paid Ads,Credit Card,2,2276.01,10,455.2,4096.82,2812.48,1284.34,31.35,0,,4,11
ORD14612,CUST3919,2024-12-05,December,Q4,Electronics,Mobile,Delhi,Direct,Credit Card,1,67703.03,10,6770.3,60932.73,35713.58,25219.14,41.39,0,,5,10
ORD14613,CUST3425,2024-12-05,December,Q4,Home & Kitchen,Furniture,Kolkata,Social Media,Credit Card,1,5013.42,10,501.34,4512.08,3117.46,1394.62,30.91,0,,2,11
ORD14614,CUST2649,2024-12-05,December,Q4,Electronics,Mobile,Mumbai,Social Media,Debit Card,2,35921.15,15,10776.34,61065.96,40192.0,20873.96,34.18,0,,3,3
ORD14615,CUST1564,2024-12-05,December,Q4,Fashion,Womens Clothing,Ahmedabad,Social Media,UPI,2,3382.68,5,338.27,6427.09,4493.77,1933.32,30.08,0,,1,1
ORD14616,CUST2784,2024-12-05,December,Q4,Fashion,Womens Clothing,Kolkata,Direct,Credit Card,2,1482.16,5,148.22,2816.1,1624.78,1191.32,42.3,0,,3,1
ORD14617,CUST2090,2024-12-05,December,Q4,Sports,Fitness Equipment,Chennai,Organic Search,UPI,1,2884.02,0,0.0,2884.02,1635.44,1248.58,43.29,0,,5,11
ORD14618,CUST1725,2024-12-05,December,Q4,Books,Children,Ahmedabad,Paid Ads,Debit Card,1,374.09,10,37.41,336.68,208.8,127.88,37.98,0,,3,2
ORD14619,CUST1666,2024-12-05,December,Q4,Fashion,Mens Clothing,Chennai,Email,UPI,1,1583.47,5,79.17,1504.3,1033.66,470.64,31.29,0,,4,10
ORD14620,CUST1577,2024-12-05,December,Q4,Books,Academic,Mumbai,Paid Ads,UPI,1,154.54,10,15.45,139.09,106.39,32.7,23.51,0,,4,6
ORD14621,CUST3470,2024-12-05,December,Q4,Books,Academic,Bangalore,Direct,UPI,1,728.86,5,36.44,692.42,387.62,304.8,44.02,0,,4,2
ORD14622,CUST2955,2024-12-05,December,Q4,Sports,Sportswear,Mumbai,Paid Ads,UPI,3,6993.54,20,4196.12,16784.5,11932.87,4851.62,28.91,0,,4,6
ORD14623,CUST2369,2024-12-05,December,Q4,Electronics,Laptop,Bangalore,Paid Ads,Debit Card,1,26108.69,0,0.0,26108.69,16356.61,9752.08,37.35,0,,4,11
ORD14624,CUST3098,2024-12-05,December,Q4,Beauty,Haircare,Chennai,Direct,COD,3,651.54,10,195.46,1759.16,1317.11,442.05,25.13,0,,4,1
ORD14625,CUST3406,2024-12-05,December,Q4,Toys,Dolls,Bangalore,Paid Ads,Credit Card,1,466.37,10,46.64,419.73,267.43,152.3,36.29,0,,5,9
ORD14626,CUST1304,2024-12-06,December,Q4,Beauty,Fragrance,Delhi,Social Media,Debit Card,1,1582.98,5,79.15,1503.83,755.44,748.4,49.77,0,,1,7
ORD14627,CUST2840,2024-12-06,December,Q4,Fashion,Mens Clothing,Hyderabad,Paid Ads,Credit Card,1,4562.12,5,228.11,4334.01,2473.43,1860.58,42.93,0,,2,1
ORD14628,CUST1218,2024-12-06,December,Q4,Home & Kitchen,Furniture,Kolkata,Organic Search,UPI,1,1657.74,20,331.55,1326.19,974.07,352.12,26.55,0,,4,9
ORD14629,CUST3896,2024-12-06,December,Q4,Beauty,Haircare,Mumbai,Social Media,UPI,4,2315.82,0,0.0,9263.28,5135.39,4127.89,44.56,0,,4,9
ORD14630,CUST2082,2024-12-06,December,Q4,Home & Kitchen,Cookware,Bangalore,Organic Search,UPI,1,6907.35,20,1381.47,5525.88,3430.46,2095.42,37.92,1,Changed Mind,4,11
ORD14631,CUST3953,2024-12-06,December,Q4,Electronics,Headphones,Mumbai,Direct,Debit Card,1,55552.63,20,11110.53,44442.1,25512.4,18929.7,42.59,0,,5,10
ORD14632,CUST3995,2024-12-06,December,Q4,Fashion,Footwear,Chennai,Email,Credit Card,4,4543.88,15,2726.33,15449.19,11302.49,4146.71,26.84,0,,5,11
ORD14633,CUST2500,2024-12-06,December,Q4,Sports,Fitness Equipment,Mumbai,Organic Search,COD,1,4736.35,15,710.45,4025.9,3306.85,719.05,17.86,0,,5,6
ORD14634,CUST2091,2024-12-06,December,Q4,Books,Fiction,Chennai,Social Media,UPI,1,785.16,10,78.52,706.64,533.75,172.89,24.47,0,,4,2
ORD14635,CUST1540,2024-12-06,December,Q4,Electronics,Tablet,Delhi,Social Media,Debit Card,1,55587.58,10,5558.76,50028.82,34509.76,15519.07,31.02,0,,3,2
ORD14636,CUST1431,2024-12-07,December,Q4,Toys,Educational,Mumbai,Organic Search,UPI,1,1159.67,30,347.9,811.77,765.83,45.94,5.66,0,,5,8
ORD14637,CUST3267,2024-12-07,December,Q4,Fashion,Mens Clothing,Ahmedabad,Organic Search,Credit Card,1,3971.24,0,0.0,3971.24,2040.95,1930.29,48.61,0,,5,9
ORD14638,CUST2419,2024-12-07,December,Q4,Beauty,Fragrance,Mumbai,Paid Ads,Credit Card,1,2760.53,0,0.0,2760.53,1671.8,1088.73,39.44,0,,4,4
ORD14639,CUST3789,2024-12-07,December,Q4,Sports,Fitness Equipment,Bangalore,Social Media,Debit Card,3,7131.72,0,0.0,21395.16,9951.98,11443.18,53.48,0,,5,2
ORD14640,CUST2202,2024-12-07,December,Q4,Sports,Outdoor,Mumbai,Social Media,Credit Card,3,6252.32,10,1875.7,16881.26,11756.79,5124.48,30.36,0,,5,5
ORD14641,CUST2527,2024-12-07,December,Q4,Toys,Board Games,Bangalore,Social Media,Credit Card,1,2890.1,0,0.0,2890.1,2001.3,888.8,30.75,0,,4,7
ORD14642,CUST2991,2024-12-07,December,Q4,Fashion,Mens Clothing,Bangalore,Email,COD,1,3061.41,25,765.35,2296.06,2036.45,259.61,11.31,1,Size Issue,3,4
ORD14643,CUST1185,2024-12-07,December,Q4,Books,Academic,Delhi,Email,UPI,1,622.65,5,31.13,591.52,363.38,228.13,38.57,0,,4,9
ORD14644,CUST2306,2024-12-07,December,Q4,Electronics,Camera,Mumbai,Social Media,UPI,2,28929.8,20,11571.92,46287.68,37445.87,8841.81,19.1,0,,5,4
ORD14645,CUST2782,2024-12-07,December,Q4,Beauty,Makeup,Delhi,Email,UPI,1,1202.72,0,0.0,1202.72,825.04,377.68,31.4,0,,3,8
ORD14646,CUST3071,2024-12-07,December,Q4,Beauty,Skincare,Chennai,Paid Ads,Net Banking,3,2470.7,5,370.6,7041.49,3735.73,3305.76,46.95,0,,4,3
ORD14647,CUST1517,2024-12-08,December,Q4,Beauty,Skincare,Pune,Direct,Credit Card,2,1237.24,0,0.0,2474.48,1604.24,870.24,35.17,0,,4,6
ORD14648,CUST1011,2024-12-08,December,Q4,Fashion,Womens Clothing,Bangalore,Social Media,COD,1,1851.11,0,0.0,1851.11,957.88,893.23,48.25,0,,3,6
ORD14649,CUST3367,2024-12-08,December,Q4,Books,Children,Hyderabad,Direct,UPI,2,467.91,10,93.58,842.24,626.29,215.95,25.64,0,,4,3
ORD14650,CUST1579,2024-12-08,December,Q4,Electronics,Headphones,Delhi,Social Media,Credit Card,1,45943.77,25,11485.94,34457.83,21804.39,12653.44,36.72,0,,4,2
ORD14651,CUST1517,2024-12-08,December,Q4,Electronics,Camera,Delhi,Organic Search,Debit Card,1,60872.7,5,3043.64,57829.06,30104.87,27724.19,47.94,0,,5,6
ORD14652,CUST2503,2024-12-08,December,Q4,Beauty,Fragrance,Mumbai,Social Media,UPI,1,838.71,10,83.87,754.84,528.52,226.32,29.98,0,,5,7
ORD14653,CUST3035,2024-12-08,December,Q4,Home & Kitchen,Cookware,Delhi,Paid Ads,UPI,1,3221.85,5,161.09,3060.76,1590.61,1470.15,48.03,0,,5,7
ORD14654,CUST1000,2024-12-08,December,Q4,Sports,Sportswear,Delhi,Social Media,Credit Card,2,7063.21,0,0.0,14126.42,6915.07,7211.35,51.05,1,Size Issue,3,10
ORD14655,CUST3909,2024-12-08,December,Q4,Fashion,Womens Clothing,Bangalore,Paid Ads,UPI,2,2343.8,10,468.76,4218.84,2760.37,1458.47,34.57,0,,1,11
ORD14656,CUST3353,2024-12-08,December,Q4,Electronics,Headphones,Hyderabad,Direct,UPI,1,70998.1,0,0.0,70998.1,46769.77,24228.33,34.13,0,,5,1
ORD14657,CUST1073,2024-12-08,December,Q4,Sports,Fitness Equipment,Ahmedabad,Social Media,Debit Card,5,3581.49,20,3581.49,14325.96,9260.24,5065.72,35.36,0,,4,6
ORD14658,CUST1203,2024-12-08,December,Q4,Home & Kitchen,Decor,Mumbai,Social Media,COD,1,12106.77,15,1816.02,10290.75,7993.91,2296.84,22.32,0,,3,9
ORD14659,CUST1259,2024-12-08,December,Q4,Electronics,Tablet,Hyderabad,Organic Search,COD,1,75890.99,5,3794.55,72096.44,49480.04,22616.4,31.37,0,,2,9
ORD14660,CUST3589,2024-12-08,December,Q4,Beauty,Haircare,Pune,Referral,UPI,1,1329.08,10,132.91,1196.17,790.51,405.67,33.91,0,,4,2
ORD14661,CUST2635,2024-12-09,December,Q4,Home & Kitchen,Decor,Hyderabad,Direct,Net Banking,2,13135.29,0,0.0,26270.58,16068.16,10202.42,38.84,0,,3,4
ORD14662,CUST1899,2024-12-09,December,Q4,Home & Kitchen,Furniture,Delhi,Email,Credit Card,5,7394.37,15,5545.78,31426.07,17011.13,14414.94,45.87,0,,4,6
ORD14663,CUST3884,2024-12-09,December,Q4,Home & Kitchen,Decor,Delhi,Paid Ads,Credit Card,2,2968.12,20,1187.25,4748.99,3216.16,1532.83,32.28,0,,5,4
ORD14664,CUST2401,2024-12-09,December,Q4,Sports,Sportswear,Mumbai,Social Media,Debit Card,4,7509.66,20,6007.73,24030.91,15495.39,8535.52,35.52,0,,4,9
ORD14665,CUST2679,2024-12-09,December,Q4,Sports,Outdoor,Delhi,Organic Search,UPI,1,4162.86,0,0.0,4162.86,2029.4,2133.46,51.25,0,,5,2
ORD14666,CUST2126,2024-12-09,December,Q4,Beauty,Skincare,Chennai,Social Media,UPI,1,2858.98,0,0.0,2858.98,1565.05,1293.93,45.26,0,,3,10
ORD14667,CUST1216,2024-12-09,December,Q4,Electronics,Headphones,Mumbai,Organic Search,UPI,1,70502.13,10,7050.21,63451.92,37981.33,25470.58,40.14,0,,4,6
ORD14668,CUST2881,2024-12-09,December,Q4,Sports,Fitness Equipment,Delhi,Social Media,Credit Card,2,7988.52,30,4793.11,11183.93,10101.05,1082.88,9.68,0,,3,1
ORD14669,CUST1703,2024-12-09,December,Q4,Beauty,Fragrance,Chennai,Social Media,Credit Card,1,1268.08,25,317.02,951.06,760.24,190.82,20.06,0,,5,9
ORD14670,CUST1865,2024-12-09,December,Q4,Beauty,Fragrance,Pune,Paid Ads,COD,3,2636.7,5,395.5,7514.59,5365.22,2149.37,28.6,1,Damaged Product,5,1
ORD14671,CUST1557,2024-12-09,December,Q4,Fashion,Womens Clothing,Bangalore,Paid Ads,COD,1,1172.23,15,175.83,996.4,570.12,426.28,42.78,0,,4,8
ORD14672,CUST2140,2024-12-09,December,Q4,Books,Fiction,Chennai,Direct,UPI,1,387.71,25,96.93,290.78,180.26,110.52,38.01,0,,4,9
ORD14673,CUST2925,2024-12-09,December,Q4,Beauty,Haircare,Bangalore,Organic Search,UPI,1,1416.27,0,0.0,1416.27,826.61,589.66,41.63,0,,3,1
ORD14674,CUST1727,2024-12-09,December,Q4,Electronics,Mobile,Mumbai,Email,UPI,2,66305.36,20,26522.14,106088.58,59708.88,46379.7,43.72,1,Changed Mind,5,1
ORD14675,CUST3060,2024-12-09,December,Q4,Fashion,Mens Clothing,Bangalore,Organic Search,Credit Card,1,4574.13,0,0.0,4574.13,2959.14,1614.99,35.31,1,Damaged Product,4,10
ORD14676,CUST1667,2024-12-09,December,Q4,Books,Academic,Hyderabad,Organic Search,Debit Card,1,248.18,5,12.41,235.77,143.07,92.7,39.32,0,,5,7
ORD14677,CUST3293,2024-12-10,December,Q4,Electronics,Laptop,Ahmedabad,Organic Search,UPI,1,75953.22,0,0.0,75953.22,43446.49,32506.73,42.8,0,,2,10
ORD14678,CUST3502,2024-12-10,December,Q4,Toys,Dolls,Mumbai,Email,UPI,2,885.88,10,177.18,1594.58,957.86,636.73,39.93,0,,4,5
ORD14679,CUST2343,2024-12-10,December,Q4,Beauty,Haircare,Bangalore,Paid Ads,Credit Card,2,245.89,20,98.36,393.42,267.4,126.02,32.03,0,,4,11
ORD14680,CUST3953,2024-12-10,December,Q4,Beauty,Skincare,Delhi,Direct,Net Banking,2,1522.41,10,304.48,2740.34,1698.35,1041.99,38.02,0,,5,3
ORD14681,CUST2146,2024-12-10,December,Q4,Fashion,Mens Clothing,Bangalore,Social Media,COD,1,1719.01,0,0.0,1719.01,780.44,938.57,54.6,1,Damaged Product,4,9
ORD14682,CUST1020,2024-12-10,December,Q4,Fashion,Womens Clothing,Mumbai,Organic Search,Debit Card,5,1389.9,0,0.0,6949.5,3272.43,3677.07,52.91,1,Changed Mind,4,2
ORD14683,CUST1239,2024-12-10,December,Q4,Toys,Educational,Delhi,Email,UPI,3,1642.77,10,492.83,4435.48,2840.0,1595.48,35.97,0,,5,6
ORD14684,CUST1364,2024-12-10,December,Q4,Fashion,Accessories,Pune,Organic Search,Net Banking,1,1212.42,10,121.24,1091.18,591.09,500.09,45.83,0,,1,4
ORD14685,CUST2988,2024-12-10,December,Q4,Sports,Outdoor,Hyderabad,Email,Credit Card,1,8382.89,10,838.29,7544.6,5404.37,2140.23,28.37,0,,4,5
ORD14686,CUST3130,2024-12-10,December,Q4,Fashion,Womens Clothing,Bangalore,Organic Search,UPI,1,4342.17,0,0.0,4342.17,2251.94,2090.23,48.14,0,,4,2
ORD14687,CUST3670,2024-12-10,December,Q4,Electronics,Laptop,Delhi,Paid Ads,UPI,1,25825.22,15,3873.78,21951.44,12253.42,9698.02,44.18,0,,3,1
ORD14688,CUST3116,2024-12-10,December,Q4,Electronics,Tablet,Delhi,Email,Debit Card,3,19245.95,25,14434.46,43303.39,29377.16,13926.23,32.16,1,Late Delivery,4,9
ORD14689,CUST1748,2024-12-10,December,Q4,Home & Kitchen,Furniture,Bangalore,Referral,COD,2,9416.91,10,1883.38,16950.44,10156.6,6793.84,40.08,0,,5,3
ORD14690,CUST1659,2024-12-10,December,Q4,Toys,Action Figures,Pune,Paid Ads,Debit Card,3,1647.67,15,741.45,4201.56,2268.0,1933.56,46.02,0,,4,6
ORD14691,CUST3821,2024-12-10,December,Q4,Fashion,Womens Clothing,Ahmedabad,Direct,Credit Card,1,2457.98,25,614.5,1843.48,1193.15,650.34,35.28,0,,4,9
ORD14692,CUST2072,2024-12-10,December,Q4,Fashion,Accessories,Bangalore,Organic Search,Credit Card,2,4332.19,10,866.44,7797.94,4600.45,3197.49,41.0,0,,5,1
ORD14693,CUST3937,2024-12-11,December,Q4,Fashion,Footwear,Bangalore,Email,Credit Card,1,2693.04,15,403.96,2289.08,1420.9,868.18,37.93,0,,5,5
ORD14694,CUST2853,2024-12-11,December,Q4,Home & Kitchen,Furniture,Pune,Social Media,Debit Card,1,10254.21,15,1538.13,8716.08,6666.23,2049.85,23.52,0,,5,4
ORD14695,CUST1984,2024-12-11,December,Q4,Fashion,Footwear,Bangalore,Organic Search,UPI,2,2090.16,0,0.0,4180.32,2762.41,1417.91,33.92,0,,5,3
ORD14696,CUST1369,2024-12-11,December,Q4,Books,Academic,Hyderabad,Paid Ads,Credit Card,1,218.91,10,21.89,197.02,109.09,87.92,44.63,0,,5,2
ORD14697,CUST1558,2024-12-11,December,Q4,Home & Kitchen,Cookware,Delhi,Organic Search,UPI,2,14331.89,20,5732.76,22931.02,13786.85,9144.18,39.88,0,,5,3
ORD14698,CUST2719,2024-12-11,December,Q4,Home & Kitchen,Appliances,Chennai,Paid Ads,UPI,2,10825.54,0,0.0,21651.08,13175.56,8475.52,39.15,0,,5,1
ORD14699,CUST1296,2024-12-11,December,Q4,Electronics,Headphones,Bangalore,Organic Search,Debit Card,3,50586.32,20,30351.79,121407.17,98818.74,22588.43,18.61,0,,5,1
ORD14700,CUST2595,2024-12-11,December,Q4,Toys,Action Figures,Pune,Social Media,UPI,1,681.99,10,68.2,613.79,471.21,142.58,23.23,0,,4,8
ORD14701,CUST3221,2024-12-11,December,Q4,Fashion,Womens Clothing,Pune,Referral,UPI,2,2834.43,5,283.44,5385.42,2560.62,2824.8,52.45,0,,4,5
ORD14702,CUST2528,2024-12-11,December,Q4,Electronics,Headphones,Delhi,Organic Search,UPI,5,42067.37,10,21033.68,189303.16,116404.52,72898.64,38.51,1,Damaged Product,5,2
ORD14703,CUST1025,2024-12-11,December,Q4,Beauty,Makeup,Chennai,Social Media,Debit Card,3,805.93,5,120.89,2296.9,1531.66,765.24,33.32,0,,4,3
ORD14704,CUST2972,2024-12-12,December,Q4,Home & Kitchen,Furniture,Pune,Social Media,UPI,2,7765.2,20,3106.08,12424.32,10205.64,2218.68,17.86,0,,5,2
ORD14705,CUST1269,2024-12-12,December,Q4,Fashion,Womens Clothing,Delhi,Direct,Net Banking,2,4805.86,10,961.17,8650.55,4474.94,4175.61,48.27,0,,3,10
ORD14706,CUST1241,2024-12-12,December,Q4,Fashion,Mens Clothing,Mumbai,Social Media,Debit Card,1,3341.79,25,835.45,2506.34,2072.42,433.92,17.31,0,,5,2
ORD14707,CUST2439,2024-12-12,December,Q4,Sports,Sportswear,Mumbai,Social Media,Debit Card,2,3716.51,10,743.3,6689.72,3881.78,2807.94,41.97,0,,4,4
ORD14708,CUST3303,2024-12-12,December,Q4,Electronics,Laptop,Bangalore,Paid Ads,UPI,2,28295.89,15,8488.77,48103.01,26521.69,21581.32,44.86,0,,3,4
ORD14709,CUST3627,2024-12-12,December,Q4,Sports,Sportswear,Delhi,Organic Search,Credit Card,2,6375.56,30,3825.34,8925.78,7297.16,1628.63,18.25,0,,5,7
ORD14710,CUST3859,2024-12-12,December,Q4,Beauty,Haircare,Hyderabad,Organic Search,UPI,2,1912.55,0,0.0,3825.1,1872.53,1952.57,51.05,0,,4,2
ORD14711,CUST1241,2024-12-12,December,Q4,Fashion,Accessories,Mumbai,Paid Ads,Debit Card,1,3196.02,15,479.4,2716.62,2027.08,689.54,25.38,0,,3,9
ORD14712,CUST1374,2024-12-12,December,Q4,Home & Kitchen,Decor,Kolkata,Organic Search,Credit Card,1,8320.84,0,0.0,8320.84,5286.36,3034.48,36.47,0,,3,7
ORD14713,CUST1475,2024-12-12,December,Q4,Fashion,Womens Clothing,Delhi,Social Media,UPI,2,2034.94,20,813.98,3255.9,2688.22,567.68,17.44,0,,1,4
ORD14714,CUST3352,2024-12-12,December,Q4,Sports,Outdoor,Delhi,Paid Ads,Credit Card,1,4046.87,10,404.69,3642.18,2203.08,1439.1,39.51,0,,2,7
ORD14715,CUST2522,2024-12-12,December,Q4,Home & Kitchen,Cookware,Bangalore,Social Media,Debit Card,1,10576.91,25,2644.23,7932.68,4794.8,3137.88,39.56,0,,4,10
ORD14716,CUST1004,2024-12-12,December,Q4,Fashion,Mens Clothing,Bangalore,Organic Search,Credit Card,1,1076.6,20,215.32,861.28,554.38,306.9,35.63,0,,5,11
ORD14717,CUST3500,2024-12-12,December,Q4,Home & Kitchen,Appliances,Delhi,Referral,Credit Card,1,8827.65,0,0.0,8827.65,5004.86,3822.79,43.3,0,,4,1
ORD14718,CUST1729,2024-12-12,December,Q4,Toys,Action Figures,Delhi,Direct,COD,3,1578.51,0,0.0,4735.53,2952.62,1782.91,37.65,1,Damaged Product,4,7
ORD14719,CUST2899,2024-12-12,December,Q4,Fashion,Womens Clothing,Mumbai,Organic Search,COD,1,579.69,10,57.97,521.72,316.23,205.49,39.39,0,,5,6
ORD14720,CUST1447,2024-12-12,December,Q4,Books,Fiction,Chennai,Paid Ads,Credit Card,1,390.51,10,39.05,351.46,228.06,123.4,35.11,0,,4,9
ORD14721,CUST3690,2024-12-12,December,Q4,Fashion,Womens Clothing,Pune,Social Media,UPI,1,1607.49,0,0.0,1607.49,934.06,673.43,41.89,1,Damaged Product,4,8
ORD14722,CUST1352,2024-12-12,December,Q4,Electronics,Laptop,Bangalore,Organic Search,Debit Card,1,75843.26,0,0.0,75843.26,37257.67,38585.59,50.88,0,,4,2
ORD14723,CUST2290,2024-12-13,December,Q4,Fashion,Womens Clothing,Chennai,Paid Ads,UPI,1,3597.27,10,359.73,3237.54,2179.09,1058.45,32.69,0,,4,11
ORD14724,CUST1761,2024-12-13,December,Q4,Fashion,Mens Clothing,Chennai,Organic Search,Debit Card,1,4595.66,0,0.0,4595.66,2572.71,2022.95,44.02,1,Not as Described,3,3
ORD14725,CUST2750,2024-12-13,December,Q4,Fashion,Womens Clothing,Mumbai,Direct,Debit Card,4,4561.49,20,3649.19,14596.77,11896.0,2700.77,18.5,0,,5,3
ORD14726,CUST1331,2024-12-13,December,Q4,Electronics,Camera,Ahmedabad,Direct,UPI,1,52540.36,20,10508.07,42032.29,32714.4,9317.89,22.17,0,,2,6
ORD14727,CUST1178,2024-12-13,December,Q4,Books,Non-Fiction,Pune,Social Media,Credit Card,2,736.2,15,220.86,1251.54,703.61,547.93,43.78,0,,4,2
ORD14728,CUST2485,2024-12-13,December,Q4,Sports,Fitness Equipment,Delhi,Social Media,Credit Card,3,5023.78,0,0.0,15071.34,8623.66,6447.68,42.78,0,,3,11
ORD14729,CUST1931,2024-12-13,December,Q4,Beauty,Skincare,Mumbai,Referral,UPI,4,985.49,0,0.0,3941.96,2466.18,1475.78,37.44,0,,4,2
ORD14730,CUST2804,2024-12-13,December,Q4,Electronics,Tablet,Mumbai,Referral,UPI,1,30556.8,10,3055.68,27501.12,14415.26,13085.86,47.58,0,,4,4
ORD14731,CUST1218,2024-12-13,December,Q4,Electronics,Tablet,Mumbai,Referral,UPI,1,64536.35,30,19360.9,45175.44,41827.57,3347.87,7.41,0,,4,1
ORD14732,CUST3332,2024-12-13,December,Q4,Electronics,Headphones,Chennai,Organic Search,UPI,1,57374.72,5,2868.74,54505.98,29002.99,25503.0,46.79,0,,3,1
ORD14733,CUST1557,2024-12-13,December,Q4,Beauty,Haircare,Bangalore,Organic Search,UPI,1,2725.2,5,136.26,2588.94,1569.09,1019.85,39.39,0,,3,1
ORD14734,CUST1817,2024-12-13,December,Q4,Books,Non-Fiction,Pune,Social Media,Debit Card,1,777.56,0,0.0,777.56,532.74,244.82,31.49,0,,5,5
ORD14735,CUST1179,2024-12-13,December,Q4,Fashion,Womens Clothing,Chennai,Social Media,Debit Card,3,4017.18,15,1807.73,10243.81,7144.56,3099.25,30.25,0,,3,9
ORD14736,CUST1134,2024-12-13,December,Q4,Electronics,Tablet,Hyderabad,Organic Search,UPI,1,47920.62,10,4792.06,43128.56,26644.52,16484.04,38.22,0,,5,4
ORD14737,CUST2893,2024-12-13,December,Q4,Home & Kitchen,Furniture,Chennai,Organic Search,UPI,1,13741.61,0,0.0,13741.61,6207.07,7534.54,54.83,1,Size Issue,4,8
ORD14738,CUST1290,2024-12-13,December,Q4,Fashion,Womens Clothing,Mumbai,Direct,UPI,1,3686.47,10,368.65,3317.82,1781.87,1535.96,46.29,0,,2,7
ORD14739,CUST2762,2024-12-14,December,Q4,Fashion,Footwear,Delhi,Direct,UPI,5,3242.24,15,2431.68,13779.52,9640.25,4139.27,30.04,0,,3,6
ORD14740,CUST3431,2024-12-14,December,Q4,Home & Kitchen,Decor,Hyderabad,Paid Ads,Debit Card,2,12349.17,10,2469.83,22228.51,14163.42,8065.09,36.28,0,,5,9
ORD14741,CUST2285,2024-12-14,December,Q4,Beauty,Fragrance,Mumbai,Direct,Debit Card,1,897.48,15,134.62,762.86,485.5,277.36,36.36,0,,4,10
ORD14742,CUST3787,2024-12-14,December,Q4,Electronics,Laptop,Mumbai,Social Media,Debit Card,1,47247.35,20,9449.47,37797.88,32166.18,5631.7,14.9,1,Size Issue,3,1
ORD14743,CUST1060,2024-12-14,December,Q4,Electronics,Headphones,Kolkata,Email,UPI,1,71791.78,15,10768.77,61023.01,38273.68,22749.33,37.28,0,,5,7
ORD14744,CUST1018,2024-12-14,December,Q4,Toys,Dolls,Chennai,Paid Ads,UPI,2,1146.34,10,229.27,2063.41,1339.58,723.83,35.08,0,,5,9
ORD14745,CUST2981,2024-12-14,December,Q4,Fashion,Mens Clothing,Delhi,Organic Search,COD,2,4463.28,20,1785.31,7141.25,5286.12,1855.13,25.98,0,,4,10
ORD14746,CUST2050,2024-12-14,December,Q4,Electronics,Headphones,Chennai,Paid Ads,UPI,2,33810.75,25,16905.38,50716.12,39346.73,11369.4,22.42,1,Damaged Product,4,2
ORD14747,CUST3869,2024-12-14,December,Q4,Electronics,Tablet,Pune,Paid Ads,COD,1,16126.66,5,806.33,15320.33,9182.46,6137.87,40.06,0,,3,4
ORD14748,CUST3677,2024-12-14,December,Q4,Electronics,Tablet,Delhi,Social Media,UPI,2,29124.12,0,0.0,58248.24,31120.05,27128.19,46.57,0,,2,5
ORD14749,CUST1354,2024-12-14,December,Q4,Fashion,Womens Clothing,Mumbai,Organic Search,Net Banking,2,2881.56,20,1152.62,4610.5,3902.73,707.76,15.35,0,,4,11
ORD14750,CUST3065,2024-12-14,December,Q4,Sports,Outdoor,Ahmedabad,Referral,UPI,4,4895.55,0,0.0,19582.2,11018.92,8563.28,43.73,0,,5,5
ORD14751,CUST3351,2024-12-14,December,Q4,Fashion,Accessories,Delhi,Organic Search,Net Banking,2,4551.94,25,2275.97,6827.91,5299.48,1528.43,22.39,0,,4,11
ORD14752,CUST2279,2024-12-14,December,Q4,Fashion,Accessories,Mumbai,Organic Search,Credit Card,1,4762.15,0,0.0,4762.15,2924.53,1837.62,38.59,0,,4,7
ORD14753,CUST3301,2024-12-14,December,Q4,Beauty,Fragrance,Bangalore,Social Media,Credit Card,1,2237.92,25,559.48,1678.44,1044.92,633.52,37.74,0,,4,10
ORD14754,CUST3913,2024-12-14,December,Q4,Home & Kitchen,Furniture,Pune,Social Media,UPI,1,1750.34,10,175.03,1575.31,1129.53,445.77,28.3,0,,4,8
ORD14755,CUST2340,2024-12-14,December,Q4,Books,Children,Delhi,Paid Ads,Net Banking,2,403.22,15,120.97,685.47,466.22,219.25,31.99,0,,4,9
ORD14756,CUST3863,2024-12-14,December,Q4,Books,Fiction,Delhi,Email,Debit Card,2,275.57,5,27.56,523.58,338.56,185.02,35.34,0,,4,5
ORD14757,CUST2200,2024-12-14,December,Q4,Electronics,Tablet,Delhi,Social Media,Credit Card,1,62745.93,30,18823.78,43922.15,40345.82,3576.33,8.14,0,,2,2
ORD14758,CUST1929,2024-12-15,December,Q4,Sports,Outdoor,Ahmedabad,Social Media,UPI,1,7263.12,0,0.0,7263.12,4855.58,2407.54,33.15,0,,5,2
ORD14759,CUST3645,2024-12-15,December,Q4,Home & Kitchen,Cookware,Mumbai,Email,UPI,1,5965.71,0,0.0,5965.71,3269.54,2696.17,45.19,0,,3,5
ORD14760,CUST1576,2024-12-15,December,Q4,Toys,Educational,Hyderabad,Organic Search,Debit Card,3,2399.95,0,0.0,7199.85,4700.48,2499.37,34.71,0,,4,5
ORD14761,CUST3324,2024-12-15,December,Q4,Home & Kitchen,Furniture,Kolkata,Social Media,UPI,1,7527.21,25,1881.8,5645.41,3874.32,1771.08,31.37,1,Wrong Item,4,5
ORD14762,CUST3137,2024-12-15,December,Q4,Toys,Board Games,Mumbai,Direct,Net Banking,1,903.0,10,90.3,812.7,555.42,257.28,31.66,0,,5,6
ORD14763,CUST2918,2024-12-15,December,Q4,Sports,Outdoor,Ahmedabad,Organic Search,COD,1,529.01,15,79.35,449.66,251.64,198.02,44.04,1,Not as Described,5,8
ORD14764,CUST2692,2024-12-15,December,Q4,Fashion,Accessories,Ahmedabad,Paid Ads,Debit Card,1,2102.76,15,315.41,1787.35,956.77,830.57,46.47,0,,3,11
ORD14765,CUST3429,2024-12-15,December,Q4,Home & Kitchen,Appliances,Kolkata,Referral,Debit Card,2,9613.27,20,3845.31,15381.23,9112.24,6268.99,40.76,0,,4,5
ORD14766,CUST3274,2024-12-15,December,Q4,Toys,Educational,Delhi,Paid Ads,Debit Card,3,1817.07,15,817.68,4633.53,2888.3,1745.23,37.67,0,,3,3
ORD14767,CUST3347,2024-12-15,December,Q4,Books,Children,Hyderabad,Paid Ads,Debit Card,1,659.39,10,65.94,593.45,301.85,291.6,49.14,0,,2,9
ORD14768,CUST1873,2024-12-15,December,Q4,Electronics,Headphones,Pune,Referral,Credit Card,2,76750.07,15,23025.02,130475.12,93270.19,37204.93,28.51,0,,5,4
ORD14769,CUST2688,2024-12-15,December,Q4,Beauty,Fragrance,Ahmedabad,Organic Search,UPI,1,1557.15,15,233.57,1323.58,823.94,499.63,37.75,0,,3,8
ORD14770,CUST2411,2024-12-15,December,Q4,Fashion,Accessories,Mumbai,Organic Search,Debit Card,5,1913.76,0,0.0,9568.8,6067.52,3501.28,36.59,0,,3,9
ORD14771,CUST1538,2024-12-16,December,Q4,Electronics,Mobile,Pune,Direct,COD,1,71241.01,0,0.0,71241.01,32876.21,38364.8,53.85,1,Changed Mind,3,11
ORD14772,CUST3437,2024-12-16,December,Q4,Fashion,Footwear,Delhi,Direct,Net Banking,1,1400.26,0,0.0,1400.26,705.98,694.28,49.58,0,,4,7
ORD14773,CUST2053,2024-12-16,December,Q4,Fashion,Womens Clothing,Mumbai,Paid Ads,Credit Card,1,4148.28,5,207.41,3940.87,2289.85,1651.01,41.89,1,Late Delivery,5,3
ORD14774,CUST2142,2024-12-16,December,Q4,Sports,Sportswear,Bangalore,Social Media,Net Banking,1,2287.85,10,228.78,2059.06,1248.39,810.67,39.37,0,,3,10
ORD14775,CUST2934,2024-12-16,December,Q4,Fashion,Accessories,Pune,Direct,UPI,1,4656.69,10,465.67,4191.02,2248.02,1943.01,46.36,0,,4,11
ORD14776,CUST1473,2024-12-16,December,Q4,Sports,Fitness Equipment,Bangalore,Email,UPI,2,6248.27,25,3124.14,9372.41,8729.26,643.14,6.86,1,Late Delivery,4,6
ORD14777,CUST2693,2024-12-16,December,Q4,Electronics,Laptop,Bangalore,Organic Search,Debit Card,2,27171.47,5,2717.15,51625.79,28318.64,23307.15,45.15,0,,4,7
ORD14778,CUST1360,2024-12-16,December,Q4,Fashion,Womens Clothing,Ahmedabad,Organic Search,UPI,1,772.53,15,115.88,656.65,486.89,169.76,25.85,0,,4,7
ORD14779,CUST3557,2024-12-16,December,Q4,Fashion,Mens Clothing,Bangalore,Paid Ads,Debit Card,2,4481.47,10,896.29,8066.65,4526.34,3540.3,43.89,0,,4,8
ORD14780,CUST3953,2024-12-16,December,Q4,Fashion,Mens Clothing,Hyderabad,Direct,UPI,1,2855.76,0,0.0,2855.76,1911.83,943.93,33.05,0,,4,10
ORD14781,CUST3108,2024-12-16,December,Q4,Electronics,Camera,Delhi,Direct,Credit Card,2,42809.69,10,8561.94,77057.44,46828.63,30228.81,39.23,0,,5,5
ORD14782,CUST1578,2024-12-16,December,Q4,Electronics,Headphones,Bangalore,Referral,UPI,2,23616.99,30,14170.19,33063.79,31893.59,1170.19,3.54,0,,2,5
ORD14783,CUST2942,2024-12-16,December,Q4,Home & Kitchen,Appliances,Chennai,Direct,Debit Card,2,6139.33,0,0.0,12278.66,6574.72,5703.94,46.45,0,,2,2
ORD14784,CUST1828,2024-12-16,December,Q4,Fashion,Accessories,Ahmedabad,Social Media,Credit Card,1,3652.91,10,365.29,3287.62,1651.7,1635.92,49.76,0,,5,11
ORD14785,CUST2273,2024-12-17,December,Q4,Fashion,Accessories,Hyderabad,Paid Ads,UPI,1,4337.15,0,0.0,4337.15,2512.32,1824.83,42.07,0,,5,2
ORD14786,CUST3205,2024-12-17,December,Q4,Fashion,Accessories,Pune,Email,UPI,1,1841.8,5,92.09,1749.71,1070.45,679.26,38.82,0,,5,4
ORD14787,CUST1338,2024-12-17,December,Q4,Books,Academic,Mumbai,Email,Debit Card,1,282.76,10,28.28,254.48,135.71,118.77,46.67,0,,4,7
ORD14788,CUST1873,2024-12-17,December,Q4,Books,Children,Delhi,Social Media,Credit Card,2,342.47,20,136.99,547.95,348.46,199.5,36.41,0,,4,8
ORD14789,CUST3971,2024-12-17,December,Q4,Home & Kitchen,Appliances,Bangalore,Organic Search,COD,1,1209.26,15,181.39,1027.87,781.03,246.84,24.01,1,Changed Mind,4,3
ORD14790,CUST1289,2024-12-17,December,Q4,Fashion,Footwear,Mumbai,Referral,UPI,1,3397.95,10,339.8,3058.16,1560.3,1497.85,48.98,0,,2,1
ORD14791,CUST1145,2024-12-17,December,Q4,Electronics,Camera,Delhi,Paid Ads,Credit Card,1,36606.74,25,9151.68,27455.06,20953.03,6502.03,23.68,0,,5,4
ORD14792,CUST2056,2024-12-17,December,Q4,Toys,Action Figures,Bangalore,Paid Ads,UPI,1,1295.31,5,64.77,1230.54,754.65,475.89,38.67,0,,4,6
ORD14793,CUST2361,2024-12-17,December,Q4,Electronics,Tablet,Mumbai,Social Media,UPI,2,63184.77,15,18955.43,107414.11,78624.35,28789.76,26.8,1,Changed Mind,5,6
ORD14794,CUST1185,2024-12-17,December,Q4,Fashion,Mens Clothing,Delhi,Social Media,Credit Card,1,4968.41,10,496.84,4471.57,2282.31,2189.26,48.96,0,,4,9
ORD14795,CUST1629,2024-12-17,December,Q4,Fashion,Mens Clothing,Bangalore,Organic Search,UPI,2,2510.08,20,1004.03,4016.13,2994.08,1022.05,25.45,0,,3,7
ORD14796,CUST2440,2024-12-17,December,Q4,Fashion,Accessories,Hyderabad,Direct,COD,1,2219.09,15,332.86,1886.23,1000.31,885.92,46.97,1,Damaged Product,4,9
ORD14797,CUST3299,2024-12-17,December,Q4,Electronics,Camera,Kolkata,Paid Ads,UPI,3,16773.38,25,12580.04,37740.1,25980.02,11760.09,31.16,0,,2,10
ORD14798,CUST3719,2024-12-17,December,Q4,Sports,Fitness Equipment,Hyderabad,Organic Search,Credit Card,5,4719.32,0,0.0,23596.6,13566.18,10030.42,42.51,0,,5,11
ORD14799,CUST3501,2024-12-17,December,Q4,Electronics,Laptop,Bangalore,Paid Ads,COD,2,28556.53,15,8566.96,48546.1,38712.39,9833.71,20.26,0,,4,5
ORD14800,CUST2651,2024-12-17,December,Q4,Beauty,Fragrance,Ahmedabad,Email,Debit Card,3,2823.33,15,1270.5,7199.49,4079.55,3119.94,43.34,0,,4,5
ORD14801,CUST1908,2024-12-17,December,Q4,Electronics,Headphones,Pune,Referral,Net Banking,1,39195.74,15,5879.36,33316.38,19296.94,14019.44,42.08,0,,5,5
ORD14802,CUST3804,2024-12-18,December,Q4,Electronics,Headphones,Delhi,Email,Credit Card,4,19833.55,10,7933.42,71400.78,48973.99,22426.79,31.41,0,,5,5
ORD14803,CUST1750,2024-12-18,December,Q4,Books,Children,Mumbai,Referral,UPI,3,544.25,0,0.0,1632.75,887.75,745.0,45.63,0,,5,4
ORD14804,CUST1281,2024-12-18,December,Q4,Electronics,Headphones,Chennai,Organic Search,UPI,5,26357.21,0,0.0,131786.05,79843.28,51942.77,39.41,0,,3,6
ORD14805,CUST2918,2024-12-18,December,Q4,Sports,Sportswear,Hyderabad,Organic Search,Credit Card,2,6071.56,5,607.16,11535.96,8492.46,3043.51,26.38,0,,5,1
ORD14806,CUST2215,2024-12-18,December,Q4,Home & Kitchen,Cookware,Pune,Social Media,UPI,2,5383.81,20,2153.52,8614.1,7501.99,1112.1,12.91,0,,5,2
ORD14807,CUST1873,2024-12-18,December,Q4,Electronics,Tablet,Chennai,Paid Ads,UPI,1,6271.72,20,1254.34,5017.38,3376.87,1640.5,32.7,0,,4,9
ORD14808,CUST3983,2024-12-18,December,Q4,Toys,Dolls,Hyderabad,Direct,Credit Card,1,441.54,0,0.0,441.54,254.32,187.22,42.4,0,,3,6
ORD14809,CUST2474,2024-12-18,December,Q4,Fashion,Womens Clothing,Ahmedabad,Social Media,UPI,1,1969.42,25,492.36,1477.06,1331.67,145.4,9.84,0,,5,6
ORD14810,CUST2793,2024-12-18,December,Q4,Books,Non-Fiction,Bangalore,Referral,UPI,3,460.12,0,0.0,1380.36,652.97,727.39,52.7,0,,5,10
ORD14811,CUST2048,2024-12-18,December,Q4,Electronics,Tablet,Mumbai,Organic Search,Credit Card,1,15631.46,5,781.57,14849.89,8801.7,6048.19,40.73,0,,5,4
ORD14812,CUST3146,2024-12-18,December,Q4,Books,Fiction,Pune,Paid Ads,Net Banking,2,690.67,0,0.0,1381.34,751.99,629.35,45.56,0,,3,5
ORD14813,CUST1991,2024-12-18,December,Q4,Electronics,Headphones,Delhi,Social Media,COD,1,33127.18,20,6625.44,26501.74,17349.39,9152.35,34.53,0,,3,9
ORD14814,CUST2381,2024-12-18,December,Q4,Home & Kitchen,Cookware,Pune,Organic Search,Debit Card,1,1161.61,15,174.24,987.37,811.44,175.92,17.82,0,,4,2
ORD14815,CUST1620,2024-12-18,December,Q4,Sports,Sportswear,Ahmedabad,Social Media,UPI,3,4625.47,5,693.82,13182.59,8789.14,4393.45,33.33,0,,4,3
ORD14816,CUST2723,2024-12-19,December,Q4,Toys,Board Games,Chennai,Paid Ads,Debit Card,3,1174.49,15,528.52,2994.95,1928.0,1066.95,35.63,0,,4,10
ORD14817,CUST3170,2024-12-19,December,Q4,Books,Academic,Hyderabad,Paid Ads,UPI,2,265.7,0,0.0,531.4,349.27,182.13,34.27,0,,2,8
ORD14818,CUST1247,2024-12-19,December,Q4,Sports,Sportswear,Bangalore,Paid Ads,Net Banking,1,6324.28,5,316.21,6008.07,3620.12,2387.94,39.75,0,,3,9
ORD14819,CUST2661,2024-12-19,December,Q4,Books,Children,Delhi,Organic Search,Debit Card,1,644.35,5,32.22,612.13,430.56,181.57,29.66,0,,4,5
ORD14820,CUST2118,2024-12-19,December,Q4,Electronics,Laptop,Delhi,Social Media,COD,1,53271.57,0,0.0,53271.57,27519.82,25751.75,48.34,1,Damaged Product,3,3
ORD14821,CUST3235,2024-12-19,December,Q4,Fashion,Footwear,Hyderabad,Paid Ads,UPI,1,1958.06,20,391.61,1566.45,990.58,575.87,36.76,0,,4,1
ORD14822,CUST2783,2024-12-19,December,Q4,Fashion,Womens Clothing,Chennai,Organic Search,Debit Card,1,3904.21,15,585.63,3318.58,1998.26,1320.32,39.79,1,Size Issue,4,2
ORD14823,CUST1159,2024-12-19,December,Q4,Fashion,Womens Clothing,Chennai,Paid Ads,Net Banking,1,677.22,0,0.0,677.22,395.92,281.3,41.54,0,,4,4
ORD14824,CUST2758,2024-12-19,December,Q4,Fashion,Mens Clothing,Mumbai,Organic Search,UPI,1,2802.69,0,0.0,2802.69,1465.33,1337.36,47.72,0,,5,4
ORD14825,CUST2834,2024-12-19,December,Q4,Home & Kitchen,Cookware,Bangalore,Paid Ads,UPI,2,11063.43,0,0.0,22126.86,10770.91,11355.95,51.32,1,Size Issue,3,5
ORD14826,CUST1793,2024-12-19,December,Q4,Electronics,Mobile,Pune,Organic Search,UPI,1,58524.81,5,2926.24,55598.57,40888.77,14709.8,26.46,0,,5,9
ORD14827,CUST3409,2024-12-19,December,Q4,Beauty,Fragrance,Bangalore,Social Media,Debit Card,1,1590.69,10,159.07,1431.62,1073.89,357.73,24.99,0,,5,2
ORD14828,CUST3244,2024-12-19,December,Q4,Electronics,Tablet,Bangalore,Social Media,Debit Card,1,74521.16,0,0.0,74521.16,45364.99,29156.17,39.12,1,Changed Mind,4,2
ORD14829,CUST1897,2024-12-19,December,Q4,Fashion,Mens Clothing,Pune,Social Media,Net Banking,5,1129.6,15,847.2,4800.8,3800.46,1000.34,20.84,0,,5,5
ORD14830,CUST3939,2024-12-19,December,Q4,Home & Kitchen,Furniture,Chennai,Email,UPI,1,2252.0,5,112.6,2139.4,1540.07,599.33,28.01,0,,3,2
ORD14831,CUST2029,2024-12-19,December,Q4,Sports,Outdoor,Bangalore,Paid Ads,COD,1,2052.13,5,102.61,1949.52,1270.32,679.2,34.84,0,,4,10
ORD14832,CUST2227,2024-12-19,December,Q4,Beauty,Haircare,Kolkata,Social Media,Debit Card,1,2198.79,25,549.7,1649.09,1274.57,374.52,22.71,0,,2,5
ORD14833,CUST3219,2024-12-20,December,Q4,Beauty,Fragrance,Mumbai,Email,UPI,3,457.21,0,0.0,1371.63,919.68,451.95,32.95,0,,4,5
ORD14834,CUST3061,2024-12-20,December,Q4,Electronics,Headphones,Ahmedabad,Paid Ads,Net Banking,2,32023.77,5,3202.38,60845.16,37912.89,22932.27,37.69,0,,4,7
ORD14835,CUST1799,2024-12-20,December,Q4,Home & Kitchen,Decor,Mumbai,Email,Debit Card,2,5870.55,5,587.05,11154.04,5655.69,5498.36,49.29,0,,4,4
ORD14836,CUST3241,2024-12-20,December,Q4,Electronics,Camera,Mumbai,Paid Ads,Credit Card,1,11086.9,0,0.0,11086.9,6005.93,5080.97,45.83,0,,2,2
ORD14837,CUST2243,2024-12-20,December,Q4,Fashion,Accessories,Kolkata,Paid Ads,UPI,2,2046.08,0,0.0,4092.16,2297.67,1794.49,43.85,0,,1,8
ORD14838,CUST1724,2024-12-20,December,Q4,Fashion,Footwear,Delhi,Email,Debit Card,2,813.09,5,81.31,1544.87,1112.05,432.82,28.02,1,Wrong Item,4,1
ORD14839,CUST2302,2024-12-20,December,Q4,Electronics,Tablet,Chennai,Organic Search,Credit Card,2,35041.99,20,14016.8,56067.18,43087.38,12979.81,23.15,0,,3,10
ORD14840,CUST1933,2024-12-20,December,Q4,Fashion,Mens Clothing,Pune,Paid Ads,COD,3,779.68,15,350.86,1988.18,1564.4,423.79,21.32,0,,5,1
ORD14841,CUST2567,2024-12-20,December,Q4,Toys,Action Figures,Kolkata,Organic Search,Net Banking,1,1424.15,15,213.62,1210.53,910.6,299.93,24.78,0,,4,11
ORD14842,CUST3583,2024-12-20,December,Q4,Toys,Educational,Ahmedabad,Paid Ads,UPI,1,2432.27,10,243.23,2189.04,1282.94,906.11,41.39,0,,4,7
ORD14843,CUST2220,2024-12-21,December,Q4,Fashion,Womens Clothing,Delhi,Organic Search,UPI,3,3625.64,10,1087.69,9789.23,6848.95,2940.28,30.04,0,,1,4
ORD14844,CUST2662,2024-12-21,December,Q4,Electronics,Headphones,Chennai,Social Media,COD,2,46107.31,0,0.0,92214.62,45998.95,46215.67,50.12,1,Changed Mind,3,3
ORD14845,CUST1564,2024-12-21,December,Q4,Electronics,Laptop,Mumbai,Email,UPI,1,11710.53,0,0.0,11710.53,6464.64,5245.89,44.8,1,Changed Mind,4,1
ORD14846,CUST3212,2024-12-21,December,Q4,Fashion,Accessories,Bangalore,Email,Credit Card,1,1432.65,5,71.63,1361.02,933.4,427.61,31.42,0,,5,8
ORD14847,CUST1194,2024-12-21,December,Q4,Toys,Educational,Pune,Paid Ads,Credit Card,3,729.46,10,218.84,1969.54,1319.55,649.99,33.0,0,,4,8
ORD14848,CUST2355,2024-12-21,December,Q4,Electronics,Mobile,Delhi,Referral,Credit Card,1,62207.31,0,0.0,62207.31,40829.96,21377.35,34.36,0,,5,4
ORD14849,CUST2368,2024-12-21,December,Q4,Sports,Fitness Equipment,Hyderabad,Social Media,Credit Card,1,8752.32,0,0.0,8752.32,4495.86,4256.46,48.63,0,,5,2
ORD14850,CUST1217,2024-12-21,December,Q4,Electronics,Tablet,Bangalore,Paid Ads,Debit Card,1,22054.71,0,0.0,22054.71,14058.49,7996.22,36.26,0,,1,4
ORD14851,CUST2824,2024-12-21,December,Q4,Toys,Action Figures,Hyderabad,Direct,Debit Card,3,452.59,5,67.89,1289.88,679.67,610.21,47.31,0,,5,7
ORD14852,CUST2819,2024-12-21,December,Q4,Fashion,Mens Clothing,Ahmedabad,Email,Credit Card,3,3575.85,5,536.38,10191.17,6289.84,3901.33,38.28,0,,4,4
ORD14853,CUST2133,2024-12-21,December,Q4,Sports,Fitness Equipment,Mumbai,Email,Credit Card,1,730.14,0,0.0,730.14,407.7,322.44,44.16,0,,5,11
ORD14854,CUST3886,2024-12-21,December,Q4,Fashion,Accessories,Hyderabad,Organic Search,UPI,2,3393.06,0,0.0,6786.12,3997.83,2788.29,41.09,0,,4,11
ORD14855,CUST1205,2024-12-21,December,Q4,Home & Kitchen,Appliances,Kolkata,Paid Ads,Debit Card,1,10701.49,0,0.0,10701.49,5178.27,5523.22,51.61,0,,3,3
ORD14856,CUST2611,2024-12-21,December,Q4,Electronics,Headphones,Bangalore,Direct,UPI,1,40901.99,0,0.0,40901.99,22099.63,18802.36,45.97,0,,5,10
ORD14857,CUST2474,2024-12-21,December,Q4,Electronics,Tablet,Mumbai,Social Media,Credit Card,3,8163.19,5,1224.48,23265.09,15103.35,8161.74,35.08,0,,3,1
ORD14858,CUST2839,2024-12-21,December,Q4,Toys,Board Games,Hyderabad,Social Media,COD,1,2348.02,0,0.0,2348.02,1384.47,963.55,41.04,0,,5,9
ORD14859,CUST3539,2024-12-22,December,Q4,Books,Non-Fiction,Delhi,Social Media,Net Banking,1,767.48,15,115.12,652.36,450.7,201.66,30.91,0,,3,5
ORD14860,CUST2374,2024-12-22,December,Q4,Books,Academic,Mumbai,Direct,UPI,2,770.37,5,77.04,1463.7,890.1,573.61,39.19,0,,4,2
ORD14861,CUST2443,2024-12-22,December,Q4,Home & Kitchen,Furniture,Pune,Paid Ads,UPI,1,2754.96,5,137.75,2617.21,1889.82,727.39,27.79,0,,4,6
ORD14862,CUST1327,2024-12-22,December,Q4,Sports,Sportswear,Bangalore,Social Media,Net Banking,1,3534.86,0,0.0,3534.86,2416.58,1118.28,31.64,0,,5,2
ORD14863,CUST2491,2024-12-22,December,Q4,Electronics,Laptop,Ahmedabad,Organic Search,Credit Card,2,34064.39,0,0.0,68128.78,36792.01,31336.77,46.0,0,,3,6
ORD14864,CUST2626,2024-12-22,December,Q4,Fashion,Womens Clothing,Pune,Social Media,Net Banking,2,3354.49,0,0.0,6708.98,3609.26,3099.72,46.2,0,,4,9
ORD14865,CUST1653,2024-12-22,December,Q4,Fashion,Accessories,Chennai,Email,UPI,1,2281.14,30,684.34,1596.8,1342.96,253.83,15.9,0,,4,2
ORD14866,CUST1843,2024-12-22,December,Q4,Beauty,Haircare,Mumbai,Organic Search,UPI,1,1628.69,20,325.74,1302.95,771.84,531.11,40.76,0,,5,1
ORD14867,CUST3312,2024-12-22,December,Q4,Fashion,Mens Clothing,Bangalore,Social Media,Debit Card,2,1803.38,0,0.0,3606.76,1896.26,1710.5,47.42,0,,4,7
ORD14868,CUST1748,2024-12-22,December,Q4,Electronics,Tablet,Mumbai,Paid Ads,UPI,5,6763.49,10,3381.74,30435.7,17169.69,13266.01,43.59,0,,4,8
ORD14869,CUST3986,2024-12-22,December,Q4,Home & Kitchen,Furniture,Kolkata,Organic Search,UPI,1,10949.34,0,0.0,10949.34,5538.7,5410.64,49.42,0,,4,2
ORD14870,CUST1039,2024-12-22,December,Q4,Sports,Fitness Equipment,Mumbai,Paid Ads,UPI,5,4441.92,0,0.0,22209.6,13539.56,8670.04,39.04,0,,3,4
ORD14871,CUST3433,2024-12-22,December,Q4,Fashion,Womens Clothing,Delhi,Organic Search,UPI,2,805.83,15,241.75,1369.91,880.11,489.8,35.75,0,,5,8
ORD14872,CUST1139,2024-12-22,December,Q4,Electronics,Mobile,Bangalore,Paid Ads,Credit Card,3,20009.33,0,0.0,60027.99,29581.26,30446.73,50.72,1,Damaged Product,2,4
ORD14873,CUST3215,2024-12-22,December,Q4,Electronics,Laptop,Delhi,Paid Ads,Debit Card,1,7700.42,5,385.02,7315.4,5173.86,2141.54,29.27,0,,5,9
ORD14874,CUST2365,2024-12-22,December,Q4,Fashion,Womens Clothing,Delhi,Email,Debit Card,1,1532.78,10,153.28,1379.5,1024.72,354.78,25.72,0,,4,1
ORD14875,CUST2329,2024-12-22,December,Q4,Fashion,Footwear,Hyderabad,Email,Debit Card,1,2711.59,10,271.16,2440.43,1804.88,635.55,26.04,1,Wrong Item,3,10
ORD14876,CUST1438,2024-12-22,December,Q4,Beauty,Fragrance,Mumbai,Social Media,Credit Card,1,1178.27,30,353.48,824.79,645.32,179.47,21.76,0,,4,7
ORD14877,CUST1174,2024-12-22,December,Q4,Home & Kitchen,Appliances,Mumbai,Organic Search,Credit Card,5,1944.91,15,1458.68,8265.87,4514.58,3751.29,45.38,1,Changed Mind,5,3
ORD14878,CUST3020,2024-12-22,December,Q4,Beauty,Skincare,Delhi,Referral,Debit Card,1,2668.61,15,400.29,2268.32,1272.09,996.23,43.92,0,,4,11
ORD14879,CUST3576,2024-12-23,December,Q4,Fashion,Womens Clothing,Chennai,Social Media,UPI,2,2791.17,5,279.12,5303.22,2897.3,2405.92,45.37,0,,2,10
ORD14880,CUST3866,2024-12-23,December,Q4,Sports,Fitness Equipment,Hyderabad,Organic Search,Credit Card,1,8375.85,0,0.0,8375.85,4229.74,4146.11,49.5,0,,1,11
ORD14881,CUST2267,2024-12-23,December,Q4,Fashion,Footwear,Bangalore,Email,Net Banking,2,2287.32,15,686.2,3888.44,3058.13,830.31,21.35,1,Late Delivery,5,11
ORD14882,CUST3992,2024-12-23,December,Q4,Home & Kitchen,Cookware,Hyderabad,Organic Search,UPI,1,2962.03,30,888.61,2073.42,2063.32,10.1,0.49,0,,4,3
ORD14883,CUST1112,2024-12-23,December,Q4,Sports,Outdoor,Delhi,Social Media,UPI,1,569.82,5,28.49,541.33,372.76,168.57,31.14,0,,5,11
ORD14884,CUST3728,2024-12-23,December,Q4,Electronics,Mobile,Ahmedabad,Paid Ads,Credit Card,1,52075.98,30,15622.79,36453.19,32936.09,3517.1,9.65,0,,4,7
ORD14885,CUST3457,2024-12-23,December,Q4,Electronics,Headphones,Mumbai,Paid Ads,UPI,2,51709.39,0,0.0,103418.78,61757.15,41661.63,40.28,0,,4,6
ORD14886,CUST1416,2024-12-23,December,Q4,Books,Fiction,Chennai,Direct,UPI,1,322.67,0,0.0,322.67,207.31,115.36,35.75,0,,4,3
ORD14887,CUST1956,2024-12-23,December,Q4,Fashion,Footwear,Kolkata,Paid Ads,Net Banking,1,2184.35,0,0.0,2184.35,1500.12,684.23,31.32,0,,4,2
ORD14888,CUST1408,2024-12-24,December,Q4,Beauty,Skincare,Pune,Organic Search,UPI,1,1287.58,10,128.76,1158.82,772.98,385.84,33.3,0,,5,11
ORD14889,CUST1341,2024-12-24,December,Q4,Electronics,Camera,Mumbai,Referral,UPI,4,67611.68,15,40567.01,229879.71,132154.69,97725.03,42.51,1,Changed Mind,4,11
ORD14890,CUST1410,2024-12-24,December,Q4,Beauty,Haircare,Delhi,Referral,COD,2,2311.68,5,231.17,4392.19,2269.91,2122.29,48.32,1,Size Issue,2,6
ORD14891,CUST2895,2024-12-24,December,Q4,Fashion,Accessories,Chennai,Social Media,Credit Card,2,1653.25,25,826.62,2479.88,1970.56,509.31,20.54,0,,4,10
ORD14892,CUST3078,2024-12-24,December,Q4,Electronics,Tablet,Mumbai,Paid Ads,Credit Card,2,19682.93,10,3936.59,35429.27,20996.46,14432.82,40.74,1,Late Delivery,4,7
ORD14893,CUST2588,2024-12-24,December,Q4,Home & Kitchen,Cookware,Pune,Organic Search,UPI,1,13550.58,10,1355.06,12195.52,9181.36,3014.17,24.72,0,,5,9
ORD14894,CUST1388,2024-12-24,December,Q4,Fashion,Mens Clothing,Chennai,Email,Credit Card,2,2266.85,15,680.06,3853.64,2733.42,1120.23,29.07,0,,5,9
ORD14895,CUST3461,2024-12-24,December,Q4,Fashion,Mens Clothing,Chennai,Organic Search,Credit Card,1,3427.08,0,0.0,3427.08,2121.78,1305.3,38.09,0,,4,9
ORD14896,CUST3812,2024-12-24,December,Q4,Electronics,Headphones,Mumbai,Organic Search,UPI,1,38873.73,15,5831.06,33042.67,17549.75,15492.92,46.89,0,,4,11
ORD14897,CUST1078,2024-12-24,December,Q4,Electronics,Mobile,Chennai,Social Media,Debit Card,2,38415.76,0,0.0,76831.52,44156.01,32675.51,42.53,0,,4,10
ORD14898,CUST1582,2024-12-24,December,Q4,Fashion,Mens Clothing,Chennai,Organic Search,UPI,2,4854.81,0,0.0,9709.62,5415.94,4293.68,44.22,0,,5,1
ORD14899,CUST2345,2024-12-24,December,Q4,Electronics,Mobile,Pune,Organic Search,COD,1,55388.48,10,5538.85,49849.63,34699.11,15150.52,30.39,0,,5,4
ORD14900,CUST2208,2024-12-24,December,Q4,Books,Non-Fiction,Mumbai,Paid Ads,Debit Card,1,650.51,25,162.63,487.88,354.96,132.93,27.25,0,,5,4
ORD14901,CUST3884,2024-12-24,December,Q4,Electronics,Camera,Mumbai,Organic Search,Credit Card,2,20344.25,10,4068.85,36619.65,28243.67,8375.98,22.87,0,,3,10
ORD14902,CUST2823,2024-12-25,December,Q4,Home & Kitchen,Cookware,Delhi,Organic Search,Credit Card,2,2400.25,10,480.05,4320.45,2964.55,1355.9,31.38,0,,4,8
ORD14903,CUST3793,2024-12-25,December,Q4,Electronics,Tablet,Mumbai,Organic Search,Credit Card,1,34058.9,15,5108.84,28950.06,20945.53,8004.54,27.65,0,,3,3
ORD14904,CUST2593,2024-12-25,December,Q4,Fashion,Footwear,Hyderabad,Organic Search,Credit Card,1,980.28,0,0.0,980.28,666.43,313.85,32.02,0,,4,1
ORD14905,CUST1221,2024-12-25,December,Q4,Books,Children,Kolkata,Email,Credit Card,3,756.5,20,453.9,1815.6,1585.93,229.67,12.65,0,,1,3
ORD14906,CUST3812,2024-12-25,December,Q4,Electronics,Tablet,Bangalore,Email,Debit Card,2,20418.74,5,2041.87,38795.61,20396.49,18399.12,47.43,0,,3,6
ORD14907,CUST3878,2024-12-25,December,Q4,Toys,Educational,Pune,Paid Ads,Debit Card,5,2351.35,0,0.0,11756.75,7672.85,4083.9,34.74,0,,4,7
ORD14908,CUST1725,2024-12-25,December,Q4,Fashion,Accessories,Mumbai,Social Media,UPI,1,3810.66,5,190.53,3620.13,1869.43,1750.69,48.36,0,,4,9
ORD14909,CUST1688,2024-12-25,December,Q4,Beauty,Makeup,Mumbai,Organic Search,COD,1,1036.11,0,0.0,1036.11,584.64,451.47,43.57,0,,3,5
ORD14910,CUST3596,2024-12-25,December,Q4,Home & Kitchen,Decor,Mumbai,Organic Search,UPI,1,10594.45,0,0.0,10594.45,5032.85,5561.6,52.5,1,Not as Described,3,5
ORD14911,CUST1097,2024-12-25,December,Q4,Books,Academic,Delhi,Organic Search,UPI,2,289.32,0,0.0,578.64,350.56,228.08,39.42,0,,5,3
ORD14912,CUST2663,2024-12-25,December,Q4,Home & Kitchen,Decor,Kolkata,Social Media,Credit Card,1,9224.27,0,0.0,9224.27,5231.36,3992.91,43.29,0,,3,3
ORD14913,CUST3937,2024-12-25,December,Q4,Home & Kitchen,Furniture,Mumbai,Email,UPI,1,5107.86,15,766.18,4341.68,3101.36,1240.32,28.57,0,,5,9
ORD14914,CUST3543,2024-12-25,December,Q4,Electronics,Headphones,Hyderabad,Social Media,Debit Card,1,39783.48,10,3978.35,35805.13,24645.48,11159.66,31.17,1,Damaged Product,4,3
ORD14915,CUST2519,2024-12-25,December,Q4,Electronics,Tablet,Bangalore,Paid Ads,Credit Card,2,53587.26,10,10717.45,96457.07,64825.37,31631.7,32.79,1,Wrong Item,5,3
ORD14916,CUST1957,2024-12-25,December,Q4,Books,Children,Ahmedabad,Organic Search,COD,1,299.38,5,14.97,284.41,156.73,127.68,44.89,1,Changed Mind,3,9
ORD14917,CUST2290,2024-12-25,December,Q4,Fashion,Mens Clothing,Mumbai,Email,Debit Card,2,4505.93,15,1351.78,7660.08,5940.98,1719.1,22.44,0,,3,4
ORD14918,CUST2097,2024-12-25,December,Q4,Fashion,Footwear,Delhi,Paid Ads,Credit Card,3,4296.03,0,0.0,12888.09,7577.19,5310.9,41.21,0,,4,6
ORD14919,CUST3861,2024-12-26,December,Q4,Sports,Outdoor,Mumbai,Email,COD,2,2559.66,10,511.93,4607.39,2930.62,1676.77,36.39,0,,5,1
ORD14920,CUST1340,2024-12-26,December,Q4,Fashion,Mens Clothing,Bangalore,Social Media,COD,1,607.16,0,0.0,607.16,423.05,184.11,30.32,0,,3,11
ORD14921,CUST3795,2024-12-26,December,Q4,Toys,Action Figures,Delhi,Email,Debit Card,5,333.37,10,166.68,1500.16,868.22,631.94,42.12,0,,2,2
ORD14922,CUST1725,2024-12-26,December,Q4,Beauty,Fragrance,Kolkata,Direct,Debit Card,1,2522.84,5,126.14,2396.7,1468.31,928.39,38.74,0,,5,11
ORD14923,CUST1002,2024-12-26,December,Q4,Home & Kitchen,Appliances,Hyderabad,Referral,UPI,1,13017.08,15,1952.56,11064.52,8078.15,2986.36,26.99,0,,2,3
ORD14924,CUST1338,2024-12-26,December,Q4,Books,Non-Fiction,Hyderabad,Social Media,UPI,5,284.13,20,284.13,1136.52,683.77,452.75,39.84,1,Changed Mind,3,2
ORD14925,CUST3731,2024-12-26,December,Q4,Electronics,Mobile,Bangalore,Social Media,Credit Card,1,76009.63,15,11401.44,64608.19,40935.74,23672.44,36.64,0,,5,11
ORD14926,CUST1553,2024-12-26,December,Q4,Fashion,Mens Clothing,Mumbai,Organic Search,UPI,1,2248.57,0,0.0,2248.57,1462.52,786.05,34.96,1,Late Delivery,5,10
ORD14927,CUST1746,2024-12-26,December,Q4,Home & Kitchen,Decor,Bangalore,Referral,Net Banking,1,5448.49,0,0.0,5448.49,2774.31,2674.18,49.08,0,,4,3
ORD14928,CUST2792,2024-12-26,December,Q4,Fashion,Womens Clothing,Ahmedabad,Paid Ads,Debit Card,1,4929.03,25,1232.26,3696.77,2825.92,870.85,23.56,0,,5,5
ORD14929,CUST2285,2024-12-26,December,Q4,Beauty,Makeup,Pune,Organic Search,COD,2,1885.08,5,188.51,3581.65,2290.97,1290.69,36.04,0,,4,1
ORD14930,CUST3317,2024-12-26,December,Q4,Books,Children,Kolkata,Paid Ads,Net Banking,1,257.42,25,64.36,193.06,159.03,34.03,17.63,0,,2,1
ORD14931,CUST2463,2024-12-26,December,Q4,Fashion,Accessories,Pune,Organic Search,Debit Card,2,2712.57,5,271.26,5153.88,3429.11,1724.77,33.47,1,Not as Described,5,11
ORD14932,CUST1243,2024-12-26,December,Q4,Fashion,Accessories,Mumbai,Social Media,UPI,2,3023.73,25,1511.86,4535.6,4030.6,505.0,11.13,0,,4,7
ORD14933,CUST1043,2024-12-26,December,Q4,Toys,Board Games,Delhi,Social Media,Credit Card,1,1070.42,25,267.6,802.82,586.82,215.99,26.9,0,,4,9
ORD14934,CUST1646,2024-12-26,December,Q4,Fashion,Mens Clothing,Mumbai,Paid Ads,UPI,1,4940.52,15,741.08,4199.44,3096.02,1103.43,26.28,1,Not as Described,5,9
ORD14935,CUST2710,2024-12-26,December,Q4,Home & Kitchen,Decor,Delhi,Organic Search,UPI,1,12974.5,0,0.0,12974.5,8213.42,4761.08,36.7,0,,3,7
ORD14936,CUST3865,2024-12-26,December,Q4,Fashion,Mens Clothing,Mumbai,Referral,Credit Card,3,1618.33,5,242.75,4612.24,2549.2,2063.04,44.73,0,,4,11
ORD14937,CUST1207,2024-12-26,December,Q4,Books,Academic,Bangalore,Email,UPI,2,550.64,25,275.32,825.96,762.13,63.83,7.73,0,,4,11
ORD14938,CUST1323,2024-12-26,December,Q4,Home & Kitchen,Cookware,Chennai,Direct,COD,3,13358.66,20,8015.2,32060.78,26702.82,5357.97,16.71,1,Size Issue,3,2
ORD14939,CUST2308,2024-12-26,December,Q4,Sports,Sportswear,Kolkata,Paid Ads,Debit Card,1,8600.47,0,0.0,8600.47,4493.45,4107.02,47.75,0,,4,11
ORD14940,CUST1454,2024-12-26,December,Q4,Sports,Outdoor,Chennai,Email,Credit Card,1,6383.13,5,319.16,6063.97,3949.67,2114.3,34.87,0,,4,7
ORD14941,CUST2381,2024-12-26,December,Q4,Fashion,Accessories,Ahmedabad,Paid Ads,Credit Card,1,4357.25,20,871.45,3485.8,2742.67,743.13,21.32,0,,5,9
ORD14942,CUST1878,2024-12-27,December,Q4,Fashion,Womens Clothing,Mumbai,Organic Search,UPI,1,4760.54,10,476.05,4284.49,2655.77,1628.72,38.01,0,,5,7
ORD14943,CUST3946,2024-12-27,December,Q4,Sports,Sportswear,Mumbai,Organic Search,Net Banking,1,9336.51,20,1867.3,7469.21,6217.52,1251.69,16.76,0,,4,2
ORD14944,CUST1749,2024-12-27,December,Q4,Fashion,Accessories,Chennai,Paid Ads,COD,5,1865.51,20,1865.51,7462.04,5806.93,1655.11,22.18,0,,4,7
ORD14945,CUST2421,2024-12-27,December,Q4,Sports,Outdoor,Delhi,Organic Search,Debit Card,1,4123.5,25,1030.88,3092.62,2534.05,558.57,18.06,0,,4,4
ORD14946,CUST3681,2024-12-27,December,Q4,Toys,Action Figures,Delhi,Referral,UPI,4,1833.9,0,0.0,7335.6,3706.02,3629.58,49.48,0,,4,8
ORD14947,CUST3811,2024-12-27,December,Q4,Home & Kitchen,Decor,Delhi,Organic Search,Debit Card,1,3064.72,0,0.0,3064.72,1691.6,1373.12,44.8,0,,3,3
ORD14948,CUST3811,2024-12-27,December,Q4,Beauty,Fragrance,Delhi,Paid Ads,Credit Card,4,349.91,0,0.0,1399.64,781.67,617.97,44.15,0,,4,5
ORD14949,CUST3409,2024-12-27,December,Q4,Sports,Outdoor,Bangalore,Paid Ads,UPI,1,2545.43,25,636.36,1909.07,1612.31,296.76,15.54,0,,4,3
ORD14950,CUST2063,2024-12-28,December,Q4,Sports,Sportswear,Bangalore,Paid Ads,UPI,3,2312.46,10,693.74,6243.64,4194.33,2049.31,32.82,0,,4,7
ORD14951,CUST2802,2024-12-28,December,Q4,Fashion,Mens Clothing,Bangalore,Social Media,UPI,1,2404.25,0,0.0,2404.25,1133.52,1270.73,52.85,0,,5,3
ORD14952,CUST3595,2024-12-28,December,Q4,Electronics,Tablet,Chennai,Organic Search,Net Banking,4,70733.35,5,14146.67,268786.73,149084.54,119702.19,44.53,0,,3,10
ORD14953,CUST3529,2024-12-28,December,Q4,Fashion,Footwear,Bangalore,Email,UPI,1,842.45,5,42.12,800.33,478.73,321.6,40.18,0,,4,5
ORD14954,CUST2391,2024-12-28,December,Q4,Beauty,Haircare,Delhi,Paid Ads,UPI,1,1368.96,20,273.79,1095.17,868.17,227.0,20.73,0,,4,1
ORD14955,CUST1131,2024-12-28,December,Q4,Home & Kitchen,Furniture,Mumbai,Social Media,Credit Card,1,1118.0,15,167.7,950.3,710.93,239.37,25.19,0,,4,4
ORD14956,CUST2794,2024-12-28,December,Q4,Beauty,Skincare,Delhi,Email,Net Banking,1,2357.24,15,353.59,2003.65,1349.84,653.81,32.63,0,,1,6
ORD14957,CUST2157,2024-12-28,December,Q4,Fashion,Womens Clothing,Chennai,Direct,UPI,2,4543.35,0,0.0,9086.7,4354.65,4732.05,52.08,0,,4,2
ORD14958,CUST1179,2024-12-28,December,Q4,Beauty,Fragrance,Chennai,Direct,COD,5,1045.74,25,1307.18,3921.52,2735.79,1185.73,30.24,0,,3,6
ORD14959,CUST3016,2024-12-28,December,Q4,Electronics,Mobile,Chennai,Social Media,Debit Card,2,24704.42,0,0.0,49408.84,25379.99,24028.85,48.63,0,,5,10
ORD14960,CUST1409,2024-12-28,December,Q4,Beauty,Makeup,Delhi,Paid Ads,UPI,2,2804.35,10,560.87,5047.83,3619.05,1428.78,28.3,0,,5,7
ORD14961,CUST2814,2024-12-28,December,Q4,Home & Kitchen,Appliances,Hyderabad,Social Media,UPI,1,13400.54,0,0.0,13400.54,6633.22,6767.32,50.5,0,,3,8
ORD14962,CUST3884,2024-12-28,December,Q4,Fashion,Womens Clothing,Hyderabad,Email,Credit Card,2,4102.51,0,0.0,8205.02,4645.93,3559.09,43.38,0,,2,3
ORD14963,CUST1783,2024-12-28,December,Q4,Fashion,Accessories,Bangalore,Direct,UPI,1,1421.0,0,0.0,1421.0,877.72,543.28,38.23,1,Changed Mind,3,10
ORD14964,CUST1528,2024-12-29,December,Q4,Beauty,Skincare,Hyderabad,Organic Search,COD,3,2774.34,10,832.3,7490.72,5752.84,1737.88,23.2,0,,3,11
ORD14965,CUST2899,2024-12-29,December,Q4,Home & Kitchen,Appliances,Bangalore,Paid Ads,Credit Card,1,11368.5,10,1136.85,10231.65,7955.79,2275.86,22.24,0,,3,3
ORD14966,CUST3436,2024-12-29,December,Q4,Fashion,Womens Clothing,Hyderabad,Email,Credit Card,2,3568.23,0,0.0,7136.46,4911.53,2224.93,31.18,0,,3,5
ORD14967,CUST3255,2024-12-29,December,Q4,Toys,Board Games,Chennai,Paid Ads,UPI,1,381.99,0,0.0,381.99,240.49,141.5,37.04,0,,4,3
ORD14968,CUST1202,2024-12-29,December,Q4,Beauty,Haircare,Mumbai,Paid Ads,Debit Card,1,2806.92,20,561.38,2245.54,1786.91,458.62,20.42,0,,4,9
ORD14969,CUST2449,2024-12-29,December,Q4,Toys,Board Games,Chennai,Paid Ads,UPI,1,1586.56,0,0.0,1586.56,1015.09,571.47,36.02,0,,4,7
ORD14970,CUST3901,2024-12-29,December,Q4,Fashion,Mens Clothing,Mumbai,Social Media,UPI,1,564.55,0,0.0,564.55,375.79,188.76,33.43,0,,4,5
ORD14971,CUST3416,2024-12-29,December,Q4,Home & Kitchen,Cookware,Mumbai,Referral,Debit Card,1,2022.55,5,101.13,1921.42,1391.41,530.02,27.58,0,,5,5
ORD14972,CUST3760,2024-12-29,December,Q4,Books,Children,Ahmedabad,Paid Ads,COD,1,302.62,20,60.52,242.1,169.9,72.2,29.82,1,Late Delivery,5,1
ORD14973,CUST2499,2024-12-29,December,Q4,Home & Kitchen,Cookware,Ahmedabad,Organic Search,UPI,3,13151.04,0,0.0,39453.12,21862.07,17591.05,44.59,0,,4,9
ORD14974,CUST3637,2024-12-30,December,Q4,Beauty,Haircare,Mumbai,Organic Search,COD,1,1823.38,30,547.01,1276.37,1030.42,245.94,19.27,0,,1,2
ORD14975,CUST1114,2024-12-30,December,Q4,Fashion,Footwear,Bangalore,Organic Search,UPI,3,3008.5,5,451.28,8574.22,5550.27,3023.96,35.27,0,,3,7
ORD14976,CUST1944,2024-12-30,December,Q4,Fashion,Accessories,Mumbai,Social Media,COD,1,1715.3,5,85.76,1629.54,1104.42,525.12,32.23,1,Late Delivery,2,7
ORD14977,CUST3729,2024-12-30,December,Q4,Electronics,Headphones,Bangalore,Social Media,Credit Card,1,57715.75,0,0.0,57715.75,38533.12,19182.63,33.24,0,,4,2
ORD14978,CUST1269,2024-12-30,December,Q4,Fashion,Womens Clothing,Pune,Organic Search,Credit Card,2,2658.76,15,797.63,4519.89,2999.36,1520.53,33.64,0,,4,8
ORD14979,CUST1197,2024-12-30,December,Q4,Electronics,Headphones,Ahmedabad,Social Media,Credit Card,1,59857.55,0,0.0,59857.55,32373.55,27484.0,45.92,0,,4,8
ORD14980,CUST1039,2024-12-30,December,Q4,Electronics,Tablet,Hyderabad,Email,Debit Card,1,16497.11,10,1649.71,14847.4,11479.32,3368.08,22.68,1,Changed Mind,3,9
ORD14981,CUST2608,2024-12-30,December,Q4,Toys,Action Figures,Delhi,Organic Search,COD,2,475.93,0,0.0,951.86,483.52,468.34,49.2,0,,5,2
ORD14982,CUST2179,2024-12-30,December,Q4,Fashion,Womens Clothing,Hyderabad,Paid Ads,UPI,1,3551.09,5,177.55,3373.54,1795.08,1578.46,46.79,1,Changed Mind,3,1
ORD14983,CUST3775,2024-12-30,December,Q4,Beauty,Fragrance,Delhi,Referral,COD,2,283.71,20,113.48,453.94,356.82,97.11,21.39,0,,3,9
ORD14984,CUST3547,2024-12-30,December,Q4,Sports,Fitness Equipment,Kolkata,Paid Ads,Debit Card,1,5225.52,15,783.83,4441.69,2586.18,1855.51,41.77,1,Late Delivery,4,3
ORD14985,CUST1885,2024-12-30,December,Q4,Home & Kitchen,Decor,Kolkata,Email,Debit Card,1,12592.41,0,0.0,12592.41,6923.96,5668.45,45.01,1,Damaged Product,3,10
ORD14986,CUST2245,2024-12-30,December,Q4,Electronics,Laptop,Hyderabad,Paid Ads,COD,3,35931.82,10,10779.55,97015.91,56387.45,40628.46,41.88,0,,4,2
ORD14987,CUST3954,2024-12-30,December,Q4,Beauty,Skincare,Delhi,Email,Debit Card,2,2924.14,10,584.83,5263.45,2878.39,2385.06,45.31,1,Not as Described,5,10
ORD14988,CUST1049,2024-12-30,December,Q4,Home & Kitchen,Decor,Delhi,Email,UPI,1,8990.0,0,0.0,8990.0,5348.39,3641.61,40.51,0,,5,2
ORD14989,CUST1832,2024-12-31,December,Q4,Beauty,Fragrance,Mumbai,Social Media,Credit Card,3,323.29,10,96.99,872.88,527.01,345.88,39.62,0,,3,2
ORD14990,CUST3826,2024-12-31,December,Q4,Sports,Sportswear,Pune,Direct,Net Banking,4,1098.6,0,0.0,4394.4,2485.29,1909.11,43.44,0,,4,8
ORD14991,CUST3371,2024-12-31,December,Q4,Toys,Dolls,Bangalore,Referral,UPI,1,2377.74,10,237.77,2139.97,1186.41,953.56,44.56,0,,4,3
ORD14992,CUST1485,2024-12-31,December,Q4,Home & Kitchen,Appliances,Delhi,Social Media,UPI,1,4787.69,15,718.15,4069.54,3073.54,996.0,24.47,0,,5,1
ORD14993,CUST1012,2024-12-31,December,Q4,Fashion,Womens Clothing,Bangalore,Organic Search,Credit Card,3,1767.06,0,0.0,5301.18,2802.62,2498.56,47.13,0,,5,8
ORD14994,CUST2136,2024-12-31,December,Q4,Beauty,Haircare,Pune,Paid Ads,UPI,1,1541.68,0,0.0,1541.68,825.85,715.83,46.43,0,,2,2
ORD14995,CUST2426,2024-12-31,December,Q4,Electronics,Headphones,Mumbai,Email,COD,1,65145.58,0,0.0,65145.58,33422.19,31723.39,48.7,0,,5,6
ORD14996,CUST1516,2024-12-31,December,Q4,Books,Fiction,Kolkata,Social Media,COD,1,165.87,25,41.47,124.4,92.66,31.75,25.52,0,,3,8
ORD14997,CUST1128,2024-12-31,December,Q4,Electronics,Headphones,Kolkata,Organic Search,Credit Card,2,25397.18,15,7619.15,43175.21,28744.23,14430.97,33.42,0,,4,10
ORD14998,CUST1878,2024-12-31,December,Q4,Fashion,Mens Clothing,Ahmedabad,Organic Search,Debit Card,4,4423.96,0,0.0,17695.84,10306.35,7389.49,41.76,0,,4,9
ORD14999,CUST2754,2024-12-31,December,Q4,Sports,Fitness Equipment,Bangalore,Social Media,Debit Card,2,2730.78,5,273.08,5188.48,3778.81,1409.67,27.17,0,,3,1
ORD15000,CUST1186,2024-12-31,December,Q4,Home & Kitchen,Cookware,Delhi,Organic Search,Credit Card,4,7161.45,0,0.0,28645.8,19369.52,9276.28,32.38,0,,5,9
